jahr,region,bundesland_code,icd_code,icd_bezeichnung,sterbefaelle,sterbefaelle_je_100k,sterbefaelle_je_100k_altersstand
2021,Deutschland,DE,,Alle Krankheiten und Folgen äußerer Ursachen,1023687,1230.5,1240.7
2021,Deutschland,DE,A00-B99,A00-B99 Bestimmte infektiöse und parasitäre Krankheiten,14870,17.9,18.0
2021,Deutschland,DE,C00-D48,C00-D48 Neubildungen,237160,285.1,287.1
2021,Deutschland,DE,D50-D90,D50-D90 Krankheiten des Blutes und der blutbildenden Organe sowie bestimmte Störungen mit Beteiligung des Immunsystems,4710,5.7,5.7
2021,Deutschland,DE,E00-E90,"E00-E90 Endokrine, Ernährungs- und Stoffwechselkrankheiten",37866,45.5,46.0
2021,Deutschland,DE,F00-F99,F00-F99 Psychische und Verhaltensstörungen,59990,72.1,72.8
2021,Deutschland,DE,G00-H95,G00-H95 Krankheiten des Nervensystems und der Sinnesorgane,35778,43.0,43.3
2021,Deutschland,DE,I00-I99,I00-I99 Krankheiten des Kreislaufsystems,340619,409.4,413.3
2021,Deutschland,DE,J00-J99,J00-J99 Krankheiten des Atmungssystems,57316,68.9,69.4
2021,Deutschland,DE,K00-K93,K00-K93 Krankheiten des Verdauungssystems,43717,52.5,53.0
2021,Deutschland,DE,L00-L99,L00-L99 Krankheiten der Haut und der Unterhaut,1757,2.1,2.1
2021,Deutschland,DE,M00-M99,M00-M99 Krankheiten des Muskel-Skelett-Systems und des Bindegewebes,6025,7.2,7.3
2021,Deutschland,DE,N00-N99,N00-N99 Krankheiten des Urogenitalsystems,26272,31.6,31.9
2021,Deutschland,DE,O00-O99,"O00-O99 Schwangerschaft, Geburt und Wochenbett",,,
2021,Deutschland,DE,P00-P96,"P00-P96 Bestimmte Zustände, die ihren Ursprung in der Perinatalperiode haben",1342,1.6,1.6
2021,Deutschland,DE,Q00-Q99,"Q00-Q99 Angeborene Fehlbildungen, Deformitäten und Chromosomenanomalien",2127,2.6,2.5
2021,Deutschland,DE,R00-R99,"R00-R99 Symptome und abnorme klinische und Laborbefunde, die andernorts nicht klassifiziert sind",38729,46.6,46.9
2021,Deutschland,DE,S00-T98,"S00-T98 Verletzungen, Vergiftungen und bestimmte andere Folgen äußerer Ursachen",43200,51.9,52.3
2021,Deutschland,DE,U00-U99,U00-U99 Schlüsselnummern für besondere Zwecke,72181,86.8,87.5
2021,Baden-Württemberg,DE-BW,,Alle Krankheiten und Folgen äußerer Ursachen,119018,1070.9,1132.7
2021,Baden-Württemberg,DE-BW,A00-B99,A00-B99 Bestimmte infektiöse und parasitäre Krankheiten,1826,16.4,17.4
2021,Baden-Württemberg,DE-BW,C00-D48,C00-D48 Neubildungen,27086,243.7,258.3
2021,Baden-Württemberg,DE-BW,D50-D90,D50-D90 Krankheiten des Blutes und der blutbildenden Organe sowie bestimmte Störungen mit Beteiligung des Immunsystems,617,5.6,5.9
2021,Baden-Württemberg,DE-BW,E00-E90,"E00-E90 Endokrine, Ernährungs- und Stoffwechselkrankheiten",5021,45.2,47.8
2021,Baden-Württemberg,DE-BW,F00-F99,F00-F99 Psychische und Verhaltensstörungen,7338,66.0,69.8
2021,Baden-Württemberg,DE-BW,G00-H95,G00-H95 Krankheiten des Nervensystems und der Sinnesorgane,4370,39.3,41.6
2021,Baden-Württemberg,DE-BW,I00-I99,I00-I99 Krankheiten des Kreislaufsystems,40440,363.9,385.3
2021,Baden-Württemberg,DE-BW,J00-J99,J00-J99 Krankheiten des Atmungssystems,6114,55.0,58.4
2021,Baden-Württemberg,DE-BW,K00-K93,K00-K93 Krankheiten des Verdauungssystems,5493,49.4,52.2
2021,Baden-Württemberg,DE-BW,L00-L99,L00-L99 Krankheiten der Haut und der Unterhaut,232,2.1,2.2
2021,Baden-Württemberg,DE-BW,M00-M99,M00-M99 Krankheiten des Muskel-Skelett-Systems und des Bindegewebes,882,7.9,8.4
2021,Baden-Württemberg,DE-BW,N00-N99,N00-N99 Krankheiten des Urogenitalsystems,2992,26.9,28.5
2021,Baden-Württemberg,DE-BW,O00-O99,"O00-O99 Schwangerschaft, Geburt und Wochenbett",,,
2021,Baden-Württemberg,DE-BW,P00-P96,"P00-P96 Bestimmte Zustände, die ihren Ursprung in der Perinatalperiode haben",217,2.0,1.8
2021,Baden-Württemberg,DE-BW,Q00-Q99,"Q00-Q99 Angeborene Fehlbildungen, Deformitäten und Chromosomenanomalien",332,3.0,3.0
2021,Baden-Württemberg,DE-BW,R00-R99,"R00-R99 Symptome und abnorme klinische und Laborbefunde, die andernorts nicht klassifiziert sind",1829,16.5,17.2
2021,Baden-Württemberg,DE-BW,S00-T98,"S00-T98 Verletzungen, Vergiftungen und bestimmte andere Folgen äußerer Ursachen",6022,54.2,56.6
2021,Baden-Württemberg,DE-BW,U00-U99,U00-U99 Schlüsselnummern für besondere Zwecke,8205,73.8,78.2
2021,Bayern,DE-BY,,Alle Krankheiten und Folgen äußerer Ursachen,147984,1124.6,1206.6
2021,Bayern,DE-BY,A00-B99,A00-B99 Bestimmte infektiöse und parasitäre Krankheiten,2427,18.4,19.8
2021,Bayern,DE-BY,C00-D48,C00-D48 Neubildungen,33098,251.5,267.0
2021,Bayern,DE-BY,D50-D90,D50-D90 Krankheiten des Blutes und der blutbildenden Organe sowie bestimmte Störungen mit Beteiligung des Immunsystems,800,6.1,6.6
2021,Bayern,DE-BY,E00-E90,"E00-E90 Endokrine, Ernährungs- und Stoffwechselkrankheiten",5192,39.5,42.5
2021,Bayern,DE-BY,F00-F99,F00-F99 Psychische und Verhaltensstörungen,8951,68.0,73.9
2021,Bayern,DE-BY,G00-H95,G00-H95 Krankheiten des Nervensystems und der Sinnesorgane,5395,41.0,43.8
2021,Bayern,DE-BY,I00-I99,I00-I99 Krankheiten des Kreislaufsystems,50440,383.3,414.9
2021,Bayern,DE-BY,J00-J99,J00-J99 Krankheiten des Atmungssystems,7666,58.3,62.5
2021,Bayern,DE-BY,K00-K93,K00-K93 Krankheiten des Verdauungssystems,6599,50.1,53.3
2021,Bayern,DE-BY,L00-L99,L00-L99 Krankheiten der Haut und der Unterhaut,317,2.4,2.6
2021,Bayern,DE-BY,M00-M99,M00-M99 Krankheiten des Muskel-Skelett-Systems und des Bindegewebes,1111,8.4,9.1
2021,Bayern,DE-BY,N00-N99,N00-N99 Krankheiten des Urogenitalsystems,3678,28.0,30.3
2021,Bayern,DE-BY,O00-O99,"O00-O99 Schwangerschaft, Geburt und Wochenbett",,,
2021,Bayern,DE-BY,P00-P96,"P00-P96 Bestimmte Zustände, die ihren Ursprung in der Perinatalperiode haben",198,1.5,1.4
2021,Bayern,DE-BY,Q00-Q99,"Q00-Q99 Angeborene Fehlbildungen, Deformitäten und Chromosomenanomalien",346,2.6,2.6
2021,Bayern,DE-BY,R00-R99,"R00-R99 Symptome und abnorme klinische und Laborbefunde, die andernorts nicht klassifiziert sind",2731,20.8,22.0
2021,Bayern,DE-BY,S00-T98,"S00-T98 Verletzungen, Vergiftungen und bestimmte andere Folgen äußerer Ursachen",6995,53.2,55.9
2021,Bayern,DE-BY,U00-U99,U00-U99 Schlüsselnummern für besondere Zwecke,12033,91.4,98.2
2021,Berlin,DE-BE,,Alle Krankheiten und Folgen äußerer Ursachen,37706,1027.2,1194.5
2021,Berlin,DE-BE,A00-B99,A00-B99 Bestimmte infektiöse und parasitäre Krankheiten,554,15.1,17.6
2021,Berlin,DE-BE,C00-D48,C00-D48 Neubildungen,9226,251.3,289.3
2021,Berlin,DE-BE,D50-D90,D50-D90 Krankheiten des Blutes und der blutbildenden Organe sowie bestimmte Störungen mit Beteiligung des Immunsystems,156,4.2,4.9
2021,Berlin,DE-BE,E00-E90,"E00-E90 Endokrine, Ernährungs- und Stoffwechselkrankheiten",1430,39.0,45.7
2021,Berlin,DE-BE,F00-F99,F00-F99 Psychische und Verhaltensstörungen,2010,54.8,64.9
2021,Berlin,DE-BE,G00-H95,G00-H95 Krankheiten des Nervensystems und der Sinnesorgane,1241,33.8,39.0
2021,Berlin,DE-BE,I00-I99,I00-I99 Krankheiten des Kreislaufsystems,11448,311.9,367.8
2021,Berlin,DE-BE,J00-J99,J00-J99 Krankheiten des Atmungssystems,2409,65.6,76.3
2021,Berlin,DE-BE,K00-K93,K00-K93 Krankheiten des Verdauungssystems,1601,43.6,50.3
2021,Berlin,DE-BE,L00-L99,L00-L99 Krankheiten der Haut und der Unterhaut,51,1.4,1.6
2021,Berlin,DE-BE,M00-M99,M00-M99 Krankheiten des Muskel-Skelett-Systems und des Bindegewebes,183,5.0,5.7
2021,Berlin,DE-BE,N00-N99,N00-N99 Krankheiten des Urogenitalsystems,938,25.6,30.3
2021,Berlin,DE-BE,O00-O99,"O00-O99 Schwangerschaft, Geburt und Wochenbett",,,
2021,Berlin,DE-BE,P00-P96,"P00-P96 Bestimmte Zustände, die ihren Ursprung in der Perinatalperiode haben",57,1.6,1.4
2021,Berlin,DE-BE,Q00-Q99,"Q00-Q99 Angeborene Fehlbildungen, Deformitäten und Chromosomenanomalien",64,1.7,1.8
2021,Berlin,DE-BE,R00-R99,"R00-R99 Symptome und abnorme klinische und Laborbefunde, die andernorts nicht klassifiziert sind",1810,49.3,56.2
2021,Berlin,DE-BE,S00-T98,"S00-T98 Verletzungen, Vergiftungen und bestimmte andere Folgen äußerer Ursachen",1810,49.3,55.6
2021,Berlin,DE-BE,U00-U99,U00-U99 Schlüsselnummern für besondere Zwecke,2717,74.0,86.0
2021,Brandenburg,DE-BB,,Alle Krankheiten und Folgen äußerer Ursachen,37396,1475.5,1321.7
2021,Brandenburg,DE-BB,A00-B99,A00-B99 Bestimmte infektiöse und parasitäre Krankheiten,492,19.4,17.4
2021,Brandenburg,DE-BB,C00-D48,C00-D48 Neubildungen,8587,338.8,300.0
2021,Brandenburg,DE-BB,D50-D90,D50-D90 Krankheiten des Blutes und der blutbildenden Organe sowie bestimmte Störungen mit Beteiligung des Immunsystems,135,5.3,4.8
2021,Brandenburg,DE-BB,E00-E90,"E00-E90 Endokrine, Ernährungs- und Stoffwechselkrankheiten",1254,49.5,44.4
2021,Brandenburg,DE-BB,F00-F99,F00-F99 Psychische und Verhaltensstörungen,1791,70.7,64.0
2021,Brandenburg,DE-BB,G00-H95,G00-H95 Krankheiten des Nervensystems und der Sinnesorgane,1241,49.0,43.3
2021,Brandenburg,DE-BB,I00-I99,I00-I99 Krankheiten des Kreislaufsystems,12690,500.7,449.7
2021,Brandenburg,DE-BB,J00-J99,J00-J99 Krankheiten des Atmungssystems,1924,75.9,67.7
2021,Brandenburg,DE-BB,K00-K93,K00-K93 Krankheiten des Verdauungssystems,1673,66.0,59.1
2021,Brandenburg,DE-BB,L00-L99,L00-L99 Krankheiten der Haut und der Unterhaut,65,2.6,2.3
2021,Brandenburg,DE-BB,M00-M99,M00-M99 Krankheiten des Muskel-Skelett-Systems und des Bindegewebes,157,6.2,5.5
2021,Brandenburg,DE-BB,N00-N99,N00-N99 Krankheiten des Urogenitalsystems,885,34.9,31.4
2021,Brandenburg,DE-BB,O00-O99,"O00-O99 Schwangerschaft, Geburt und Wochenbett",,,
2021,Brandenburg,DE-BB,P00-P96,"P00-P96 Bestimmte Zustände, die ihren Ursprung in der Perinatalperiode haben",34,1.3,1.6
2021,Brandenburg,DE-BB,Q00-Q99,"Q00-Q99 Angeborene Fehlbildungen, Deformitäten und Chromosomenanomalien",35,1.4,1.4
2021,Brandenburg,DE-BB,R00-R99,"R00-R99 Symptome und abnorme klinische und Laborbefunde, die andernorts nicht klassifiziert sind",1251,49.4,44.8
2021,Brandenburg,DE-BB,S00-T98,"S00-T98 Verletzungen, Vergiftungen und bestimmte andere Folgen äußerer Ursachen",1843,72.7,67.0
2021,Brandenburg,DE-BB,U00-U99,U00-U99 Schlüsselnummern für besondere Zwecke,3338,131.7,117.3
2021,Bremen,DE-HB,,Alle Krankheiten und Folgen äußerer Ursachen,8180,1206.0,1248.2
2021,Bremen,DE-HB,A00-B99,A00-B99 Bestimmte infektiöse und parasitäre Krankheiten,119,17.5,18.2
2021,Bremen,DE-HB,C00-D48,C00-D48 Neubildungen,1923,283.5,296.4
2021,Bremen,DE-HB,D50-D90,D50-D90 Krankheiten des Blutes und der blutbildenden Organe sowie bestimmte Störungen mit Beteiligung des Immunsystems,43,6.3,6.6
2021,Bremen,DE-HB,E00-E90,"E00-E90 Endokrine, Ernährungs- und Stoffwechselkrankheiten",384,56.6,58.5
2021,Bremen,DE-HB,F00-F99,F00-F99 Psychische und Verhaltensstörungen,514,75.8,77.6
2021,Bremen,DE-HB,G00-H95,G00-H95 Krankheiten des Nervensystems und der Sinnesorgane,256,37.7,38.9
2021,Bremen,DE-HB,I00-I99,I00-I99 Krankheiten des Kreislaufsystems,2749,405.3,416.8
2021,Bremen,DE-HB,J00-J99,J00-J99 Krankheiten des Atmungssystems,464,68.4,71.3
2021,Bremen,DE-HB,K00-K93,K00-K93 Krankheiten des Verdauungssystems,373,55.0,57.5
2021,Bremen,DE-HB,L00-L99,L00-L99 Krankheiten der Haut und der Unterhaut,15,2.2,2.3
2021,Bremen,DE-HB,M00-M99,M00-M99 Krankheiten des Muskel-Skelett-Systems und des Bindegewebes,69,10.2,10.4
2021,Bremen,DE-HB,N00-N99,N00-N99 Krankheiten des Urogenitalsystems,148,21.8,22.5
2021,Bremen,DE-HB,O00-O99,"O00-O99 Schwangerschaft, Geburt und Wochenbett",,,
2021,Bremen,DE-HB,P00-P96,"P00-P96 Bestimmte Zustände, die ihren Ursprung in der Perinatalperiode haben",9,1.3,1.2
2021,Bremen,DE-HB,Q00-Q99,"Q00-Q99 Angeborene Fehlbildungen, Deformitäten und Chromosomenanomalien",17,2.5,2.5
2021,Bremen,DE-HB,R00-R99,"R00-R99 Symptome und abnorme klinische und Laborbefunde, die andernorts nicht klassifiziert sind",412,60.7,63.2
2021,Bremen,DE-HB,S00-T98,"S00-T98 Verletzungen, Vergiftungen und bestimmte andere Folgen äußerer Ursachen",312,46.0,47.4
2021,Bremen,DE-HB,U00-U99,U00-U99 Schlüsselnummern für besondere Zwecke,373,55.0,57.0
2021,Hamburg,DE-HH,,Alle Krankheiten und Folgen äußerer Ursachen,18845,1016.9,1193.3
2021,Hamburg,DE-HH,A00-B99,A00-B99 Bestimmte infektiöse und parasitäre Krankheiten,254,13.7,16.0
2021,Hamburg,DE-HH,C00-D48,C00-D48 Neubildungen,4720,254.7,303.6
2021,Hamburg,DE-HH,D50-D90,D50-D90 Krankheiten des Blutes und der blutbildenden Organe sowie bestimmte Störungen mit Beteiligung des Immunsystems,73,3.9,4.6
2021,Hamburg,DE-HH,E00-E90,"E00-E90 Endokrine, Ernährungs- und Stoffwechselkrankheiten",493,26.6,31.1
2021,Hamburg,DE-HH,F00-F99,F00-F99 Psychische und Verhaltensstörungen,1194,64.4,74.8
2021,Hamburg,DE-HH,G00-H95,G00-H95 Krankheiten des Nervensystems und der Sinnesorgane,573,30.9,36.5
2021,Hamburg,DE-HH,I00-I99,I00-I99 Krankheiten des Kreislaufsystems,5086,274.4,320.7
2021,Hamburg,DE-HH,J00-J99,J00-J99 Krankheiten des Atmungssystems,1306,70.5,83.4
2021,Hamburg,DE-HH,K00-K93,K00-K93 Krankheiten des Verdauungssystems,760,41.0,48.1
2021,Hamburg,DE-HH,L00-L99,L00-L99 Krankheiten der Haut und der Unterhaut,44,2.4,2.8
2021,Hamburg,DE-HH,M00-M99,M00-M99 Krankheiten des Muskel-Skelett-Systems und des Bindegewebes,119,6.4,7.6
2021,Hamburg,DE-HH,N00-N99,N00-N99 Krankheiten des Urogenitalsystems,509,27.5,32.4
2021,Hamburg,DE-HH,O00-O99,"O00-O99 Schwangerschaft, Geburt und Wochenbett",,,
2021,Hamburg,DE-HH,P00-P96,"P00-P96 Bestimmte Zustände, die ihren Ursprung in der Perinatalperiode haben",29,1.6,1.3
2021,Hamburg,DE-HH,Q00-Q99,"Q00-Q99 Angeborene Fehlbildungen, Deformitäten und Chromosomenanomalien",47,2.5,2.2
2021,Hamburg,DE-HH,R00-R99,"R00-R99 Symptome und abnorme klinische und Laborbefunde, die andernorts nicht klassifiziert sind",1291,69.7,82.1
2021,Hamburg,DE-HH,S00-T98,"S00-T98 Verletzungen, Vergiftungen und bestimmte andere Folgen äußerer Ursachen",1262,68.1,77.5
2021,Hamburg,DE-HH,U00-U99,U00-U99 Schlüsselnummern für besondere Zwecke,1085,58.5,68.7
2021,Hessen,DE-HE,,Alle Krankheiten und Folgen äußerer Ursachen,72277,1148.3,1208.2
2021,Hessen,DE-HE,A00-B99,A00-B99 Bestimmte infektiöse und parasitäre Krankheiten,1039,16.5,17.4
2021,Hessen,DE-HE,C00-D48,C00-D48 Neubildungen,16655,264.6,277.9
2021,Hessen,DE-HE,D50-D90,D50-D90 Krankheiten des Blutes und der blutbildenden Organe sowie bestimmte Störungen mit Beteiligung des Immunsystems,372,5.9,6.2
2021,Hessen,DE-HE,E00-E90,"E00-E90 Endokrine, Ernährungs- und Stoffwechselkrankheiten",2789,44.3,46.7
2021,Hessen,DE-HE,F00-F99,F00-F99 Psychische und Verhaltensstörungen,4227,67.2,70.8
2021,Hessen,DE-HE,G00-H95,G00-H95 Krankheiten des Nervensystems und der Sinnesorgane,2535,40.3,42.5
2021,Hessen,DE-HE,I00-I99,I00-I99 Krankheiten des Kreislaufsystems,25118,399.1,420.9
2021,Hessen,DE-HE,J00-J99,J00-J99 Krankheiten des Atmungssystems,4215,67.0,70.6
2021,Hessen,DE-HE,K00-K93,K00-K93 Krankheiten des Verdauungssystems,2931,46.6,48.8
2021,Hessen,DE-HE,L00-L99,L00-L99 Krankheiten der Haut und der Unterhaut,166,2.6,2.8
2021,Hessen,DE-HE,M00-M99,M00-M99 Krankheiten des Muskel-Skelett-Systems und des Bindegewebes,406,6.5,6.8
2021,Hessen,DE-HE,N00-N99,N00-N99 Krankheiten des Urogenitalsystems,1925,30.6,32.4
2021,Hessen,DE-HE,O00-O99,"O00-O99 Schwangerschaft, Geburt und Wochenbett",,,
2021,Hessen,DE-HE,P00-P96,"P00-P96 Bestimmte Zustände, die ihren Ursprung in der Perinatalperiode haben",107,1.7,1.6
2021,Hessen,DE-HE,Q00-Q99,"Q00-Q99 Angeborene Fehlbildungen, Deformitäten und Chromosomenanomalien",188,3.0,3.0
2021,Hessen,DE-HE,R00-R99,"R00-R99 Symptome und abnorme klinische und Laborbefunde, die andernorts nicht klassifiziert sind",1524,24.2,25.1
2021,Hessen,DE-HE,S00-T98,"S00-T98 Verletzungen, Vergiftungen und bestimmte andere Folgen äußerer Ursachen",2941,46.7,48.6
2021,Hessen,DE-HE,U00-U99,U00-U99 Schlüsselnummern für besondere Zwecke,5136,81.6,86.0
2021,Mecklenburg-Vorpommern,DE-MV,,Alle Krankheiten und Folgen äußerer Ursachen,24152,1499.2,1334.2
2021,Mecklenburg-Vorpommern,DE-MV,A00-B99,A00-B99 Bestimmte infektiöse und parasitäre Krankheiten,283,17.6,15.6
2021,Mecklenburg-Vorpommern,DE-MV,C00-D48,C00-D48 Neubildungen,6048,375.4,329.6
2021,Mecklenburg-Vorpommern,DE-MV,D50-D90,D50-D90 Krankheiten des Blutes und der blutbildenden Organe sowie bestimmte Störungen mit Beteiligung des Immunsystems,61,3.8,3.4
2021,Mecklenburg-Vorpommern,DE-MV,E00-E90,"E00-E90 Endokrine, Ernährungs- und Stoffwechselkrankheiten",887,55.1,49.0
2021,Mecklenburg-Vorpommern,DE-MV,F00-F99,F00-F99 Psychische und Verhaltensstörungen,1437,89.2,80.1
2021,Mecklenburg-Vorpommern,DE-MV,G00-H95,G00-H95 Krankheiten des Nervensystems und der Sinnesorgane,806,50.0,44.6
2021,Mecklenburg-Vorpommern,DE-MV,I00-I99,I00-I99 Krankheiten des Kreislaufsystems,8668,538.1,480.7
2021,Mecklenburg-Vorpommern,DE-MV,J00-J99,J00-J99 Krankheiten des Atmungssystems,1122,69.6,61.3
2021,Mecklenburg-Vorpommern,DE-MV,K00-K93,K00-K93 Krankheiten des Verdauungssystems,1299,80.6,71.7
2021,Mecklenburg-Vorpommern,DE-MV,L00-L99,L00-L99 Krankheiten der Haut und der Unterhaut,25,1.6,1.4
2021,Mecklenburg-Vorpommern,DE-MV,M00-M99,M00-M99 Krankheiten des Muskel-Skelett-Systems und des Bindegewebes,103,6.4,5.7
2021,Mecklenburg-Vorpommern,DE-MV,N00-N99,N00-N99 Krankheiten des Urogenitalsystems,571,35.4,31.7
2021,Mecklenburg-Vorpommern,DE-MV,O00-O99,"O00-O99 Schwangerschaft, Geburt und Wochenbett",,,
2021,Mecklenburg-Vorpommern,DE-MV,P00-P96,"P00-P96 Bestimmte Zustände, die ihren Ursprung in der Perinatalperiode haben",12,0.7,0.9
2021,Mecklenburg-Vorpommern,DE-MV,Q00-Q99,"Q00-Q99 Angeborene Fehlbildungen, Deformitäten und Chromosomenanomalien",45,2.8,2.8
2021,Mecklenburg-Vorpommern,DE-MV,R00-R99,"R00-R99 Symptome und abnorme klinische und Laborbefunde, die andernorts nicht klassifiziert sind",448,27.8,25.7
2021,Mecklenburg-Vorpommern,DE-MV,S00-T98,"S00-T98 Verletzungen, Vergiftungen und bestimmte andere Folgen äußerer Ursachen",919,57.0,52.1
2021,Mecklenburg-Vorpommern,DE-MV,U00-U99,U00-U99 Schlüsselnummern für besondere Zwecke,1418,88.0,78.1
2021,Niedersachsen,DE-NI,,Alle Krankheiten und Folgen äußerer Ursachen,99965,1247.2,1237.3
2021,Niedersachsen,DE-NI,A00-B99,A00-B99 Bestimmte infektiöse und parasitäre Krankheiten,1300,16.2,16.1
2021,Niedersachsen,DE-NI,C00-D48,C00-D48 Neubildungen,23704,295.7,293.2
2021,Niedersachsen,DE-NI,D50-D90,D50-D90 Krankheiten des Blutes und der blutbildenden Organe sowie bestimmte Störungen mit Beteiligung des Immunsystems,355,4.4,4.4
2021,Niedersachsen,DE-NI,E00-E90,"E00-E90 Endokrine, Ernährungs- und Stoffwechselkrankheiten",3677,45.9,45.5
2021,Niedersachsen,DE-NI,F00-F99,F00-F99 Psychische und Verhaltensstörungen,7109,88.7,88.1
2021,Niedersachsen,DE-NI,G00-H95,G00-H95 Krankheiten des Nervensystems und der Sinnesorgane,3285,41.0,40.6
2021,Niedersachsen,DE-NI,I00-I99,I00-I99 Krankheiten des Kreislaufsystems,35760,446.2,442.6
2021,Niedersachsen,DE-NI,J00-J99,J00-J99 Krankheiten des Atmungssystems,6746,84.2,83.5
2021,Niedersachsen,DE-NI,K00-K93,K00-K93 Krankheiten des Verdauungssystems,4056,50.6,50.3
2021,Niedersachsen,DE-NI,L00-L99,L00-L99 Krankheiten der Haut und der Unterhaut,156,1.9,1.9
2021,Niedersachsen,DE-NI,M00-M99,M00-M99 Krankheiten des Muskel-Skelett-Systems und des Bindegewebes,461,5.8,5.7
2021,Niedersachsen,DE-NI,N00-N99,N00-N99 Krankheiten des Urogenitalsystems,3044,38.0,37.7
2021,Niedersachsen,DE-NI,O00-O99,"O00-O99 Schwangerschaft, Geburt und Wochenbett",,,
2021,Niedersachsen,DE-NI,P00-P96,"P00-P96 Bestimmte Zustände, die ihren Ursprung in der Perinatalperiode haben",157,2.0,1.9
2021,Niedersachsen,DE-NI,Q00-Q99,"Q00-Q99 Angeborene Fehlbildungen, Deformitäten und Chromosomenanomalien",185,2.3,2.3
2021,Niedersachsen,DE-NI,R00-R99,"R00-R99 Symptome und abnorme klinische und Laborbefunde, die andernorts nicht klassifiziert sind",2993,37.3,37.2
2021,Niedersachsen,DE-NI,S00-T98,"S00-T98 Verletzungen, Vergiftungen und bestimmte andere Folgen äußerer Ursachen",3023,37.7,37.5
2021,Niedersachsen,DE-NI,U00-U99,U00-U99 Schlüsselnummern für besondere Zwecke,3950,49.3,48.9
2021,Nordrhein-Westfalen,DE-NW,,Alle Krankheiten und Folgen äußerer Ursachen,220035,1227.5,1253.0
2021,Nordrhein-Westfalen,DE-NW,A00-B99,A00-B99 Bestimmte infektiöse und parasitäre Krankheiten,3613,20.2,20.6
2021,Nordrhein-Westfalen,DE-NW,C00-D48,C00-D48 Neubildungen,52748,294.3,301.8
2021,Nordrhein-Westfalen,DE-NW,D50-D90,D50-D90 Krankheiten des Blutes und der blutbildenden Organe sowie bestimmte Störungen mit Beteiligung des Immunsystems,1105,6.2,6.3
2021,Nordrhein-Westfalen,DE-NW,E00-E90,"E00-E90 Endokrine, Ernährungs- und Stoffwechselkrankheiten",7783,43.4,44.3
2021,Nordrhein-Westfalen,DE-NW,F00-F99,F00-F99 Psychische und Verhaltensstörungen,13612,75.9,77.0
2021,Nordrhein-Westfalen,DE-NW,G00-H95,G00-H95 Krankheiten des Nervensystems und der Sinnesorgane,8429,47.0,48.1
2021,Nordrhein-Westfalen,DE-NW,I00-I99,I00-I99 Krankheiten des Kreislaufsystems,63328,353.3,359.7
2021,Nordrhein-Westfalen,DE-NW,J00-J99,J00-J99 Krankheiten des Atmungssystems,13013,72.6,74.4
2021,Nordrhein-Westfalen,DE-NW,K00-K93,K00-K93 Krankheiten des Verdauungssystems,8528,47.6,48.6
2021,Nordrhein-Westfalen,DE-NW,L00-L99,L00-L99 Krankheiten der Haut und der Unterhaut,326,1.8,1.9
2021,Nordrhein-Westfalen,DE-NW,M00-M99,M00-M99 Krankheiten des Muskel-Skelett-Systems und des Bindegewebes,1314,7.3,7.5
2021,Nordrhein-Westfalen,DE-NW,N00-N99,N00-N99 Krankheiten des Urogenitalsystems,5684,31.7,32.3
2021,Nordrhein-Westfalen,DE-NW,O00-O99,"O00-O99 Schwangerschaft, Geburt und Wochenbett",,,
2021,Nordrhein-Westfalen,DE-NW,P00-P96,"P00-P96 Bestimmte Zustände, die ihren Ursprung in der Perinatalperiode haben",300,1.7,1.6
2021,Nordrhein-Westfalen,DE-NW,Q00-Q99,"Q00-Q99 Angeborene Fehlbildungen, Deformitäten und Chromosomenanomalien",476,2.7,2.6
2021,Nordrhein-Westfalen,DE-NW,R00-R99,"R00-R99 Symptome und abnorme klinische und Laborbefunde, die andernorts nicht klassifiziert sind",19575,109.2,111.4
2021,Nordrhein-Westfalen,DE-NW,S00-T98,"S00-T98 Verletzungen, Vergiftungen und bestimmte andere Folgen äußerer Ursachen",7957,44.4,45.1
2021,Nordrhein-Westfalen,DE-NW,U00-U99,U00-U99 Schlüsselnummern für besondere Zwecke,12235,68.3,69.8
2021,Rheinland-Pfalz,DE-RP,,Alle Krankheiten und Folgen äußerer Ursachen,50569,1232.7,1226.5
2021,Rheinland-Pfalz,DE-RP,A00-B99,A00-B99 Bestimmte infektiöse und parasitäre Krankheiten,814,19.8,19.8
2021,Rheinland-Pfalz,DE-RP,C00-D48,C00-D48 Neubildungen,12116,295.3,293.9
2021,Rheinland-Pfalz,DE-RP,D50-D90,D50-D90 Krankheiten des Blutes und der blutbildenden Organe sowie bestimmte Störungen mit Beteiligung des Immunsystems,290,7.1,7.0
2021,Rheinland-Pfalz,DE-RP,E00-E90,"E00-E90 Endokrine, Ernährungs- und Stoffwechselkrankheiten",2012,49.0,48.9
2021,Rheinland-Pfalz,DE-RP,F00-F99,F00-F99 Psychische und Verhaltensstörungen,2697,65.7,65.4
2021,Rheinland-Pfalz,DE-RP,G00-H95,G00-H95 Krankheiten des Nervensystems und der Sinnesorgane,1775,43.3,43.3
2021,Rheinland-Pfalz,DE-RP,I00-I99,I00-I99 Krankheiten des Kreislaufsystems,17946,437.4,434.9
2021,Rheinland-Pfalz,DE-RP,J00-J99,J00-J99 Krankheiten des Atmungssystems,3017,73.5,73.3
2021,Rheinland-Pfalz,DE-RP,K00-K93,K00-K93 Krankheiten des Verdauungssystems,2207,53.8,53.5
2021,Rheinland-Pfalz,DE-RP,L00-L99,L00-L99 Krankheiten der Haut und der Unterhaut,85,2.1,2.1
2021,Rheinland-Pfalz,DE-RP,M00-M99,M00-M99 Krankheiten des Muskel-Skelett-Systems und des Bindegewebes,360,8.8,8.7
2021,Rheinland-Pfalz,DE-RP,N00-N99,N00-N99 Krankheiten des Urogenitalsystems,1193,29.1,29.0
2021,Rheinland-Pfalz,DE-RP,O00-O99,"O00-O99 Schwangerschaft, Geburt und Wochenbett",,,
2021,Rheinland-Pfalz,DE-RP,P00-P96,"P00-P96 Bestimmte Zustände, die ihren Ursprung in der Perinatalperiode haben",69,1.7,1.6
2021,Rheinland-Pfalz,DE-RP,Q00-Q99,"Q00-Q99 Angeborene Fehlbildungen, Deformitäten und Chromosomenanomalien",117,2.9,2.8
2021,Rheinland-Pfalz,DE-RP,R00-R99,"R00-R99 Symptome und abnorme klinische und Laborbefunde, die andernorts nicht klassifiziert sind",857,20.9,20.7
2021,Rheinland-Pfalz,DE-RP,S00-T98,"S00-T98 Verletzungen, Vergiftungen und bestimmte andere Folgen äußerer Ursachen",2224,54.2,54.0
2021,Rheinland-Pfalz,DE-RP,U00-U99,U00-U99 Schlüsselnummern für besondere Zwecke,2790,68.0,67.8
2021,Saarland,DE-SL,,Alle Krankheiten und Folgen äußerer Ursachen,14276,1452.0,1333.1
2021,Saarland,DE-SL,A00-B99,A00-B99 Bestimmte infektiöse und parasitäre Krankheiten,160,16.3,14.9
2021,Saarland,DE-SL,C00-D48,C00-D48 Neubildungen,3444,350.3,321.1
2021,Saarland,DE-SL,D50-D90,D50-D90 Krankheiten des Blutes und der blutbildenden Organe sowie bestimmte Störungen mit Beteiligung des Immunsystems,56,5.7,5.3
2021,Saarland,DE-SL,E00-E90,"E00-E90 Endokrine, Ernährungs- und Stoffwechselkrankheiten",728,74.0,68.1
2021,Saarland,DE-SL,F00-F99,F00-F99 Psychische und Verhaltensstörungen,798,81.2,74.7
2021,Saarland,DE-SL,G00-H95,G00-H95 Krankheiten des Nervensystems und der Sinnesorgane,465,47.3,43.6
2021,Saarland,DE-SL,I00-I99,I00-I99 Krankheiten des Kreislaufsystems,4533,461.1,422.1
2021,Saarland,DE-SL,J00-J99,J00-J99 Krankheiten des Atmungssystems,869,88.4,80.8
2021,Saarland,DE-SL,K00-K93,K00-K93 Krankheiten des Verdauungssystems,575,58.5,53.8
2021,Saarland,DE-SL,L00-L99,L00-L99 Krankheiten der Haut und der Unterhaut,19,1.9,1.8
2021,Saarland,DE-SL,M00-M99,M00-M99 Krankheiten des Muskel-Skelett-Systems und des Bindegewebes,86,8.7,8.0
2021,Saarland,DE-SL,N00-N99,N00-N99 Krankheiten des Urogenitalsystems,399,40.6,37.1
2021,Saarland,DE-SL,O00-O99,"O00-O99 Schwangerschaft, Geburt und Wochenbett",,,
2021,Saarland,DE-SL,P00-P96,"P00-P96 Bestimmte Zustände, die ihren Ursprung in der Perinatalperiode haben",16,1.6,1.8
2021,Saarland,DE-SL,Q00-Q99,"Q00-Q99 Angeborene Fehlbildungen, Deformitäten und Chromosomenanomalien",17,1.7,1.7
2021,Saarland,DE-SL,R00-R99,"R00-R99 Symptome und abnorme klinische und Laborbefunde, die andernorts nicht klassifiziert sind",790,80.4,73.6
2021,Saarland,DE-SL,S00-T98,"S00-T98 Verletzungen, Vergiftungen und bestimmte andere Folgen äußerer Ursachen",563,57.3,53.8
2021,Saarland,DE-SL,U00-U99,U00-U99 Schlüsselnummern für besondere Zwecke,758,77.1,70.9
2021,Sachsen,DE-SN,,Alle Krankheiten und Folgen äußerer Ursachen,64373,1589.5,1340.5
2021,Sachsen,DE-SN,A00-B99,A00-B99 Bestimmte infektiöse und parasitäre Krankheiten,603,14.9,12.5
2021,Sachsen,DE-SN,C00-D48,C00-D48 Neubildungen,13000,321.0,276.9
2021,Sachsen,DE-SN,D50-D90,D50-D90 Krankheiten des Blutes und der blutbildenden Organe sowie bestimmte Störungen mit Beteiligung des Immunsystems,229,5.7,4.8
2021,Sachsen,DE-SN,E00-E90,"E00-E90 Endokrine, Ernährungs- und Stoffwechselkrankheiten",2085,51.5,43.2
2021,Sachsen,DE-SN,F00-F99,F00-F99 Psychische und Verhaltensstörungen,3079,76.0,62.8
2021,Sachsen,DE-SN,G00-H95,G00-H95 Krankheiten des Nervensystems und der Sinnesorgane,1927,47.6,39.8
2021,Sachsen,DE-SN,I00-I99,I00-I99 Krankheiten des Kreislaufsystems,23554,581.6,481.6
2021,Sachsen,DE-SN,J00-J99,J00-J99 Krankheiten des Atmungssystems,2547,62.9,53.0
2021,Sachsen,DE-SN,K00-K93,K00-K93 Krankheiten des Verdauungssystems,2727,67.3,59.5
2021,Sachsen,DE-SN,L00-L99,L00-L99 Krankheiten der Haut und der Unterhaut,78,1.9,1.6
2021,Sachsen,DE-SN,M00-M99,M00-M99 Krankheiten des Muskel-Skelett-Systems und des Bindegewebes,342,8.4,7.0
2021,Sachsen,DE-SN,N00-N99,N00-N99 Krankheiten des Urogenitalsystems,952,23.5,19.3
2021,Sachsen,DE-SN,O00-O99,"O00-O99 Schwangerschaft, Geburt und Wochenbett",,,
2021,Sachsen,DE-SN,P00-P96,"P00-P96 Bestimmte Zustände, die ihren Ursprung in der Perinatalperiode haben",46,1.1,1.2
2021,Sachsen,DE-SN,Q00-Q99,"Q00-Q99 Angeborene Fehlbildungen, Deformitäten und Chromosomenanomalien",92,2.3,2.3
2021,Sachsen,DE-SN,R00-R99,"R00-R99 Symptome und abnorme klinische und Laborbefunde, die andernorts nicht klassifiziert sind",934,23.1,20.9
2021,Sachsen,DE-SN,S00-T98,"S00-T98 Verletzungen, Vergiftungen und bestimmte andere Folgen äußerer Ursachen",3225,79.6,69.5
2021,Sachsen,DE-SN,U00-U99,U00-U99 Schlüsselnummern für besondere Zwecke,8953,221.1,184.6
2021,Sachsen-Anhalt,DE-ST,,Alle Krankheiten und Folgen äußerer Ursachen,37289,1714.5,1449.7
2021,Sachsen-Anhalt,DE-ST,A00-B99,A00-B99 Bestimmte infektiöse und parasitäre Krankheiten,327,15.0,12.6
2021,Sachsen-Anhalt,DE-ST,C00-D48,C00-D48 Neubildungen,8423,387.3,325.6
2021,Sachsen-Anhalt,DE-ST,D50-D90,D50-D90 Krankheiten des Blutes und der blutbildenden Organe sowie bestimmte Störungen mit Beteiligung des Immunsystems,136,6.3,5.3
2021,Sachsen-Anhalt,DE-ST,E00-E90,"E00-E90 Endokrine, Ernährungs- und Stoffwechselkrankheiten",1686,77.5,65.4
2021,Sachsen-Anhalt,DE-ST,F00-F99,F00-F99 Psychische und Verhaltensstörungen,1670,76.8,65.3
2021,Sachsen-Anhalt,DE-ST,G00-H95,G00-H95 Krankheiten des Nervensystems und der Sinnesorgane,1215,55.9,47.0
2021,Sachsen-Anhalt,DE-ST,I00-I99,I00-I99 Krankheiten des Kreislaufsystems,13581,624.4,526.4
2021,Sachsen-Anhalt,DE-ST,J00-J99,J00-J99 Krankheiten des Atmungssystems,1517,69.7,58.0
2021,Sachsen-Anhalt,DE-ST,K00-K93,K00-K93 Krankheiten des Verdauungssystems,1675,77.0,66.8
2021,Sachsen-Anhalt,DE-ST,L00-L99,L00-L99 Krankheiten der Haut und der Unterhaut,40,1.8,1.5
2021,Sachsen-Anhalt,DE-ST,M00-M99,M00-M99 Krankheiten des Muskel-Skelett-Systems und des Bindegewebes,194,8.9,7.6
2021,Sachsen-Anhalt,DE-ST,N00-N99,N00-N99 Krankheiten des Urogenitalsystems,902,41.5,34.9
2021,Sachsen-Anhalt,DE-ST,O00-O99,"O00-O99 Schwangerschaft, Geburt und Wochenbett",,,
2021,Sachsen-Anhalt,DE-ST,P00-P96,"P00-P96 Bestimmte Zustände, die ihren Ursprung in der Perinatalperiode haben",32,1.5,1.8
2021,Sachsen-Anhalt,DE-ST,Q00-Q99,"Q00-Q99 Angeborene Fehlbildungen, Deformitäten und Chromosomenanomalien",62,2.9,2.9
2021,Sachsen-Anhalt,DE-ST,R00-R99,"R00-R99 Symptome und abnorme klinische und Laborbefunde, die andernorts nicht klassifiziert sind",616,28.3,25.1
2021,Sachsen-Anhalt,DE-ST,S00-T98,"S00-T98 Verletzungen, Vergiftungen und bestimmte andere Folgen äußerer Ursachen",1335,61.4,54.4
2021,Sachsen-Anhalt,DE-ST,U00-U99,U00-U99 Schlüsselnummern für besondere Zwecke,3877,178.3,149.1
2021,Schleswig-Holstein,DE-SH,,Alle Krankheiten und Folgen äußerer Ursachen,36792,1261.5,1210.3
2021,Schleswig-Holstein,DE-SH,A00-B99,A00-B99 Bestimmte infektiöse und parasitäre Krankheiten,556,19.1,18.3
2021,Schleswig-Holstein,DE-SH,C00-D48,C00-D48 Neubildungen,9499,325.7,309.6
2021,Schleswig-Holstein,DE-SH,D50-D90,D50-D90 Krankheiten des Blutes und der blutbildenden Organe sowie bestimmte Störungen mit Beteiligung des Immunsystems,142,4.9,4.7
2021,Schleswig-Holstein,DE-SH,E00-E90,"E00-E90 Endokrine, Ernährungs- und Stoffwechselkrankheiten",935,32.1,31.0
2021,Schleswig-Holstein,DE-SH,F00-F99,F00-F99 Psychische und Verhaltensstörungen,2237,76.7,74.2
2021,Schleswig-Holstein,DE-SH,G00-H95,G00-H95 Krankheiten des Nervensystems und der Sinnesorgane,1247,42.8,40.7
2021,Schleswig-Holstein,DE-SH,I00-I99,I00-I99 Krankheiten des Kreislaufsystems,12565,430.8,414.9
2021,Schleswig-Holstein,DE-SH,J00-J99,J00-J99 Krankheiten des Atmungssystems,2285,78.3,74.6
2021,Schleswig-Holstein,DE-SH,K00-K93,K00-K93 Krankheiten des Verdauungssystems,1605,55.0,53.0
2021,Schleswig-Holstein,DE-SH,L00-L99,L00-L99 Krankheiten der Haut und der Unterhaut,94,3.2,3.1
2021,Schleswig-Holstein,DE-SH,M00-M99,M00-M99 Krankheiten des Muskel-Skelett-Systems und des Bindegewebes,135,4.6,4.4
2021,Schleswig-Holstein,DE-SH,N00-N99,N00-N99 Krankheiten des Urogenitalsystems,1347,46.2,44.5
2021,Schleswig-Holstein,DE-SH,O00-O99,"O00-O99 Schwangerschaft, Geburt und Wochenbett",,,
2021,Schleswig-Holstein,DE-SH,P00-P96,"P00-P96 Bestimmte Zustände, die ihren Ursprung in der Perinatalperiode haben",41,1.4,1.5
2021,Schleswig-Holstein,DE-SH,Q00-Q99,"Q00-Q99 Angeborene Fehlbildungen, Deformitäten und Chromosomenanomalien",72,2.5,2.5
2021,Schleswig-Holstein,DE-SH,R00-R99,"R00-R99 Symptome und abnorme klinische und Laborbefunde, die andernorts nicht klassifiziert sind",996,34.2,33.2
2021,Schleswig-Holstein,DE-SH,S00-T98,"S00-T98 Verletzungen, Vergiftungen und bestimmte andere Folgen äußerer Ursachen",1755,60.2,58.2
2021,Schleswig-Holstein,DE-SH,U00-U99,U00-U99 Schlüsselnummern für besondere Zwecke,1281,43.9,41.9
2021,Thüringen,DE-TH,,Alle Krankheiten und Folgen äußerer Ursachen,34830,1647.2,1441.7
2021,Thüringen,DE-TH,A00-B99,A00-B99 Bestimmte infektiöse und parasitäre Krankheiten,503,23.8,20.6
2021,Thüringen,DE-TH,C00-D48,C00-D48 Neubildungen,6883,325.5,281.3
2021,Thüringen,DE-TH,D50-D90,D50-D90 Krankheiten des Blutes und der blutbildenden Organe sowie bestimmte Störungen mit Beteiligung des Immunsystems,140,6.6,5.7
2021,Thüringen,DE-TH,E00-E90,"E00-E90 Endokrine, Ernährungs- und Stoffwechselkrankheiten",1510,71.4,62.8
2021,Thüringen,DE-TH,F00-F99,F00-F99 Psychische und Verhaltensstörungen,1326,62.7,55.7
2021,Thüringen,DE-TH,G00-H95,G00-H95 Krankheiten des Nervensystems und der Sinnesorgane,1018,48.1,41.9
2021,Thüringen,DE-TH,I00-I99,I00-I99 Krankheiten des Kreislaufsystems,12713,601.2,528.3
2021,Thüringen,DE-TH,J00-J99,J00-J99 Krankheiten des Atmungssystems,2102,99.4,85.6
2021,Thüringen,DE-TH,K00-K93,K00-K93 Krankheiten des Verdauungssystems,1615,76.4,67.4
2021,Thüringen,DE-TH,L00-L99,L00-L99 Krankheiten der Haut und der Unterhaut,44,2.1,1.8
2021,Thüringen,DE-TH,M00-M99,M00-M99 Krankheiten des Muskel-Skelett-Systems und des Bindegewebes,103,4.9,4.2
2021,Thüringen,DE-TH,N00-N99,N00-N99 Krankheiten des Urogenitalsystems,1105,52.3,45.8
2021,Thüringen,DE-TH,O00-O99,"O00-O99 Schwangerschaft, Geburt und Wochenbett",,,
2021,Thüringen,DE-TH,P00-P96,"P00-P96 Bestimmte Zustände, die ihren Ursprung in der Perinatalperiode haben",18,0.9,1.0
2021,Thüringen,DE-TH,Q00-Q99,"Q00-Q99 Angeborene Fehlbildungen, Deformitäten und Chromosomenanomalien",32,1.5,1.5
2021,Thüringen,DE-TH,R00-R99,"R00-R99 Symptome und abnorme klinische und Laborbefunde, die andernorts nicht klassifiziert sind",672,31.8,28.7
2021,Thüringen,DE-TH,S00-T98,"S00-T98 Verletzungen, Vergiftungen und bestimmte andere Folgen äußerer Ursachen",1014,48.0,43.8
2021,Thüringen,DE-TH,U00-U99,U00-U99 Schlüsselnummern für besondere Zwecke,4032,190.7,165.6
2021,Früheres Bundesgebiet und Berlin-Ost,DE-WEST,,Alle Krankheiten und Folgen äußerer Ursachen,825647,1167.6,1213.3
2021,Früheres Bundesgebiet und Berlin-Ost,DE-WEST,A00-B99,A00-B99 Bestimmte infektiöse und parasitäre Krankheiten,12662,17.9,18.6
2021,Früheres Bundesgebiet und Berlin-Ost,DE-WEST,C00-D48,C00-D48 Neubildungen,194219,274.7,285.2
2021,Früheres Bundesgebiet und Berlin-Ost,DE-WEST,D50-D90,D50-D90 Krankheiten des Blutes und der blutbildenden Organe sowie bestimmte Störungen mit Beteiligung des Immunsystems,4009,5.7,5.9
2021,Früheres Bundesgebiet und Berlin-Ost,DE-WEST,E00-E90,"E00-E90 Endokrine, Ernährungs- und Stoffwechselkrankheiten",30444,43.1,44.8
2021,Früheres Bundesgebiet und Berlin-Ost,DE-WEST,F00-F99,F00-F99 Psychische und Verhaltensstörungen,50687,71.7,74.6
2021,Früheres Bundesgebiet und Berlin-Ost,DE-WEST,G00-H95,G00-H95 Krankheiten des Nervensystems und der Sinnesorgane,29571,41.8,43.4
2021,Früheres Bundesgebiet und Berlin-Ost,DE-WEST,I00-I99,I00-I99 Krankheiten des Kreislaufsystems,269413,381.0,396.8
2021,Früheres Bundesgebiet und Berlin-Ost,DE-WEST,J00-J99,J00-J99 Krankheiten des Atmungssystems,48104,68.0,70.8
2021,Früheres Bundesgebiet und Berlin-Ost,DE-WEST,K00-K93,K00-K93 Krankheiten des Verdauungssystems,34728,49.1,50.9
2021,Früheres Bundesgebiet und Berlin-Ost,DE-WEST,L00-L99,L00-L99 Krankheiten der Haut und der Unterhaut,1505,2.1,2.2
2021,Früheres Bundesgebiet und Berlin-Ost,DE-WEST,M00-M99,M00-M99 Krankheiten des Muskel-Skelett-Systems und des Bindegewebes,5126,7.2,7.5
2021,Früheres Bundesgebiet und Berlin-Ost,DE-WEST,N00-N99,N00-N99 Krankheiten des Urogenitalsystems,21857,30.9,32.2
2021,Früheres Bundesgebiet und Berlin-Ost,DE-WEST,O00-O99,"O00-O99 Schwangerschaft, Geburt und Wochenbett",,,
2021,Früheres Bundesgebiet und Berlin-Ost,DE-WEST,P00-P96,"P00-P96 Bestimmte Zustände, die ihren Ursprung in der Perinatalperiode haben",1200,1.7,1.6
2021,Früheres Bundesgebiet und Berlin-Ost,DE-WEST,Q00-Q99,"Q00-Q99 Angeborene Fehlbildungen, Deformitäten und Chromosomenanomalien",1861,2.6,2.6
2021,Früheres Bundesgebiet und Berlin-Ost,DE-WEST,R00-R99,"R00-R99 Symptome und abnorme klinische und Laborbefunde, die andernorts nicht klassifiziert sind",34808,49.2,50.8
2021,Früheres Bundesgebiet und Berlin-Ost,DE-WEST,S00-T98,"S00-T98 Verletzungen, Vergiftungen und bestimmte andere Folgen äußerer Ursachen",34864,49.3,50.8
2021,Früheres Bundesgebiet und Berlin-Ost,DE-WEST,U00-U99,U00-U99 Schlüsselnummern für besondere Zwecke,50563,71.5,74.4
2021,Neue Länder ohne Berlin-Ost,DE-EAST,,Alle Krankheiten und Folgen äußerer Ursachen,198040,1586.2,1372.4
2021,Neue Länder ohne Berlin-Ost,DE-EAST,A00-B99,A00-B99 Bestimmte infektiöse und parasitäre Krankheiten,2208,17.7,15.2
2021,Neue Länder ohne Berlin-Ost,DE-EAST,C00-D48,C00-D48 Neubildungen,42941,343.9,297.6
2021,Neue Länder ohne Berlin-Ost,DE-EAST,D50-D90,D50-D90 Krankheiten des Blutes und der blutbildenden Organe sowie bestimmte Störungen mit Beteiligung des Immunsystems,701,5.6,4.8
2021,Neue Länder ohne Berlin-Ost,DE-EAST,E00-E90,"E00-E90 Endokrine, Ernährungs- und Stoffwechselkrankheiten",7422,59.4,51.4
2021,Neue Länder ohne Berlin-Ost,DE-EAST,F00-F99,F00-F99 Psychische und Verhaltensstörungen,9303,74.5,64.5
2021,Neue Länder ohne Berlin-Ost,DE-EAST,G00-H95,G00-H95 Krankheiten des Nervensystems und der Sinnesorgane,6207,49.7,42.7
2021,Neue Länder ohne Berlin-Ost,DE-EAST,I00-I99,I00-I99 Krankheiten des Kreislaufsystems,71206,570.3,491.1
2021,Neue Länder ohne Berlin-Ost,DE-EAST,J00-J99,J00-J99 Krankheiten des Atmungssystems,9212,73.8,63.2
2021,Neue Länder ohne Berlin-Ost,DE-EAST,K00-K93,K00-K93 Krankheiten des Verdauungssystems,8989,72.0,63.6
2021,Neue Länder ohne Berlin-Ost,DE-EAST,L00-L99,L00-L99 Krankheiten der Haut und der Unterhaut,252,2.0,1.7
2021,Neue Länder ohne Berlin-Ost,DE-EAST,M00-M99,M00-M99 Krankheiten des Muskel-Skelett-Systems und des Bindegewebes,899,7.2,6.2
2021,Neue Länder ohne Berlin-Ost,DE-EAST,N00-N99,N00-N99 Krankheiten des Urogenitalsystems,4415,35.4,30.3
2021,Neue Länder ohne Berlin-Ost,DE-EAST,O00-O99,"O00-O99 Schwangerschaft, Geburt und Wochenbett",,,
2021,Neue Länder ohne Berlin-Ost,DE-EAST,P00-P96,"P00-P96 Bestimmte Zustände, die ihren Ursprung in der Perinatalperiode haben",142,1.1,1.3
2021,Neue Länder ohne Berlin-Ost,DE-EAST,Q00-Q99,"Q00-Q99 Angeborene Fehlbildungen, Deformitäten und Chromosomenanomalien",266,2.1,2.1
2021,Neue Länder ohne Berlin-Ost,DE-EAST,R00-R99,"R00-R99 Symptome und abnorme klinische und Laborbefunde, die andernorts nicht klassifiziert sind",3921,31.4,28.4
2021,Neue Länder ohne Berlin-Ost,DE-EAST,S00-T98,"S00-T98 Verletzungen, Vergiftungen und bestimmte andere Folgen äußerer Ursachen",8336,66.8,59.7
2021,Neue Länder ohne Berlin-Ost,DE-EAST,U00-U99,U00-U99 Schlüsselnummern für besondere Zwecke,21618,173.2,148.4
2022,Deutschland,DE,,Alle Krankheiten und Folgen äußerer Ursachen,1066341,1292.1,1292.1
2022,Deutschland,DE,A00-B99,A00-B99 Bestimmte infektiöse und parasitäre Krankheiten,17347,21.0,21.0
2022,Deutschland,DE,C00-D48,C00-D48 Neubildungen,239948,290.7,290.7
2022,Deutschland,DE,D50-D90,D50-D90 Krankheiten des Blutes und der blutbildenden Organe sowie bestimmte Störungen mit Beteiligung des Immunsystems,5205,6.3,6.3
2022,Deutschland,DE,E00-E90,"E00-E90 Endokrine, Ernährungs- und Stoffwechselkrankheiten",40561,49.1,49.1
2022,Deutschland,DE,F00-F99,F00-F99 Psychische und Verhaltensstörungen,68777,83.3,83.3
2022,Deutschland,DE,G00-H95,G00-H95 Krankheiten des Nervensystems und der Sinnesorgane,39280,47.6,47.6
2022,Deutschland,DE,I00-I99,I00-I99 Krankheiten des Kreislaufsystems,358219,434.1,434.1
2022,Deutschland,DE,J00-J99,J00-J99 Krankheiten des Atmungssystems,67633,82.0,82.0
2022,Deutschland,DE,K00-K93,K00-K93 Krankheiten des Verdauungssystems,46037,55.8,55.8
2022,Deutschland,DE,L00-L99,L00-L99 Krankheiten der Haut und der Unterhaut,1956,2.4,2.4
2022,Deutschland,DE,M00-M99,M00-M99 Krankheiten des Muskel-Skelett-Systems und des Bindegewebes,6826,8.3,8.3
2022,Deutschland,DE,N00-N99,N00-N99 Krankheiten des Urogenitalsystems,28937,35.1,35.1
2022,Deutschland,DE,O00-O99,"O00-O99 Schwangerschaft, Geburt und Wochenbett",,,
2022,Deutschland,DE,P00-P96,"P00-P96 Bestimmte Zustände, die ihren Ursprung in der Perinatalperiode haben",1372,1.7,1.7
2022,Deutschland,DE,Q00-Q99,"Q00-Q99 Angeborene Fehlbildungen, Deformitäten und Chromosomenanomalien",2267,2.7,2.7
2022,Deutschland,DE,R00-R99,"R00-R99 Symptome und abnorme klinische und Laborbefunde, die andernorts nicht klassifiziert sind",41071,49.8,49.8
2022,Deutschland,DE,S00-T98,"S00-T98 Verletzungen, Vergiftungen und bestimmte andere Folgen äußerer Ursachen",47912,58.1,58.1
2022,Deutschland,DE,U00-U99,U00-U99 Schlüsselnummern für besondere Zwecke,52963,64.2,64.2
2022,Baden-Württemberg,DE-BW,,Alle Krankheiten und Folgen äußerer Ursachen,124673,1124.8,1179.0
2022,Baden-Württemberg,DE-BW,A00-B99,A00-B99 Bestimmte infektiöse und parasitäre Krankheiten,2058,18.6,19.5
2022,Baden-Württemberg,DE-BW,C00-D48,C00-D48 Neubildungen,27054,244.1,256.8
2022,Baden-Württemberg,DE-BW,D50-D90,D50-D90 Krankheiten des Blutes und der blutbildenden Organe sowie bestimmte Störungen mit Beteiligung des Immunsystems,659,5.9,6.2
2022,Baden-Württemberg,DE-BW,E00-E90,"E00-E90 Endokrine, Ernährungs- und Stoffwechselkrankheiten",5191,46.8,49.1
2022,Baden-Württemberg,DE-BW,F00-F99,F00-F99 Psychische und Verhaltensstörungen,8408,75.9,79.3
2022,Baden-Württemberg,DE-BW,G00-H95,G00-H95 Krankheiten des Nervensystems und der Sinnesorgane,4933,44.5,46.8
2022,Baden-Württemberg,DE-BW,I00-I99,I00-I99 Krankheiten des Kreislaufsystems,42632,384.6,403.1
2022,Baden-Württemberg,DE-BW,J00-J99,J00-J99 Krankheiten des Atmungssystems,7372,66.5,70.0
2022,Baden-Württemberg,DE-BW,K00-K93,K00-K93 Krankheiten des Verdauungssystems,5703,51.5,53.9
2022,Baden-Württemberg,DE-BW,L00-L99,L00-L99 Krankheiten der Haut und der Unterhaut,274,2.5,2.6
2022,Baden-Württemberg,DE-BW,M00-M99,M00-M99 Krankheiten des Muskel-Skelett-Systems und des Bindegewebes,996,9.0,9.4
2022,Baden-Württemberg,DE-BW,N00-N99,N00-N99 Krankheiten des Urogenitalsystems,3340,30.1,31.6
2022,Baden-Württemberg,DE-BW,O00-O99,"O00-O99 Schwangerschaft, Geburt und Wochenbett",,,
2022,Baden-Württemberg,DE-BW,P00-P96,"P00-P96 Bestimmte Zustände, die ihren Ursprung in der Perinatalperiode haben",206,1.9,1.8
2022,Baden-Württemberg,DE-BW,Q00-Q99,"Q00-Q99 Angeborene Fehlbildungen, Deformitäten und Chromosomenanomalien",337,3.0,3.0
2022,Baden-Württemberg,DE-BW,R00-R99,"R00-R99 Symptome und abnorme klinische und Laborbefunde, die andernorts nicht klassifiziert sind",2159,19.5,20.3
2022,Baden-Württemberg,DE-BW,S00-T98,"S00-T98 Verletzungen, Vergiftungen und bestimmte andere Folgen äußerer Ursachen",6561,59.2,61.4
2022,Baden-Württemberg,DE-BW,U00-U99,U00-U99 Schlüsselnummern für besondere Zwecke,6787,61.2,64.2
2022,Bayern,DE-BY,,Alle Krankheiten und Folgen äußerer Ursachen,152417,1172.1,1245.3
2022,Bayern,DE-BY,A00-B99,A00-B99 Bestimmte infektiöse und parasitäre Krankheiten,2950,22.7,24.1
2022,Bayern,DE-BY,C00-D48,C00-D48 Neubildungen,33477,257.4,270.7
2022,Bayern,DE-BY,D50-D90,D50-D90 Krankheiten des Blutes und der blutbildenden Organe sowie bestimmte Störungen mit Beteiligung des Immunsystems,846,6.5,6.9
2022,Bayern,DE-BY,E00-E90,"E00-E90 Endokrine, Ernährungs- und Stoffwechselkrankheiten",5593,43.0,45.8
2022,Bayern,DE-BY,F00-F99,F00-F99 Psychische und Verhaltensstörungen,9893,76.1,81.7
2022,Bayern,DE-BY,G00-H95,G00-H95 Krankheiten des Nervensystems und der Sinnesorgane,5769,44.4,47.0
2022,Bayern,DE-BY,I00-I99,I00-I99 Krankheiten des Kreislaufsystems,52876,406.6,435.2
2022,Bayern,DE-BY,J00-J99,J00-J99 Krankheiten des Atmungssystems,9313,71.6,76.2
2022,Bayern,DE-BY,K00-K93,K00-K93 Krankheiten des Verdauungssystems,7218,55.5,58.5
2022,Bayern,DE-BY,L00-L99,L00-L99 Krankheiten der Haut und der Unterhaut,334,2.6,2.7
2022,Bayern,DE-BY,M00-M99,M00-M99 Krankheiten des Muskel-Skelett-Systems und des Bindegewebes,1102,8.5,9.0
2022,Bayern,DE-BY,N00-N99,N00-N99 Krankheiten des Urogenitalsystems,4075,31.3,33.6
2022,Bayern,DE-BY,O00-O99,"O00-O99 Schwangerschaft, Geburt und Wochenbett",,,
2022,Bayern,DE-BY,P00-P96,"P00-P96 Bestimmte Zustände, die ihren Ursprung in der Perinatalperiode haben",195,1.5,1.4
2022,Bayern,DE-BY,Q00-Q99,"Q00-Q99 Angeborene Fehlbildungen, Deformitäten und Chromosomenanomalien",343,2.6,2.6
2022,Bayern,DE-BY,R00-R99,"R00-R99 Symptome und abnorme klinische und Laborbefunde, die andernorts nicht klassifiziert sind",3173,24.4,25.6
2022,Bayern,DE-BY,S00-T98,"S00-T98 Verletzungen, Vergiftungen und bestimmte andere Folgen äußerer Ursachen",7654,58.9,61.5
2022,Bayern,DE-BY,U00-U99,U00-U99 Schlüsselnummern für besondere Zwecke,7602,58.5,62.5
2022,Berlin,DE-BE,,Alle Krankheiten und Folgen äußerer Ursachen,39572,1101.6,1254.5
2022,Berlin,DE-BE,A00-B99,A00-B99 Bestimmte infektiöse und parasitäre Krankheiten,633,17.6,20.0
2022,Berlin,DE-BE,C00-D48,C00-D48 Neubildungen,9327,259.6,294.6
2022,Berlin,DE-BE,D50-D90,D50-D90 Krankheiten des Blutes und der blutbildenden Organe sowie bestimmte Störungen mit Beteiligung des Immunsystems,149,4.1,4.7
2022,Berlin,DE-BE,E00-E90,"E00-E90 Endokrine, Ernährungs- und Stoffwechselkrankheiten",1577,43.9,50.2
2022,Berlin,DE-BE,F00-F99,F00-F99 Psychische und Verhaltensstörungen,2619,72.9,83.9
2022,Berlin,DE-BE,G00-H95,G00-H95 Krankheiten des Nervensystems und der Sinnesorgane,1398,38.9,43.9
2022,Berlin,DE-BE,I00-I99,I00-I99 Krankheiten des Kreislaufsystems,12218,340.1,390.3
2022,Berlin,DE-BE,J00-J99,J00-J99 Krankheiten des Atmungssystems,2842,79.1,90.2
2022,Berlin,DE-BE,K00-K93,K00-K93 Krankheiten des Verdauungssystems,1739,48.4,54.9
2022,Berlin,DE-BE,L00-L99,L00-L99 Krankheiten der Haut und der Unterhaut,76,2.1,2.4
2022,Berlin,DE-BE,M00-M99,M00-M99 Krankheiten des Muskel-Skelett-Systems und des Bindegewebes,219,6.1,7.0
2022,Berlin,DE-BE,N00-N99,N00-N99 Krankheiten des Urogenitalsystems,1158,32.2,37.0
2022,Berlin,DE-BE,O00-O99,"O00-O99 Schwangerschaft, Geburt und Wochenbett",,,
2022,Berlin,DE-BE,P00-P96,"P00-P96 Bestimmte Zustände, die ihren Ursprung in der Perinatalperiode haben",45,1.3,1.2
2022,Berlin,DE-BE,Q00-Q99,"Q00-Q99 Angeborene Fehlbildungen, Deformitäten und Chromosomenanomalien",67,1.9,1.9
2022,Berlin,DE-BE,R00-R99,"R00-R99 Symptome und abnorme klinische und Laborbefunde, die andernorts nicht klassifiziert sind",1913,53.3,59.9
2022,Berlin,DE-BE,S00-T98,"S00-T98 Verletzungen, Vergiftungen und bestimmte andere Folgen äußerer Ursachen",1835,51.1,56.4
2022,Berlin,DE-BE,U00-U99,U00-U99 Schlüsselnummern für besondere Zwecke,1757,48.9,55.9
2022,Brandenburg,DE-BB,,Alle Krankheiten und Folgen äußerer Ursachen,37402,1480.4,1312.3
2022,Brandenburg,DE-BB,A00-B99,A00-B99 Bestimmte infektiöse und parasitäre Krankheiten,575,22.8,20.0
2022,Brandenburg,DE-BB,C00-D48,C00-D48 Neubildungen,8561,338.8,297.8
2022,Brandenburg,DE-BB,D50-D90,D50-D90 Krankheiten des Blutes und der blutbildenden Organe sowie bestimmte Störungen mit Beteiligung des Immunsystems,136,5.4,4.8
2022,Brandenburg,DE-BB,E00-E90,"E00-E90 Endokrine, Ernährungs- und Stoffwechselkrankheiten",1221,48.3,42.7
2022,Brandenburg,DE-BB,F00-F99,F00-F99 Psychische und Verhaltensstörungen,1953,77.3,68.9
2022,Brandenburg,DE-BB,G00-H95,G00-H95 Krankheiten des Nervensystems und der Sinnesorgane,1292,51.1,45.1
2022,Brandenburg,DE-BB,I00-I99,I00-I99 Krankheiten des Kreislaufsystems,13215,523.0,463.6
2022,Brandenburg,DE-BB,J00-J99,J00-J99 Krankheiten des Atmungssystems,2170,85.9,75.7
2022,Brandenburg,DE-BB,K00-K93,K00-K93 Krankheiten des Verdauungssystems,1742,68.9,61.2
2022,Brandenburg,DE-BB,L00-L99,L00-L99 Krankheiten der Haut und der Unterhaut,60,2.4,2.1
2022,Brandenburg,DE-BB,M00-M99,M00-M99 Krankheiten des Muskel-Skelett-Systems und des Bindegewebes,169,6.7,5.9
2022,Brandenburg,DE-BB,N00-N99,N00-N99 Krankheiten des Urogenitalsystems,950,37.6,33.3
2022,Brandenburg,DE-BB,O00-O99,"O00-O99 Schwangerschaft, Geburt und Wochenbett",,,
2022,Brandenburg,DE-BB,P00-P96,"P00-P96 Bestimmte Zustände, die ihren Ursprung in der Perinatalperiode haben",41,1.6,2.1
2022,Brandenburg,DE-BB,Q00-Q99,"Q00-Q99 Angeborene Fehlbildungen, Deformitäten und Chromosomenanomalien",44,1.7,1.8
2022,Brandenburg,DE-BB,R00-R99,"R00-R99 Symptome und abnorme klinische und Laborbefunde, die andernorts nicht klassifiziert sind",1481,58.6,53.0
2022,Brandenburg,DE-BB,S00-T98,"S00-T98 Verletzungen, Vergiftungen und bestimmte andere Folgen äußerer Ursachen",1914,75.8,68.6
2022,Brandenburg,DE-BB,U00-U99,U00-U99 Schlüsselnummern für besondere Zwecke,1878,74.3,65.8
2022,Bremen,DE-HB,,Alle Krankheiten und Folgen äußerer Ursachen,8893,1285.1,1369.8
2022,Bremen,DE-HB,A00-B99,A00-B99 Bestimmte infektiöse und parasitäre Krankheiten,140,20.2,21.5
2022,Bremen,DE-HB,C00-D48,C00-D48 Neubildungen,1991,287.7,307.5
2022,Bremen,DE-HB,D50-D90,D50-D90 Krankheiten des Blutes und der blutbildenden Organe sowie bestimmte Störungen mit Beteiligung des Immunsystems,60,8.7,9.2
2022,Bremen,DE-HB,E00-E90,"E00-E90 Endokrine, Ernährungs- und Stoffwechselkrankheiten",413,59.7,63.6
2022,Bremen,DE-HB,F00-F99,F00-F99 Psychische und Verhaltensstörungen,606,87.6,93.5
2022,Bremen,DE-HB,G00-H95,G00-H95 Krankheiten des Nervensystems und der Sinnesorgane,269,38.9,41.1
2022,Bremen,DE-HB,I00-I99,I00-I99 Krankheiten des Kreislaufsystems,3002,433.8,463.2
2022,Bremen,DE-HB,J00-J99,J00-J99 Krankheiten des Atmungssystems,563,81.4,86.9
2022,Bremen,DE-HB,K00-K93,K00-K93 Krankheiten des Verdauungssystems,380,54.9,58.7
2022,Bremen,DE-HB,L00-L99,L00-L99 Krankheiten der Haut und der Unterhaut,11,1.6,1.7
2022,Bremen,DE-HB,M00-M99,M00-M99 Krankheiten des Muskel-Skelett-Systems und des Bindegewebes,80,11.6,12.3
2022,Bremen,DE-HB,N00-N99,N00-N99 Krankheiten des Urogenitalsystems,186,26.9,28.7
2022,Bremen,DE-HB,O00-O99,"O00-O99 Schwangerschaft, Geburt und Wochenbett",,,
2022,Bremen,DE-HB,P00-P96,"P00-P96 Bestimmte Zustände, die ihren Ursprung in der Perinatalperiode haben",19,2.7,2.5
2022,Bremen,DE-HB,Q00-Q99,"Q00-Q99 Angeborene Fehlbildungen, Deformitäten und Chromosomenanomalien",24,3.5,3.4
2022,Bremen,DE-HB,R00-R99,"R00-R99 Symptome und abnorme klinische und Laborbefunde, die andernorts nicht klassifiziert sind",343,49.6,52.5
2022,Bremen,DE-HB,S00-T98,"S00-T98 Verletzungen, Vergiftungen und bestimmte andere Folgen äußerer Ursachen",342,49.4,52.1
2022,Bremen,DE-HB,U00-U99,U00-U99 Schlüsselnummern für besondere Zwecke,464,67.1,71.3
2022,Hamburg,DE-HH,,Alle Krankheiten und Folgen äußerer Ursachen,19877,1096.6,1274.2
2022,Hamburg,DE-HH,A00-B99,A00-B99 Bestimmte infektiöse und parasitäre Krankheiten,329,18.2,21.0
2022,Hamburg,DE-HH,C00-D48,C00-D48 Neubildungen,4695,259.0,305.3
2022,Hamburg,DE-HH,D50-D90,D50-D90 Krankheiten des Blutes und der blutbildenden Organe sowie bestimmte Störungen mit Beteiligung des Immunsystems,65,3.6,4.1
2022,Hamburg,DE-HH,E00-E90,"E00-E90 Endokrine, Ernährungs- und Stoffwechselkrankheiten",577,31.8,36.9
2022,Hamburg,DE-HH,F00-F99,F00-F99 Psychische und Verhaltensstörungen,1372,75.7,86.8
2022,Hamburg,DE-HH,G00-H95,G00-H95 Krankheiten des Nervensystems und der Sinnesorgane,688,38.0,44.2
2022,Hamburg,DE-HH,I00-I99,I00-I99 Krankheiten des Kreislaufsystems,5267,290.6,336.6
2022,Hamburg,DE-HH,J00-J99,J00-J99 Krankheiten des Atmungssystems,1417,78.2,91.8
2022,Hamburg,DE-HH,K00-K93,K00-K93 Krankheiten des Verdauungssystems,832,45.9,53.4
2022,Hamburg,DE-HH,L00-L99,L00-L99 Krankheiten der Haut und der Unterhaut,52,2.9,3.3
2022,Hamburg,DE-HH,M00-M99,M00-M99 Krankheiten des Muskel-Skelett-Systems und des Bindegewebes,146,8.1,9.4
2022,Hamburg,DE-HH,N00-N99,N00-N99 Krankheiten des Urogenitalsystems,584,32.2,37.3
2022,Hamburg,DE-HH,O00-O99,"O00-O99 Schwangerschaft, Geburt und Wochenbett",,,
2022,Hamburg,DE-HH,P00-P96,"P00-P96 Bestimmte Zustände, die ihren Ursprung in der Perinatalperiode haben",32,1.8,1.5
2022,Hamburg,DE-HH,Q00-Q99,"Q00-Q99 Angeborene Fehlbildungen, Deformitäten und Chromosomenanomalien",46,2.5,2.5
2022,Hamburg,DE-HH,R00-R99,"R00-R99 Symptome und abnorme klinische und Laborbefunde, die andernorts nicht klassifiziert sind",1363,75.2,87.8
2022,Hamburg,DE-HH,S00-T98,"S00-T98 Verletzungen, Vergiftungen und bestimmte andere Folgen äußerer Ursachen",1405,77.5,87.6
2022,Hamburg,DE-HH,U00-U99,U00-U99 Schlüsselnummern für besondere Zwecke,1007,55.6,64.6
2022,Hessen,DE-HE,,Alle Krankheiten und Folgen äußerer Ursachen,75363,1218.1,1276.0
2022,Hessen,DE-HE,A00-B99,A00-B99 Bestimmte infektiöse und parasitäre Krankheiten,1193,19.3,20.2
2022,Hessen,DE-HE,C00-D48,C00-D48 Neubildungen,16950,274.0,285.7
2022,Hessen,DE-HE,D50-D90,D50-D90 Krankheiten des Blutes und der blutbildenden Organe sowie bestimmte Störungen mit Beteiligung des Immunsystems,419,6.8,7.1
2022,Hessen,DE-HE,E00-E90,"E00-E90 Endokrine, Ernährungs- und Stoffwechselkrankheiten",3005,48.6,51.0
2022,Hessen,DE-HE,F00-F99,F00-F99 Psychische und Verhaltensstörungen,4734,76.5,80.5
2022,Hessen,DE-HE,G00-H95,G00-H95 Krankheiten des Nervensystems und der Sinnesorgane,2659,43.0,45.1
2022,Hessen,DE-HE,I00-I99,I00-I99 Krankheiten des Kreislaufsystems,26558,429.3,451.4
2022,Hessen,DE-HE,J00-J99,J00-J99 Krankheiten des Atmungssystems,4962,80.2,84.1
2022,Hessen,DE-HE,K00-K93,K00-K93 Krankheiten des Verdauungssystems,3029,49.0,50.9
2022,Hessen,DE-HE,L00-L99,L00-L99 Krankheiten der Haut und der Unterhaut,161,2.6,2.7
2022,Hessen,DE-HE,M00-M99,M00-M99 Krankheiten des Muskel-Skelett-Systems und des Bindegewebes,411,6.6,7.0
2022,Hessen,DE-HE,N00-N99,N00-N99 Krankheiten des Urogenitalsystems,2191,35.4,37.3
2022,Hessen,DE-HE,O00-O99,"O00-O99 Schwangerschaft, Geburt und Wochenbett",,,
2022,Hessen,DE-HE,P00-P96,"P00-P96 Bestimmte Zustände, die ihren Ursprung in der Perinatalperiode haben",111,1.8,1.8
2022,Hessen,DE-HE,Q00-Q99,"Q00-Q99 Angeborene Fehlbildungen, Deformitäten und Chromosomenanomalien",199,3.2,3.2
2022,Hessen,DE-HE,R00-R99,"R00-R99 Symptome und abnorme klinische und Laborbefunde, die andernorts nicht klassifiziert sind",1718,27.8,28.7
2022,Hessen,DE-HE,S00-T98,"S00-T98 Verletzungen, Vergiftungen und bestimmte andere Folgen äußerer Ursachen",3322,53.7,55.6
2022,Hessen,DE-HE,U00-U99,U00-U99 Schlüsselnummern für besondere Zwecke,3738,60.4,63.5
2022,Mecklenburg-Vorpommern,DE-MV,,Alle Krankheiten und Folgen äußerer Ursachen,25377,1619.7,1401.4
2022,Mecklenburg-Vorpommern,DE-MV,A00-B99,A00-B99 Bestimmte infektiöse und parasitäre Krankheiten,297,19.0,16.4
2022,Mecklenburg-Vorpommern,DE-MV,C00-D48,C00-D48 Neubildungen,5977,381.5,327.1
2022,Mecklenburg-Vorpommern,DE-MV,D50-D90,D50-D90 Krankheiten des Blutes und der blutbildenden Organe sowie bestimmte Störungen mit Beteiligung des Immunsystems,68,4.3,3.7
2022,Mecklenburg-Vorpommern,DE-MV,E00-E90,"E00-E90 Endokrine, Ernährungs- und Stoffwechselkrankheiten",969,61.8,53.5
2022,Mecklenburg-Vorpommern,DE-MV,F00-F99,F00-F99 Psychische und Verhaltensstörungen,1645,105.0,91.6
2022,Mecklenburg-Vorpommern,DE-MV,G00-H95,G00-H95 Krankheiten des Nervensystems und der Sinnesorgane,867,55.3,47.9
2022,Mecklenburg-Vorpommern,DE-MV,I00-I99,I00-I99 Krankheiten des Kreislaufsystems,9227,588.9,508.3
2022,Mecklenburg-Vorpommern,DE-MV,J00-J99,J00-J99 Krankheiten des Atmungssystems,1359,86.7,74.3
2022,Mecklenburg-Vorpommern,DE-MV,K00-K93,K00-K93 Krankheiten des Verdauungssystems,1223,78.1,67.8
2022,Mecklenburg-Vorpommern,DE-MV,L00-L99,L00-L99 Krankheiten der Haut und der Unterhaut,40,2.6,2.2
2022,Mecklenburg-Vorpommern,DE-MV,M00-M99,M00-M99 Krankheiten des Muskel-Skelett-Systems und des Bindegewebes,80,5.1,4.5
2022,Mecklenburg-Vorpommern,DE-MV,N00-N99,N00-N99 Krankheiten des Urogenitalsystems,531,33.9,29.2
2022,Mecklenburg-Vorpommern,DE-MV,O00-O99,"O00-O99 Schwangerschaft, Geburt und Wochenbett",,,
2022,Mecklenburg-Vorpommern,DE-MV,P00-P96,"P00-P96 Bestimmte Zustände, die ihren Ursprung in der Perinatalperiode haben",22,1.4,1.8
2022,Mecklenburg-Vorpommern,DE-MV,Q00-Q99,"Q00-Q99 Angeborene Fehlbildungen, Deformitäten und Chromosomenanomalien",35,2.2,2.3
2022,Mecklenburg-Vorpommern,DE-MV,R00-R99,"R00-R99 Symptome und abnorme klinische und Laborbefunde, die andernorts nicht klassifiziert sind",468,29.9,26.3
2022,Mecklenburg-Vorpommern,DE-MV,S00-T98,"S00-T98 Verletzungen, Vergiftungen und bestimmte andere Folgen äußerer Ursachen",1046,66.8,60.2
2022,Mecklenburg-Vorpommern,DE-MV,U00-U99,U00-U99 Schlüsselnummern für besondere Zwecke,1522,97.1,84.1
2022,Niedersachsen,DE-NI,,Alle Krankheiten und Folgen äußerer Ursachen,108407,1368.3,1340.8
2022,Niedersachsen,DE-NI,A00-B99,A00-B99 Bestimmte infektiöse und parasitäre Krankheiten,1447,18.3,17.9
2022,Niedersachsen,DE-NI,C00-D48,C00-D48 Neubildungen,24396,307.9,301.9
2022,Niedersachsen,DE-NI,D50-D90,D50-D90 Krankheiten des Blutes und der blutbildenden Organe sowie bestimmte Störungen mit Beteiligung des Immunsystems,418,5.3,5.2
2022,Niedersachsen,DE-NI,E00-E90,"E00-E90 Endokrine, Ernährungs- und Stoffwechselkrankheiten",3954,49.9,48.9
2022,Niedersachsen,DE-NI,F00-F99,F00-F99 Psychische und Verhaltensstörungen,8173,103.2,101.1
2022,Niedersachsen,DE-NI,G00-H95,G00-H95 Krankheiten des Nervensystems und der Sinnesorgane,3691,46.6,45.7
2022,Niedersachsen,DE-NI,I00-I99,I00-I99 Krankheiten des Kreislaufsystems,38397,484.6,474.3
2022,Niedersachsen,DE-NI,J00-J99,J00-J99 Krankheiten des Atmungssystems,7701,97.2,95.2
2022,Niedersachsen,DE-NI,K00-K93,K00-K93 Krankheiten des Verdauungssystems,4342,54.8,53.8
2022,Niedersachsen,DE-NI,L00-L99,L00-L99 Krankheiten der Haut und der Unterhaut,163,2.1,2.0
2022,Niedersachsen,DE-NI,M00-M99,M00-M99 Krankheiten des Muskel-Skelett-Systems und des Bindegewebes,519,6.6,6.4
2022,Niedersachsen,DE-NI,N00-N99,N00-N99 Krankheiten des Urogenitalsystems,3364,42.5,41.6
2022,Niedersachsen,DE-NI,O00-O99,"O00-O99 Schwangerschaft, Geburt und Wochenbett",,,
2022,Niedersachsen,DE-NI,P00-P96,"P00-P96 Bestimmte Zustände, die ihren Ursprung in der Perinatalperiode haben",165,2.1,2.1
2022,Niedersachsen,DE-NI,Q00-Q99,"Q00-Q99 Angeborene Fehlbildungen, Deformitäten und Chromosomenanomalien",200,2.5,2.5
2022,Niedersachsen,DE-NI,R00-R99,"R00-R99 Symptome und abnorme klinische und Laborbefunde, die andernorts nicht klassifiziert sind",3405,43.0,42.3
2022,Niedersachsen,DE-NI,S00-T98,"S00-T98 Verletzungen, Vergiftungen und bestimmte andere Folgen äußerer Ursachen",3525,44.5,43.8
2022,Niedersachsen,DE-NI,U00-U99,U00-U99 Schlüsselnummern für besondere Zwecke,4545,57.4,56.2
2022,Nordrhein-Westfalen,DE-NW,,Alle Krankheiten und Folgen äußerer Ursachen,234176,1311.5,1334.0
2022,Nordrhein-Westfalen,DE-NW,A00-B99,A00-B99 Bestimmte infektiöse und parasitäre Krankheiten,4409,24.7,25.2
2022,Nordrhein-Westfalen,DE-NW,C00-D48,C00-D48 Neubildungen,53635,300.4,307.2
2022,Nordrhein-Westfalen,DE-NW,D50-D90,D50-D90 Krankheiten des Blutes und der blutbildenden Organe sowie bestimmte Störungen mit Beteiligung des Immunsystems,1242,7.0,7.1
2022,Nordrhein-Westfalen,DE-NW,E00-E90,"E00-E90 Endokrine, Ernährungs- und Stoffwechselkrankheiten",8536,47.8,48.6
2022,Nordrhein-Westfalen,DE-NW,F00-F99,F00-F99 Psychische und Verhaltensstörungen,15903,89.1,90.0
2022,Nordrhein-Westfalen,DE-NW,G00-H95,G00-H95 Krankheiten des Nervensystems und der Sinnesorgane,9181,51.4,52.5
2022,Nordrhein-Westfalen,DE-NW,I00-I99,I00-I99 Krankheiten des Kreislaufsystems,67117,375.9,381.2
2022,Nordrhein-Westfalen,DE-NW,J00-J99,J00-J99 Krankheiten des Atmungssystems,15856,88.8,90.8
2022,Nordrhein-Westfalen,DE-NW,K00-K93,K00-K93 Krankheiten des Verdauungssystems,9001,50.4,51.3
2022,Nordrhein-Westfalen,DE-NW,L00-L99,L00-L99 Krankheiten der Haut und der Unterhaut,389,2.2,2.2
2022,Nordrhein-Westfalen,DE-NW,M00-M99,M00-M99 Krankheiten des Muskel-Skelett-Systems und des Bindegewebes,1621,9.1,9.2
2022,Nordrhein-Westfalen,DE-NW,N00-N99,N00-N99 Krankheiten des Urogenitalsystems,6483,36.3,36.9
2022,Nordrhein-Westfalen,DE-NW,O00-O99,"O00-O99 Schwangerschaft, Geburt und Wochenbett",,,
2022,Nordrhein-Westfalen,DE-NW,P00-P96,"P00-P96 Bestimmte Zustände, die ihren Ursprung in der Perinatalperiode haben",314,1.8,1.7
2022,Nordrhein-Westfalen,DE-NW,Q00-Q99,"Q00-Q99 Angeborene Fehlbildungen, Deformitäten und Chromosomenanomalien",505,2.8,2.8
2022,Nordrhein-Westfalen,DE-NW,R00-R99,"R00-R99 Symptome und abnorme klinische und Laborbefunde, die andernorts nicht klassifiziert sind",19785,110.8,112.6
2022,Nordrhein-Westfalen,DE-NW,S00-T98,"S00-T98 Verletzungen, Vergiftungen und bestimmte andere Folgen äußerer Ursachen",9223,51.7,52.2
2022,Nordrhein-Westfalen,DE-NW,U00-U99,U00-U99 Schlüsselnummern für besondere Zwecke,10967,61.4,62.5
2022,Rheinland-Pfalz,DE-RP,,Alle Krankheiten und Folgen äußerer Ursachen,53936,1321.8,1315.3
2022,Rheinland-Pfalz,DE-RP,A00-B99,A00-B99 Bestimmte infektiöse und parasitäre Krankheiten,929,22.8,22.7
2022,Rheinland-Pfalz,DE-RP,C00-D48,C00-D48 Neubildungen,12222,299.5,297.1
2022,Rheinland-Pfalz,DE-RP,D50-D90,D50-D90 Krankheiten des Blutes und der blutbildenden Organe sowie bestimmte Störungen mit Beteiligung des Immunsystems,321,7.9,7.8
2022,Rheinland-Pfalz,DE-RP,E00-E90,"E00-E90 Endokrine, Ernährungs- und Stoffwechselkrankheiten",2140,52.4,52.3
2022,Rheinland-Pfalz,DE-RP,F00-F99,F00-F99 Psychische und Verhaltensstörungen,3153,77.3,77.2
2022,Rheinland-Pfalz,DE-RP,G00-H95,G00-H95 Krankheiten des Nervensystems und der Sinnesorgane,1933,47.4,47.4
2022,Rheinland-Pfalz,DE-RP,I00-I99,I00-I99 Krankheiten des Kreislaufsystems,19239,471.5,469.4
2022,Rheinland-Pfalz,DE-RP,J00-J99,J00-J99 Krankheiten des Atmungssystems,3454,84.6,84.2
2022,Rheinland-Pfalz,DE-RP,K00-K93,K00-K93 Krankheiten des Verdauungssystems,2329,57.1,56.5
2022,Rheinland-Pfalz,DE-RP,L00-L99,L00-L99 Krankheiten der Haut und der Unterhaut,91,2.2,2.2
2022,Rheinland-Pfalz,DE-RP,M00-M99,M00-M99 Krankheiten des Muskel-Skelett-Systems und des Bindegewebes,367,9.0,9.0
2022,Rheinland-Pfalz,DE-RP,N00-N99,N00-N99 Krankheiten des Urogenitalsystems,1391,34.1,34.0
2022,Rheinland-Pfalz,DE-RP,O00-O99,"O00-O99 Schwangerschaft, Geburt und Wochenbett",,,
2022,Rheinland-Pfalz,DE-RP,P00-P96,"P00-P96 Bestimmte Zustände, die ihren Ursprung in der Perinatalperiode haben",90,2.2,2.2
2022,Rheinland-Pfalz,DE-RP,Q00-Q99,"Q00-Q99 Angeborene Fehlbildungen, Deformitäten und Chromosomenanomalien",113,2.8,2.7
2022,Rheinland-Pfalz,DE-RP,R00-R99,"R00-R99 Symptome und abnorme klinische und Laborbefunde, die andernorts nicht klassifiziert sind",1016,24.9,24.7
2022,Rheinland-Pfalz,DE-RP,S00-T98,"S00-T98 Verletzungen, Vergiftungen und bestimmte andere Folgen äußerer Ursachen",2356,57.7,57.6
2022,Rheinland-Pfalz,DE-RP,U00-U99,U00-U99 Schlüsselnummern für besondere Zwecke,2790,68.4,68.2
2022,Saarland,DE-SL,,Alle Krankheiten und Folgen äußerer Ursachen,15409,1530.8,1411.8
2022,Saarland,DE-SL,A00-B99,A00-B99 Bestimmte infektiöse und parasitäre Krankheiten,230,22.8,21.2
2022,Saarland,DE-SL,C00-D48,C00-D48 Neubildungen,3371,334.9,308.7
2022,Saarland,DE-SL,D50-D90,D50-D90 Krankheiten des Blutes und der blutbildenden Organe sowie bestimmte Störungen mit Beteiligung des Immunsystems,63,6.3,5.8
2022,Saarland,DE-SL,E00-E90,"E00-E90 Endokrine, Ernährungs- und Stoffwechselkrankheiten",752,74.7,68.8
2022,Saarland,DE-SL,F00-F99,F00-F99 Psychische und Verhaltensstörungen,943,93.7,86.8
2022,Saarland,DE-SL,G00-H95,G00-H95 Krankheiten des Nervensystems und der Sinnesorgane,503,50.0,46.3
2022,Saarland,DE-SL,I00-I99,I00-I99 Krankheiten des Kreislaufsystems,4753,472.2,433.9
2022,Saarland,DE-SL,J00-J99,J00-J99 Krankheiten des Atmungssystems,1007,100.0,91.6
2022,Saarland,DE-SL,K00-K93,K00-K93 Krankheiten des Verdauungssystems,626,62.2,57.5
2022,Saarland,DE-SL,L00-L99,L00-L99 Krankheiten der Haut und der Unterhaut,30,3.0,2.7
2022,Saarland,DE-SL,M00-M99,M00-M99 Krankheiten des Muskel-Skelett-Systems und des Bindegewebes,89,8.8,8.2
2022,Saarland,DE-SL,N00-N99,N00-N99 Krankheiten des Urogenitalsystems,458,45.5,42.0
2022,Saarland,DE-SL,O00-O99,"O00-O99 Schwangerschaft, Geburt und Wochenbett",,,
2022,Saarland,DE-SL,P00-P96,"P00-P96 Bestimmte Zustände, die ihren Ursprung in der Perinatalperiode haben",7,0.7,0.8
2022,Saarland,DE-SL,Q00-Q99,"Q00-Q99 Angeborene Fehlbildungen, Deformitäten und Chromosomenanomalien",27,2.7,2.6
2022,Saarland,DE-SL,R00-R99,"R00-R99 Symptome und abnorme klinische und Laborbefunde, die andernorts nicht klassifiziert sind",1057,105.0,97.5
2022,Saarland,DE-SL,S00-T98,"S00-T98 Verletzungen, Vergiftungen und bestimmte andere Folgen äußerer Ursachen",630,62.6,58.5
2022,Saarland,DE-SL,U00-U99,U00-U99 Schlüsselnummern für besondere Zwecke,863,85.7,79.0
2022,Sachsen,DE-SN,,Alle Krankheiten und Folgen äußerer Ursachen,60066,1491.6,1250.2
2022,Sachsen,DE-SN,A00-B99,A00-B99 Bestimmte infektiöse und parasitäre Krankheiten,664,16.5,13.7
2022,Sachsen,DE-SN,C00-D48,C00-D48 Neubildungen,13055,324.2,278.0
2022,Sachsen,DE-SN,D50-D90,D50-D90 Krankheiten des Blutes und der blutbildenden Organe sowie bestimmte Störungen mit Beteiligung des Immunsystems,253,6.3,5.3
2022,Sachsen,DE-SN,E00-E90,"E00-E90 Endokrine, Ernährungs- und Stoffwechselkrankheiten",2122,52.7,43.8
2022,Sachsen,DE-SN,F00-F99,F00-F99 Psychische und Verhaltensstörungen,3542,88.0,72.2
2022,Sachsen,DE-SN,G00-H95,G00-H95 Krankheiten des Nervensystems und der Sinnesorgane,2171,53.9,45.0
2022,Sachsen,DE-SN,I00-I99,I00-I99 Krankheiten des Kreislaufsystems,23674,587.9,482.7
2022,Sachsen,DE-SN,J00-J99,J00-J99 Krankheiten des Atmungssystems,2890,71.8,59.8
2022,Sachsen,DE-SN,K00-K93,K00-K93 Krankheiten des Verdauungssystems,2830,70.3,62.1
2022,Sachsen,DE-SN,L00-L99,L00-L99 Krankheiten der Haut und der Unterhaut,92,2.3,1.9
2022,Sachsen,DE-SN,M00-M99,M00-M99 Krankheiten des Muskel-Skelett-Systems und des Bindegewebes,414,10.3,8.5
2022,Sachsen,DE-SN,N00-N99,N00-N99 Krankheiten des Urogenitalsystems,1036,25.7,21.0
2022,Sachsen,DE-SN,O00-O99,"O00-O99 Schwangerschaft, Geburt und Wochenbett",,,
2022,Sachsen,DE-SN,P00-P96,"P00-P96 Bestimmte Zustände, die ihren Ursprung in der Perinatalperiode haben",46,1.1,1.3
2022,Sachsen,DE-SN,Q00-Q99,"Q00-Q99 Angeborene Fehlbildungen, Deformitäten und Chromosomenanomalien",110,2.7,2.8
2022,Sachsen,DE-SN,R00-R99,"R00-R99 Symptome und abnorme klinische und Laborbefunde, die andernorts nicht klassifiziert sind",988,24.5,22.1
2022,Sachsen,DE-SN,S00-T98,"S00-T98 Verletzungen, Vergiftungen und bestimmte andere Folgen äußerer Ursachen",3174,78.8,68.5
2022,Sachsen,DE-SN,U00-U99,U00-U99 Schlüsselnummern für besondere Zwecke,3002,74.5,61.4
2022,Sachsen-Anhalt,DE-ST,,Alle Krankheiten und Folgen äußerer Ursachen,37281,1740.9,1450.6
2022,Sachsen-Anhalt,DE-ST,A00-B99,A00-B99 Bestimmte infektiöse und parasitäre Krankheiten,330,15.4,12.8
2022,Sachsen-Anhalt,DE-ST,C00-D48,C00-D48 Neubildungen,8502,397.0,329.4
2022,Sachsen-Anhalt,DE-ST,D50-D90,D50-D90 Krankheiten des Blutes und der blutbildenden Organe sowie bestimmte Störungen mit Beteiligung des Immunsystems,156,7.3,6.1
2022,Sachsen-Anhalt,DE-ST,E00-E90,"E00-E90 Endokrine, Ernährungs- und Stoffwechselkrankheiten",1694,79.1,65.8
2022,Sachsen-Anhalt,DE-ST,F00-F99,F00-F99 Psychische und Verhaltensstörungen,1752,81.8,68.6
2022,Sachsen-Anhalt,DE-ST,G00-H95,G00-H95 Krankheiten des Nervensystems und der Sinnesorgane,1320,61.6,51.2
2022,Sachsen-Anhalt,DE-ST,I00-I99,I00-I99 Krankheiten des Kreislaufsystems,14255,665.7,551.2
2022,Sachsen-Anhalt,DE-ST,J00-J99,J00-J99 Krankheiten des Atmungssystems,1874,87.5,71.8
2022,Sachsen-Anhalt,DE-ST,K00-K93,K00-K93 Krankheiten des Verdauungssystems,1666,77.8,66.1
2022,Sachsen-Anhalt,DE-ST,L00-L99,L00-L99 Krankheiten der Haut und der Unterhaut,54,2.5,2.1
2022,Sachsen-Anhalt,DE-ST,M00-M99,M00-M99 Krankheiten des Muskel-Skelett-Systems und des Bindegewebes,230,10.7,8.9
2022,Sachsen-Anhalt,DE-ST,N00-N99,N00-N99 Krankheiten des Urogenitalsystems,1039,48.5,39.9
2022,Sachsen-Anhalt,DE-ST,O00-O99,"O00-O99 Schwangerschaft, Geburt und Wochenbett",,,
2022,Sachsen-Anhalt,DE-ST,P00-P96,"P00-P96 Bestimmte Zustände, die ihren Ursprung in der Perinatalperiode haben",13,0.6,0.8
2022,Sachsen-Anhalt,DE-ST,Q00-Q99,"Q00-Q99 Angeborene Fehlbildungen, Deformitäten und Chromosomenanomalien",70,3.3,3.3
2022,Sachsen-Anhalt,DE-ST,R00-R99,"R00-R99 Symptome und abnorme klinische und Laborbefunde, die andernorts nicht klassifiziert sind",707,33.0,29.8
2022,Sachsen-Anhalt,DE-ST,S00-T98,"S00-T98 Verletzungen, Vergiftungen und bestimmte andere Folgen äußerer Ursachen",1441,67.3,59.0
2022,Sachsen-Anhalt,DE-ST,U00-U99,U00-U99 Schlüsselnummern für besondere Zwecke,2177,101.7,83.8
2022,Schleswig-Holstein,DE-SH,,Alle Krankheiten und Folgen äußerer Ursachen,40697,1392.5,1321.8
2022,Schleswig-Holstein,DE-SH,A00-B99,A00-B99 Bestimmte infektiöse und parasitäre Krankheiten,636,21.8,20.6
2022,Schleswig-Holstein,DE-SH,C00-D48,C00-D48 Neubildungen,9734,333.1,314.7
2022,Schleswig-Holstein,DE-SH,D50-D90,D50-D90 Krankheiten des Blutes und der blutbildenden Organe sowie bestimmte Störungen mit Beteiligung des Immunsystems,171,5.9,5.6
2022,Schleswig-Holstein,DE-SH,E00-E90,"E00-E90 Endokrine, Ernährungs- und Stoffwechselkrankheiten",1277,43.7,41.6
2022,Schleswig-Holstein,DE-SH,F00-F99,F00-F99 Psychische und Verhaltensstörungen,2696,92.2,88.2
2022,Schleswig-Holstein,DE-SH,G00-H95,G00-H95 Krankheiten des Nervensystems und der Sinnesorgane,1575,53.9,50.7
2022,Schleswig-Holstein,DE-SH,I00-I99,I00-I99 Krankheiten des Kreislaufsystems,13899,475.6,452.1
2022,Schleswig-Holstein,DE-SH,J00-J99,J00-J99 Krankheiten des Atmungssystems,2532,86.6,81.6
2022,Schleswig-Holstein,DE-SH,K00-K93,K00-K93 Krankheiten des Verdauungssystems,1872,64.1,61.0
2022,Schleswig-Holstein,DE-SH,L00-L99,L00-L99 Krankheiten der Haut und der Unterhaut,56,1.9,1.8
2022,Schleswig-Holstein,DE-SH,M00-M99,M00-M99 Krankheiten des Muskel-Skelett-Systems und des Bindegewebes,245,8.4,7.9
2022,Schleswig-Holstein,DE-SH,N00-N99,N00-N99 Krankheiten des Urogenitalsystems,1056,36.1,34.3
2022,Schleswig-Holstein,DE-SH,O00-O99,"O00-O99 Schwangerschaft, Geburt und Wochenbett",,,
2022,Schleswig-Holstein,DE-SH,P00-P96,"P00-P96 Bestimmte Zustände, die ihren Ursprung in der Perinatalperiode haben",39,1.3,1.4
2022,Schleswig-Holstein,DE-SH,Q00-Q99,"Q00-Q99 Angeborene Fehlbildungen, Deformitäten und Chromosomenanomalien",83,2.8,2.9
2022,Schleswig-Holstein,DE-SH,R00-R99,"R00-R99 Symptome und abnorme klinische und Laborbefunde, die andernorts nicht klassifiziert sind",624,21.4,20.6
2022,Schleswig-Holstein,DE-SH,S00-T98,"S00-T98 Verletzungen, Vergiftungen und bestimmte andere Folgen äußerer Ursachen",2182,74.7,71.5
2022,Schleswig-Holstein,DE-SH,U00-U99,U00-U99 Schlüsselnummern für besondere Zwecke,2020,69.1,65.4
2022,Thüringen,DE-TH,,Alle Krankheiten und Folgen äußerer Ursachen,32795,1555.1,1353.8
2022,Thüringen,DE-TH,A00-B99,A00-B99 Bestimmte infektiöse und parasitäre Krankheiten,527,25.0,21.6
2022,Thüringen,DE-TH,C00-D48,C00-D48 Neubildungen,7001,332.0,284.4
2022,Thüringen,DE-TH,D50-D90,D50-D90 Krankheiten des Blutes und der blutbildenden Organe sowie bestimmte Störungen mit Beteiligung des Immunsystems,179,8.5,7.5
2022,Thüringen,DE-TH,E00-E90,"E00-E90 Endokrine, Ernährungs- und Stoffwechselkrankheiten",1540,73.0,63.5
2022,Thüringen,DE-TH,F00-F99,F00-F99 Psychische und Verhaltensstörungen,1385,65.7,57.9
2022,Thüringen,DE-TH,G00-H95,G00-H95 Krankheiten des Nervensystems und der Sinnesorgane,1031,48.9,42.0
2022,Thüringen,DE-TH,I00-I99,I00-I99 Krankheiten des Kreislaufsystems,11890,563.8,492.4
2022,Thüringen,DE-TH,J00-J99,J00-J99 Krankheiten des Atmungssystems,2321,110.1,94.7
2022,Thüringen,DE-TH,K00-K93,K00-K93 Krankheiten des Verdauungssystems,1505,71.4,62.6
2022,Thüringen,DE-TH,L00-L99,L00-L99 Krankheiten der Haut und der Unterhaut,73,3.5,3.0
2022,Thüringen,DE-TH,M00-M99,M00-M99 Krankheiten des Muskel-Skelett-Systems und des Bindegewebes,138,6.5,5.6
2022,Thüringen,DE-TH,N00-N99,N00-N99 Krankheiten des Urogenitalsystems,1095,51.9,45.3
2022,Thüringen,DE-TH,O00-O99,"O00-O99 Schwangerschaft, Geburt und Wochenbett",,,
2022,Thüringen,DE-TH,P00-P96,"P00-P96 Bestimmte Zustände, die ihren Ursprung in der Perinatalperiode haben",27,1.3,1.6
2022,Thüringen,DE-TH,Q00-Q99,"Q00-Q99 Angeborene Fehlbildungen, Deformitäten und Chromosomenanomalien",64,3.0,3.1
2022,Thüringen,DE-TH,R00-R99,"R00-R99 Symptome und abnorme klinische und Laborbefunde, die andernorts nicht klassifiziert sind",871,41.3,37.2
2022,Thüringen,DE-TH,S00-T98,"S00-T98 Verletzungen, Vergiftungen und bestimmte andere Folgen äußerer Ursachen",1302,61.7,55.7
2022,Thüringen,DE-TH,U00-U99,U00-U99 Schlüsselnummern für besondere Zwecke,1844,87.4,75.7
2022,Früheres Bundesgebiet und Berlin-Ost,DE-WEST,,Alle Krankheiten und Folgen äußerer Ursachen,873420,1244.9,1284.0
2022,Früheres Bundesgebiet und Berlin-Ost,DE-WEST,A00-B99,A00-B99 Bestimmte infektiöse und parasitäre Krankheiten,14954,21.3,22.0
2022,Früheres Bundesgebiet und Berlin-Ost,DE-WEST,C00-D48,C00-D48 Neubildungen,196852,280.6,289.3
2022,Früheres Bundesgebiet und Berlin-Ost,DE-WEST,D50-D90,D50-D90 Krankheiten des Blutes und der blutbildenden Organe sowie bestimmte Störungen mit Beteiligung des Immunsystems,4413,6.3,6.5
2022,Früheres Bundesgebiet und Berlin-Ost,DE-WEST,E00-E90,"E00-E90 Endokrine, Ernährungs- und Stoffwechselkrankheiten",33015,47.1,48.6
2022,Früheres Bundesgebiet und Berlin-Ost,DE-WEST,F00-F99,F00-F99 Psychische und Verhaltensstörungen,58500,83.4,86.1
2022,Früheres Bundesgebiet und Berlin-Ost,DE-WEST,G00-H95,G00-H95 Krankheiten des Nervensystems und der Sinnesorgane,32599,46.5,48.0
2022,Früheres Bundesgebiet und Berlin-Ost,DE-WEST,I00-I99,I00-I99 Krankheiten des Kreislaufsystems,285958,407.6,420.9
2022,Früheres Bundesgebiet und Berlin-Ost,DE-WEST,J00-J99,J00-J99 Krankheiten des Atmungssystems,57019,81.3,84.0
2022,Früheres Bundesgebiet und Berlin-Ost,DE-WEST,K00-K93,K00-K93 Krankheiten des Verdauungssystems,37071,52.8,54.4
2022,Früheres Bundesgebiet und Berlin-Ost,DE-WEST,L00-L99,L00-L99 Krankheiten der Haut und der Unterhaut,1637,2.3,2.4
2022,Früheres Bundesgebiet und Berlin-Ost,DE-WEST,M00-M99,M00-M99 Krankheiten des Muskel-Skelett-Systems und des Bindegewebes,5795,8.3,8.5
2022,Früheres Bundesgebiet und Berlin-Ost,DE-WEST,N00-N99,N00-N99 Krankheiten des Urogenitalsystems,24286,34.6,35.8
2022,Früheres Bundesgebiet und Berlin-Ost,DE-WEST,O00-O99,"O00-O99 Schwangerschaft, Geburt und Wochenbett",,,
2022,Früheres Bundesgebiet und Berlin-Ost,DE-WEST,P00-P96,"P00-P96 Bestimmte Zustände, die ihren Ursprung in der Perinatalperiode haben",1223,1.7,1.7
2022,Früheres Bundesgebiet und Berlin-Ost,DE-WEST,Q00-Q99,"Q00-Q99 Angeborene Fehlbildungen, Deformitäten und Chromosomenanomalien",1944,2.8,2.8
2022,Früheres Bundesgebiet und Berlin-Ost,DE-WEST,R00-R99,"R00-R99 Symptome und abnorme klinische und Laborbefunde, die andernorts nicht klassifiziert sind",36556,52.1,53.5
2022,Früheres Bundesgebiet und Berlin-Ost,DE-WEST,S00-T98,"S00-T98 Verletzungen, Vergiftungen und bestimmte andere Folgen äußerer Ursachen",39035,55.6,57.0
2022,Früheres Bundesgebiet und Berlin-Ost,DE-WEST,U00-U99,U00-U99 Schlüsselnummern für besondere Zwecke,42540,60.6,62.6
2022,Neue Länder ohne Berlin-Ost,DE-EAST,,Alle Krankheiten und Folgen äußerer Ursachen,192921,1559.5,1334.2
2022,Neue Länder ohne Berlin-Ost,DE-EAST,A00-B99,A00-B99 Bestimmte infektiöse und parasitäre Krankheiten,2393,19.3,16.5
2022,Neue Länder ohne Berlin-Ost,DE-EAST,C00-D48,C00-D48 Neubildungen,43096,348.4,298.5
2022,Neue Länder ohne Berlin-Ost,DE-EAST,D50-D90,D50-D90 Krankheiten des Blutes und der blutbildenden Organe sowie bestimmte Störungen mit Beteiligung des Immunsystems,792,6.4,5.5
2022,Neue Länder ohne Berlin-Ost,DE-EAST,E00-E90,"E00-E90 Endokrine, Ernährungs- und Stoffwechselkrankheiten",7546,61.0,52.0
2022,Neue Länder ohne Berlin-Ost,DE-EAST,F00-F99,F00-F99 Psychische und Verhaltensstörungen,10277,83.1,70.9
2022,Neue Länder ohne Berlin-Ost,DE-EAST,G00-H95,G00-H95 Krankheiten des Nervensystems und der Sinnesorgane,6681,54.0,45.9
2022,Neue Länder ohne Berlin-Ost,DE-EAST,I00-I99,I00-I99 Krankheiten des Kreislaufsystems,72261,584.1,496.0
2022,Neue Länder ohne Berlin-Ost,DE-EAST,J00-J99,J00-J99 Krankheiten des Atmungssystems,10614,85.8,72.7
2022,Neue Länder ohne Berlin-Ost,DE-EAST,K00-K93,K00-K93 Krankheiten des Verdauungssystems,8966,72.5,63.4
2022,Neue Länder ohne Berlin-Ost,DE-EAST,L00-L99,L00-L99 Krankheiten der Haut und der Unterhaut,319,2.6,2.2
2022,Neue Länder ohne Berlin-Ost,DE-EAST,M00-M99,M00-M99 Krankheiten des Muskel-Skelett-Systems und des Bindegewebes,1031,8.3,7.1
2022,Neue Länder ohne Berlin-Ost,DE-EAST,N00-N99,N00-N99 Krankheiten des Urogenitalsystems,4651,37.6,31.8
2022,Neue Länder ohne Berlin-Ost,DE-EAST,O00-O99,"O00-O99 Schwangerschaft, Geburt und Wochenbett",,,
2022,Neue Länder ohne Berlin-Ost,DE-EAST,P00-P96,"P00-P96 Bestimmte Zustände, die ihren Ursprung in der Perinatalperiode haben",149,1.2,1.5
2022,Neue Länder ohne Berlin-Ost,DE-EAST,Q00-Q99,"Q00-Q99 Angeborene Fehlbildungen, Deformitäten und Chromosomenanomalien",323,2.6,2.7
2022,Neue Länder ohne Berlin-Ost,DE-EAST,R00-R99,"R00-R99 Symptome und abnorme klinische und Laborbefunde, die andernorts nicht klassifiziert sind",4515,36.5,32.8
2022,Neue Länder ohne Berlin-Ost,DE-EAST,S00-T98,"S00-T98 Verletzungen, Vergiftungen und bestimmte andere Folgen äußerer Ursachen",8877,71.8,63.6
2022,Neue Länder ohne Berlin-Ost,DE-EAST,U00-U99,U00-U99 Schlüsselnummern für besondere Zwecke,10423,84.3,71.4
2023,Deutschland,DE,,Alle Krankheiten und Folgen äußerer Ursachen,1028206,1234.5,1234.2
2023,Deutschland,DE,A00-B99,A00-B99 Bestimmte infektiöse und parasitäre Krankheiten,18385,22.1,22.1
2023,Deutschland,DE,C00-D48,C00-D48 Neubildungen,238622,286.5,286.4
2023,Deutschland,DE,D50-D90,D50-D90 Krankheiten des Blutes und der blutbildenden Organe sowie bestimmte Störungen mit Beteiligung des Immunsystems,5240,6.3,6.3
2023,Deutschland,DE,E00-E90,"E00-E90 Endokrine, Ernährungs- und Stoffwechselkrankheiten",39137,47.0,46.9
2023,Deutschland,DE,F00-F99,F00-F99 Psychische und Verhaltensstörungen,69445,83.4,83.4
2023,Deutschland,DE,G00-H95,G00-H95 Krankheiten des Nervensystems und der Sinnesorgane,39225,47.1,47.1
2023,Deutschland,DE,I00-I99,I00-I99 Krankheiten des Kreislaufsystems,348312,418.2,417.9
2023,Deutschland,DE,J00-J99,J00-J99 Krankheiten des Atmungssystems,72502,87.1,87.0
2023,Deutschland,DE,K00-K93,K00-K93 Krankheiten des Verdauungssystems,45676,54.8,54.8
2023,Deutschland,DE,L00-L99,L00-L99 Krankheiten der Haut und der Unterhaut,2219,2.7,2.7
2023,Deutschland,DE,M00-M99,M00-M99 Krankheiten des Muskel-Skelett-Systems und des Bindegewebes,7216,8.7,8.7
2023,Deutschland,DE,N00-N99,N00-N99 Krankheiten des Urogenitalsystems,28813,34.6,34.6
2023,Deutschland,DE,O00-O99,"O00-O99 Schwangerschaft, Geburt und Wochenbett",,,
2023,Deutschland,DE,P00-P96,"P00-P96 Bestimmte Zustände, die ihren Ursprung in der Perinatalperiode haben",1371,1.6,1.7
2023,Deutschland,DE,Q00-Q99,"Q00-Q99 Angeborene Fehlbildungen, Deformitäten und Chromosomenanomalien",2256,2.7,2.8
2023,Deutschland,DE,R00-R99,"R00-R99 Symptome und abnorme klinische und Laborbefunde, die andernorts nicht klassifiziert sind",34321,41.2,41.3
2023,Deutschland,DE,S00-T98,"S00-T98 Verletzungen, Vergiftungen und bestimmte andere Folgen äußerer Ursachen",49396,59.3,59.3
2023,Deutschland,DE,U00-U99,U00-U99 Schlüsselnummern für besondere Zwecke,26041,31.3,31.2
2023,Baden-Württemberg,DE-BW,,Alle Krankheiten und Folgen äußerer Ursachen,120208,1073.4,1122.3
2023,Baden-Württemberg,DE-BW,A00-B99,A00-B99 Bestimmte infektiöse und parasitäre Krankheiten,2222,19.8,20.7
2023,Baden-Württemberg,DE-BW,C00-D48,C00-D48 Neubildungen,26751,238.9,250.9
2023,Baden-Württemberg,DE-BW,D50-D90,D50-D90 Krankheiten des Blutes und der blutbildenden Organe sowie bestimmte Störungen mit Beteiligung des Immunsystems,655,5.8,6.1
2023,Baden-Württemberg,DE-BW,E00-E90,"E00-E90 Endokrine, Ernährungs- und Stoffwechselkrankheiten",5247,46.9,48.9
2023,Baden-Württemberg,DE-BW,F00-F99,F00-F99 Psychische und Verhaltensstörungen,8337,74.4,77.5
2023,Baden-Württemberg,DE-BW,G00-H95,G00-H95 Krankheiten des Nervensystems und der Sinnesorgane,4713,42.1,44.1
2023,Baden-Württemberg,DE-BW,I00-I99,I00-I99 Krankheiten des Kreislaufsystems,41012,366.2,382.6
2023,Baden-Württemberg,DE-BW,J00-J99,J00-J99 Krankheiten des Atmungssystems,8107,72.4,76.0
2023,Baden-Württemberg,DE-BW,K00-K93,K00-K93 Krankheiten des Verdauungssystems,5655,50.5,52.8
2023,Baden-Württemberg,DE-BW,L00-L99,L00-L99 Krankheiten der Haut und der Unterhaut,280,2.5,2.6
2023,Baden-Württemberg,DE-BW,M00-M99,M00-M99 Krankheiten des Muskel-Skelett-Systems und des Bindegewebes,1085,9.7,10.2
2023,Baden-Württemberg,DE-BW,N00-N99,N00-N99 Krankheiten des Urogenitalsystems,3406,30.4,31.8
2023,Baden-Württemberg,DE-BW,O00-O99,"O00-O99 Schwangerschaft, Geburt und Wochenbett",,,
2023,Baden-Württemberg,DE-BW,P00-P96,"P00-P96 Bestimmte Zustände, die ihren Ursprung in der Perinatalperiode haben",201,1.8,1.8
2023,Baden-Württemberg,DE-BW,Q00-Q99,"Q00-Q99 Angeborene Fehlbildungen, Deformitäten und Chromosomenanomalien",355,3.2,3.2
2023,Baden-Württemberg,DE-BW,R00-R99,"R00-R99 Symptome und abnorme klinische und Laborbefunde, die andernorts nicht klassifiziert sind",2325,20.8,21.6
2023,Baden-Württemberg,DE-BW,S00-T98,"S00-T98 Verletzungen, Vergiftungen und bestimmte andere Folgen äußerer Ursachen",6507,58.1,60.2
2023,Baden-Württemberg,DE-BW,U00-U99,U00-U99 Schlüsselnummern für besondere Zwecke,3344,29.9,31.2
2023,Bayern,DE-BY,,Alle Krankheiten und Folgen äußerer Ursachen,146475,1114.7,1182.0
2023,Bayern,DE-BY,A00-B99,A00-B99 Bestimmte infektiöse und parasitäre Krankheiten,3086,23.5,24.9
2023,Bayern,DE-BY,C00-D48,C00-D48 Neubildungen,33175,252.5,264.9
2023,Bayern,DE-BY,D50-D90,D50-D90 Krankheiten des Blutes und der blutbildenden Organe sowie bestimmte Störungen mit Beteiligung des Immunsystems,767,5.8,6.2
2023,Bayern,DE-BY,E00-E90,"E00-E90 Endokrine, Ernährungs- und Stoffwechselkrankheiten",5303,40.4,42.8
2023,Bayern,DE-BY,F00-F99,F00-F99 Psychische und Verhaltensstörungen,10034,76.4,81.9
2023,Bayern,DE-BY,G00-H95,G00-H95 Krankheiten des Nervensystems und der Sinnesorgane,5868,44.7,47.3
2023,Bayern,DE-BY,I00-I99,I00-I99 Krankheiten des Kreislaufsystems,50971,387.9,414.1
2023,Bayern,DE-BY,J00-J99,J00-J99 Krankheiten des Atmungssystems,9811,74.7,79.2
2023,Bayern,DE-BY,K00-K93,K00-K93 Krankheiten des Verdauungssystems,7046,53.6,56.4
2023,Bayern,DE-BY,L00-L99,L00-L99 Krankheiten der Haut und der Unterhaut,381,2.9,3.1
2023,Bayern,DE-BY,M00-M99,M00-M99 Krankheiten des Muskel-Skelett-Systems und des Bindegewebes,1135,8.6,9.2
2023,Bayern,DE-BY,N00-N99,N00-N99 Krankheiten des Urogenitalsystems,4092,31.1,33.3
2023,Bayern,DE-BY,O00-O99,"O00-O99 Schwangerschaft, Geburt und Wochenbett",,,
2023,Bayern,DE-BY,P00-P96,"P00-P96 Bestimmte Zustände, die ihren Ursprung in der Perinatalperiode haben",202,1.5,1.5
2023,Bayern,DE-BY,Q00-Q99,"Q00-Q99 Angeborene Fehlbildungen, Deformitäten und Chromosomenanomalien",386,2.9,3.0
2023,Bayern,DE-BY,R00-R99,"R00-R99 Symptome und abnorme klinische und Laborbefunde, die andernorts nicht klassifiziert sind",2943,22.4,23.5
2023,Bayern,DE-BY,S00-T98,"S00-T98 Verletzungen, Vergiftungen und bestimmte andere Folgen äußerer Ursachen",7560,57.5,60.2
2023,Bayern,DE-BY,U00-U99,U00-U99 Schlüsselnummern für besondere Zwecke,3709,28.2,30.2
2023,Berlin,DE-BE,,Alle Krankheiten und Folgen äußerer Ursachen,38473,1054.7,1203.2
2023,Berlin,DE-BE,A00-B99,A00-B99 Bestimmte infektiöse und parasitäre Krankheiten,717,19.7,22.4
2023,Berlin,DE-BE,C00-D48,C00-D48 Neubildungen,9476,259.8,296.4
2023,Berlin,DE-BE,D50-D90,D50-D90 Krankheiten des Blutes und der blutbildenden Organe sowie bestimmte Störungen mit Beteiligung des Immunsystems,151,4.1,4.7
2023,Berlin,DE-BE,E00-E90,"E00-E90 Endokrine, Ernährungs- und Stoffwechselkrankheiten",1471,40.3,46.3
2023,Berlin,DE-BE,F00-F99,F00-F99 Psychische und Verhaltensstörungen,2694,73.9,84.8
2023,Berlin,DE-BE,G00-H95,G00-H95 Krankheiten des Nervensystems und der Sinnesorgane,1426,39.1,44.2
2023,Berlin,DE-BE,I00-I99,I00-I99 Krankheiten des Kreislaufsystems,11720,321.3,369.0
2023,Berlin,DE-BE,J00-J99,J00-J99 Krankheiten des Atmungssystems,3050,83.6,95.6
2023,Berlin,DE-BE,K00-K93,K00-K93 Krankheiten des Verdauungssystems,1689,46.3,52.7
2023,Berlin,DE-BE,L00-L99,L00-L99 Krankheiten der Haut und der Unterhaut,79,2.2,2.5
2023,Berlin,DE-BE,M00-M99,M00-M99 Krankheiten des Muskel-Skelett-Systems und des Bindegewebes,210,5.8,6.6
2023,Berlin,DE-BE,N00-N99,N00-N99 Krankheiten des Urogenitalsystems,986,27.0,31.0
2023,Berlin,DE-BE,O00-O99,"O00-O99 Schwangerschaft, Geburt und Wochenbett",,,
2023,Berlin,DE-BE,P00-P96,"P00-P96 Bestimmte Zustände, die ihren Ursprung in der Perinatalperiode haben",53,1.5,1.4
2023,Berlin,DE-BE,Q00-Q99,"Q00-Q99 Angeborene Fehlbildungen, Deformitäten und Chromosomenanomalien",72,2.0,2.1
2023,Berlin,DE-BE,R00-R99,"R00-R99 Symptome und abnorme klinische und Laborbefunde, die andernorts nicht klassifiziert sind",1753,48.1,54.4
2023,Berlin,DE-BE,S00-T98,"S00-T98 Verletzungen, Vergiftungen und bestimmte andere Folgen äußerer Ursachen",1992,54.6,60.0
2023,Berlin,DE-BE,U00-U99,U00-U99 Schlüsselnummern für besondere Zwecke,934,25.6,29.2
2023,Brandenburg,DE-BB,,Alle Krankheiten und Folgen äußerer Ursachen,36622,1436.3,1263.7
2023,Brandenburg,DE-BB,A00-B99,A00-B99 Bestimmte infektiöse und parasitäre Krankheiten,543,21.3,18.7
2023,Brandenburg,DE-BB,C00-D48,C00-D48 Neubildungen,8689,340.8,298.4
2023,Brandenburg,DE-BB,D50-D90,D50-D90 Krankheiten des Blutes und der blutbildenden Organe sowie bestimmte Störungen mit Beteiligung des Immunsystems,140,5.5,4.8
2023,Brandenburg,DE-BB,E00-E90,"E00-E90 Endokrine, Ernährungs- und Stoffwechselkrankheiten",1176,46.1,40.5
2023,Brandenburg,DE-BB,F00-F99,F00-F99 Psychische und Verhaltensstörungen,2045,80.2,70.5
2023,Brandenburg,DE-BB,G00-H95,G00-H95 Krankheiten des Nervensystems und der Sinnesorgane,1287,50.5,44.5
2023,Brandenburg,DE-BB,I00-I99,I00-I99 Krankheiten des Kreislaufsystems,13063,512.3,449.5
2023,Brandenburg,DE-BB,J00-J99,J00-J99 Krankheiten des Atmungssystems,2354,92.3,80.8
2023,Brandenburg,DE-BB,K00-K93,K00-K93 Krankheiten des Verdauungssystems,1741,68.3,60.3
2023,Brandenburg,DE-BB,L00-L99,L00-L99 Krankheiten der Haut und der Unterhaut,83,3.3,2.9
2023,Brandenburg,DE-BB,M00-M99,M00-M99 Krankheiten des Muskel-Skelett-Systems und des Bindegewebes,198,7.8,6.9
2023,Brandenburg,DE-BB,N00-N99,N00-N99 Krankheiten des Urogenitalsystems,987,38.7,33.9
2023,Brandenburg,DE-BB,O00-O99,"O00-O99 Schwangerschaft, Geburt und Wochenbett",,,
2023,Brandenburg,DE-BB,P00-P96,"P00-P96 Bestimmte Zustände, die ihren Ursprung in der Perinatalperiode haben",33,1.3,1.8
2023,Brandenburg,DE-BB,Q00-Q99,"Q00-Q99 Angeborene Fehlbildungen, Deformitäten und Chromosomenanomalien",54,2.1,2.1
2023,Brandenburg,DE-BB,R00-R99,"R00-R99 Symptome und abnorme klinische und Laborbefunde, die andernorts nicht klassifiziert sind",1480,58.0,52.1
2023,Brandenburg,DE-BB,S00-T98,"S00-T98 Verletzungen, Vergiftungen und bestimmte andere Folgen äußerer Ursachen",1909,74.9,67.2
2023,Brandenburg,DE-BB,U00-U99,U00-U99 Schlüsselnummern für besondere Zwecke,838,32.9,28.6
2023,Bremen,DE-HB,,Alle Krankheiten und Folgen äußerer Ursachen,8528,1219.7,1305.8
2023,Bremen,DE-HB,A00-B99,A00-B99 Bestimmte infektiöse und parasitäre Krankheiten,154,22.0,23.4
2023,Bremen,DE-HB,C00-D48,C00-D48 Neubildungen,2009,287.3,307.8
2023,Bremen,DE-HB,D50-D90,D50-D90 Krankheiten des Blutes und der blutbildenden Organe sowie bestimmte Störungen mit Beteiligung des Immunsystems,73,10.4,11.1
2023,Bremen,DE-HB,E00-E90,"E00-E90 Endokrine, Ernährungs- und Stoffwechselkrankheiten",394,56.3,60.3
2023,Bremen,DE-HB,F00-F99,F00-F99 Psychische und Verhaltensstörungen,609,87.1,93.2
2023,Bremen,DE-HB,G00-H95,G00-H95 Krankheiten des Nervensystems und der Sinnesorgane,292,41.8,44.6
2023,Bremen,DE-HB,I00-I99,I00-I99 Krankheiten des Kreislaufsystems,2881,412.0,442.6
2023,Bremen,DE-HB,J00-J99,J00-J99 Krankheiten des Atmungssystems,610,87.2,93.0
2023,Bremen,DE-HB,K00-K93,K00-K93 Krankheiten des Verdauungssystems,362,51.8,55.5
2023,Bremen,DE-HB,L00-L99,L00-L99 Krankheiten der Haut und der Unterhaut,18,2.6,2.8
2023,Bremen,DE-HB,M00-M99,M00-M99 Krankheiten des Muskel-Skelett-Systems und des Bindegewebes,76,10.9,11.7
2023,Bremen,DE-HB,N00-N99,N00-N99 Krankheiten des Urogenitalsystems,167,23.9,25.6
2023,Bremen,DE-HB,O00-O99,"O00-O99 Schwangerschaft, Geburt und Wochenbett",,,
2023,Bremen,DE-HB,P00-P96,"P00-P96 Bestimmte Zustände, die ihren Ursprung in der Perinatalperiode haben",12,1.7,1.7
2023,Bremen,DE-HB,Q00-Q99,"Q00-Q99 Angeborene Fehlbildungen, Deformitäten und Chromosomenanomalien",20,2.9,2.9
2023,Bremen,DE-HB,R00-R99,"R00-R99 Symptome und abnorme klinische und Laborbefunde, die andernorts nicht klassifiziert sind",272,38.9,41.6
2023,Bremen,DE-HB,S00-T98,"S00-T98 Verletzungen, Vergiftungen und bestimmte andere Folgen äußerer Ursachen",354,50.6,53.6
2023,Bremen,DE-HB,U00-U99,U00-U99 Schlüsselnummern für besondere Zwecke,225,32.2,34.3
2023,Hamburg,DE-HH,,Alle Krankheiten und Folgen äußerer Ursachen,19469,1056.9,1239.6
2023,Hamburg,DE-HH,A00-B99,A00-B99 Bestimmte infektiöse und parasitäre Krankheiten,318,17.3,20.1
2023,Hamburg,DE-HH,C00-D48,C00-D48 Neubildungen,4676,253.8,302.1
2023,Hamburg,DE-HH,D50-D90,D50-D90 Krankheiten des Blutes und der blutbildenden Organe sowie bestimmte Störungen mit Beteiligung des Immunsystems,84,4.6,5.3
2023,Hamburg,DE-HH,E00-E90,"E00-E90 Endokrine, Ernährungs- und Stoffwechselkrankheiten",649,35.2,41.3
2023,Hamburg,DE-HH,F00-F99,F00-F99 Psychische und Verhaltensstörungen,1404,76.2,88.2
2023,Hamburg,DE-HH,G00-H95,G00-H95 Krankheiten des Nervensystems und der Sinnesorgane,664,36.0,42.6
2023,Hamburg,DE-HH,I00-I99,I00-I99 Krankheiten des Kreislaufsystems,5428,294.7,344.7
2023,Hamburg,DE-HH,J00-J99,J00-J99 Krankheiten des Atmungssystems,1525,82.8,98.1
2023,Hamburg,DE-HH,K00-K93,K00-K93 Krankheiten des Verdauungssystems,857,46.5,54.5
2023,Hamburg,DE-HH,L00-L99,L00-L99 Krankheiten der Haut und der Unterhaut,66,3.6,4.2
2023,Hamburg,DE-HH,M00-M99,M00-M99 Krankheiten des Muskel-Skelett-Systems und des Bindegewebes,162,8.8,10.4
2023,Hamburg,DE-HH,N00-N99,N00-N99 Krankheiten des Urogenitalsystems,669,36.3,42.5
2023,Hamburg,DE-HH,O00-O99,"O00-O99 Schwangerschaft, Geburt und Wochenbett",,,
2023,Hamburg,DE-HH,P00-P96,"P00-P96 Bestimmte Zustände, die ihren Ursprung in der Perinatalperiode haben",44,2.4,2.2
2023,Hamburg,DE-HH,Q00-Q99,"Q00-Q99 Angeborene Fehlbildungen, Deformitäten und Chromosomenanomalien",49,2.7,2.8
2023,Hamburg,DE-HH,R00-R99,"R00-R99 Symptome und abnorme klinische und Laborbefunde, die andernorts nicht klassifiziert sind",852,46.3,54.7
2023,Hamburg,DE-HH,S00-T98,"S00-T98 Verletzungen, Vergiftungen und bestimmte andere Folgen äußerer Ursachen",1493,81.0,92.3
2023,Hamburg,DE-HH,U00-U99,U00-U99 Schlüsselnummern für besondere Zwecke,528,28.7,33.7
2023,Hessen,DE-HE,,Alle Krankheiten und Folgen äußerer Ursachen,73058,1168.5,1227.0
2023,Hessen,DE-HE,A00-B99,A00-B99 Bestimmte infektiöse und parasitäre Krankheiten,1266,20.2,21.2
2023,Hessen,DE-HE,C00-D48,C00-D48 Neubildungen,16920,270.6,282.4
2023,Hessen,DE-HE,D50-D90,D50-D90 Krankheiten des Blutes und der blutbildenden Organe sowie bestimmte Störungen mit Beteiligung des Immunsystems,424,6.8,7.1
2023,Hessen,DE-HE,E00-E90,"E00-E90 Endokrine, Ernährungs- und Stoffwechselkrankheiten",2836,45.4,47.7
2023,Hessen,DE-HE,F00-F99,F00-F99 Psychische und Verhaltensstörungen,4790,76.6,81.0
2023,Hessen,DE-HE,G00-H95,G00-H95 Krankheiten des Nervensystems und der Sinnesorgane,2658,42.5,44.7
2023,Hessen,DE-HE,I00-I99,I00-I99 Krankheiten des Kreislaufsystems,25869,413.8,436.5
2023,Hessen,DE-HE,J00-J99,J00-J99 Krankheiten des Atmungssystems,5071,81.1,85.2
2023,Hessen,DE-HE,K00-K93,K00-K93 Krankheiten des Verdauungssystems,2962,47.4,49.4
2023,Hessen,DE-HE,L00-L99,L00-L99 Krankheiten der Haut und der Unterhaut,164,2.6,2.8
2023,Hessen,DE-HE,M00-M99,M00-M99 Krankheiten des Muskel-Skelett-Systems und des Bindegewebes,410,6.6,6.9
2023,Hessen,DE-HE,N00-N99,N00-N99 Krankheiten des Urogenitalsystems,2155,34.5,36.4
2023,Hessen,DE-HE,O00-O99,"O00-O99 Schwangerschaft, Geburt und Wochenbett",,,
2023,Hessen,DE-HE,P00-P96,"P00-P96 Bestimmte Zustände, die ihren Ursprung in der Perinatalperiode haben",110,1.8,1.8
2023,Hessen,DE-HE,Q00-Q99,"Q00-Q99 Angeborene Fehlbildungen, Deformitäten und Chromosomenanomalien",132,2.1,2.1
2023,Hessen,DE-HE,R00-R99,"R00-R99 Symptome und abnorme klinische und Laborbefunde, die andernorts nicht klassifiziert sind",1916,30.6,31.8
2023,Hessen,DE-HE,S00-T98,"S00-T98 Verletzungen, Vergiftungen und bestimmte andere Folgen äußerer Ursachen",3324,53.2,55.3
2023,Hessen,DE-HE,U00-U99,U00-U99 Schlüsselnummern für besondere Zwecke,2051,32.8,34.6
2023,Mecklenburg-Vorpommern,DE-MV,,Alle Krankheiten und Folgen äußerer Ursachen,24005,1522.2,1307.4
2023,Mecklenburg-Vorpommern,DE-MV,A00-B99,A00-B99 Bestimmte infektiöse und parasitäre Krankheiten,297,18.8,16.1
2023,Mecklenburg-Vorpommern,DE-MV,C00-D48,C00-D48 Neubildungen,5998,380.3,324.1
2023,Mecklenburg-Vorpommern,DE-MV,D50-D90,D50-D90 Krankheiten des Blutes und der blutbildenden Organe sowie bestimmte Störungen mit Beteiligung des Immunsystems,59,3.7,3.1
2023,Mecklenburg-Vorpommern,DE-MV,E00-E90,"E00-E90 Endokrine, Ernährungs- und Stoffwechselkrankheiten",892,56.6,48.4
2023,Mecklenburg-Vorpommern,DE-MV,F00-F99,F00-F99 Psychische und Verhaltensstörungen,1633,103.5,89.7
2023,Mecklenburg-Vorpommern,DE-MV,G00-H95,G00-H95 Krankheiten des Nervensystems und der Sinnesorgane,819,51.9,44.9
2023,Mecklenburg-Vorpommern,DE-MV,I00-I99,I00-I99 Krankheiten des Kreislaufsystems,8749,554.8,474.6
2023,Mecklenburg-Vorpommern,DE-MV,J00-J99,J00-J99 Krankheiten des Atmungssystems,1489,94.4,80.2
2023,Mecklenburg-Vorpommern,DE-MV,K00-K93,K00-K93 Krankheiten des Verdauungssystems,1229,77.9,67.6
2023,Mecklenburg-Vorpommern,DE-MV,L00-L99,L00-L99 Krankheiten der Haut und der Unterhaut,30,1.9,1.6
2023,Mecklenburg-Vorpommern,DE-MV,M00-M99,M00-M99 Krankheiten des Muskel-Skelett-Systems und des Bindegewebes,106,6.7,5.8
2023,Mecklenburg-Vorpommern,DE-MV,N00-N99,N00-N99 Krankheiten des Urogenitalsystems,546,34.6,29.6
2023,Mecklenburg-Vorpommern,DE-MV,O00-O99,"O00-O99 Schwangerschaft, Geburt und Wochenbett",,,
2023,Mecklenburg-Vorpommern,DE-MV,P00-P96,"P00-P96 Bestimmte Zustände, die ihren Ursprung in der Perinatalperiode haben",14,0.9,1.2
2023,Mecklenburg-Vorpommern,DE-MV,Q00-Q99,"Q00-Q99 Angeborene Fehlbildungen, Deformitäten und Chromosomenanomalien",32,2.0,1.9
2023,Mecklenburg-Vorpommern,DE-MV,R00-R99,"R00-R99 Symptome und abnorme klinische und Laborbefunde, die andernorts nicht klassifiziert sind",456,28.9,26.2
2023,Mecklenburg-Vorpommern,DE-MV,S00-T98,"S00-T98 Verletzungen, Vergiftungen und bestimmte andere Folgen äußerer Ursachen",966,61.3,55.0
2023,Mecklenburg-Vorpommern,DE-MV,U00-U99,U00-U99 Schlüsselnummern für besondere Zwecke,690,43.8,37.2
2023,Niedersachsen,DE-NI,,Alle Krankheiten und Folgen äußerer Ursachen,105071,1314.1,1290.2
2023,Niedersachsen,DE-NI,A00-B99,A00-B99 Bestimmte infektiöse und parasitäre Krankheiten,1576,19.7,19.3
2023,Niedersachsen,DE-NI,C00-D48,C00-D48 Neubildungen,23959,299.7,293.8
2023,Niedersachsen,DE-NI,D50-D90,D50-D90 Krankheiten des Blutes und der blutbildenden Organe sowie bestimmte Störungen mit Beteiligung des Immunsystems,431,5.4,5.3
2023,Niedersachsen,DE-NI,E00-E90,"E00-E90 Endokrine, Ernährungs- und Stoffwechselkrankheiten",3794,47.5,46.6
2023,Niedersachsen,DE-NI,F00-F99,F00-F99 Psychische und Verhaltensstörungen,7888,98.7,96.9
2023,Niedersachsen,DE-NI,G00-H95,G00-H95 Krankheiten des Nervensystems und der Sinnesorgane,3587,44.9,44.1
2023,Niedersachsen,DE-NI,I00-I99,I00-I99 Krankheiten des Kreislaufsystems,37516,469.2,460.5
2023,Niedersachsen,DE-NI,J00-J99,J00-J99 Krankheiten des Atmungssystems,8339,104.3,102.3
2023,Niedersachsen,DE-NI,K00-K93,K00-K93 Krankheiten des Verdauungssystems,4182,52.3,51.3
2023,Niedersachsen,DE-NI,L00-L99,L00-L99 Krankheiten der Haut und der Unterhaut,194,2.4,2.4
2023,Niedersachsen,DE-NI,M00-M99,M00-M99 Krankheiten des Muskel-Skelett-Systems und des Bindegewebes,476,6.0,5.8
2023,Niedersachsen,DE-NI,N00-N99,N00-N99 Krankheiten des Urogenitalsystems,3460,43.3,42.4
2023,Niedersachsen,DE-NI,O00-O99,"O00-O99 Schwangerschaft, Geburt und Wochenbett",,,
2023,Niedersachsen,DE-NI,P00-P96,"P00-P96 Bestimmte Zustände, die ihren Ursprung in der Perinatalperiode haben",172,2.2,2.2
2023,Niedersachsen,DE-NI,Q00-Q99,"Q00-Q99 Angeborene Fehlbildungen, Deformitäten und Chromosomenanomalien",235,2.9,3.0
2023,Niedersachsen,DE-NI,R00-R99,"R00-R99 Symptome und abnorme klinische und Laborbefunde, die andernorts nicht klassifiziert sind",3531,44.2,43.6
2023,Niedersachsen,DE-NI,S00-T98,"S00-T98 Verletzungen, Vergiftungen und bestimmte andere Folgen äußerer Ursachen",3350,41.9,41.3
2023,Niedersachsen,DE-NI,U00-U99,U00-U99 Schlüsselnummern für besondere Zwecke,2381,29.8,29.2
2023,Nordrhein-Westfalen,DE-NW,,Alle Krankheiten und Folgen äußerer Ursachen,226034,1256.4,1280.7
2023,Nordrhein-Westfalen,DE-NW,A00-B99,A00-B99 Bestimmte infektiöse und parasitäre Krankheiten,4707,26.2,26.7
2023,Nordrhein-Westfalen,DE-NW,C00-D48,C00-D48 Neubildungen,53123,295.3,302.3
2023,Nordrhein-Westfalen,DE-NW,D50-D90,D50-D90 Krankheiten des Blutes und der blutbildenden Organe sowie bestimmte Störungen mit Beteiligung des Immunsystems,1320,7.3,7.5
2023,Nordrhein-Westfalen,DE-NW,E00-E90,"E00-E90 Endokrine, Ernährungs- und Stoffwechselkrankheiten",8338,46.3,47.2
2023,Nordrhein-Westfalen,DE-NW,F00-F99,F00-F99 Psychische und Verhaltensstörungen,16424,91.3,92.6
2023,Nordrhein-Westfalen,DE-NW,G00-H95,G00-H95 Krankheiten des Nervensystems und der Sinnesorgane,9216,51.2,52.5
2023,Nordrhein-Westfalen,DE-NW,I00-I99,I00-I99 Krankheiten des Kreislaufsystems,66677,370.6,376.7
2023,Nordrhein-Westfalen,DE-NW,J00-J99,J00-J99 Krankheiten des Atmungssystems,17333,96.3,98.7
2023,Nordrhein-Westfalen,DE-NW,K00-K93,K00-K93 Krankheiten des Verdauungssystems,9248,51.4,52.3
2023,Nordrhein-Westfalen,DE-NW,L00-L99,L00-L99 Krankheiten der Haut und der Unterhaut,457,2.5,2.6
2023,Nordrhein-Westfalen,DE-NW,M00-M99,M00-M99 Krankheiten des Muskel-Skelett-Systems und des Bindegewebes,1715,9.5,9.7
2023,Nordrhein-Westfalen,DE-NW,N00-N99,N00-N99 Krankheiten des Urogenitalsystems,6552,36.4,37.1
2023,Nordrhein-Westfalen,DE-NW,O00-O99,"O00-O99 Schwangerschaft, Geburt und Wochenbett",,,
2023,Nordrhein-Westfalen,DE-NW,P00-P96,"P00-P96 Bestimmte Zustände, die ihren Ursprung in der Perinatalperiode haben",315,1.8,1.8
2023,Nordrhein-Westfalen,DE-NW,Q00-Q99,"Q00-Q99 Angeborene Fehlbildungen, Deformitäten und Chromosomenanomalien",495,2.8,2.8
2023,Nordrhein-Westfalen,DE-NW,R00-R99,"R00-R99 Symptome und abnorme klinische und Laborbefunde, die andernorts nicht klassifiziert sind",14131,78.5,80.0
2023,Nordrhein-Westfalen,DE-NW,S00-T98,"S00-T98 Verletzungen, Vergiftungen und bestimmte andere Folgen äußerer Ursachen",10446,58.1,58.9
2023,Nordrhein-Westfalen,DE-NW,U00-U99,U00-U99 Schlüsselnummern für besondere Zwecke,5532,30.7,31.4
2023,Rheinland-Pfalz,DE-RP,,Alle Krankheiten und Folgen äußerer Ursachen,51267,1245.3,1242.5
2023,Rheinland-Pfalz,DE-RP,A00-B99,A00-B99 Bestimmte infektiöse und parasitäre Krankheiten,913,22.2,22.2
2023,Rheinland-Pfalz,DE-RP,C00-D48,C00-D48 Neubildungen,12148,295.1,292.7
2023,Rheinland-Pfalz,DE-RP,D50-D90,D50-D90 Krankheiten des Blutes und der blutbildenden Organe sowie bestimmte Störungen mit Beteiligung des Immunsystems,304,7.4,7.4
2023,Rheinland-Pfalz,DE-RP,E00-E90,"E00-E90 Endokrine, Ernährungs- und Stoffwechselkrankheiten",1943,47.2,47.0
2023,Rheinland-Pfalz,DE-RP,F00-F99,F00-F99 Psychische und Verhaltensstörungen,3159,76.7,76.8
2023,Rheinland-Pfalz,DE-RP,G00-H95,G00-H95 Krankheiten des Nervensystems und der Sinnesorgane,1944,47.2,47.4
2023,Rheinland-Pfalz,DE-RP,I00-I99,I00-I99 Krankheiten des Kreislaufsystems,18116,440.0,440.1
2023,Rheinland-Pfalz,DE-RP,J00-J99,J00-J99 Krankheiten des Atmungssystems,3665,89.0,88.6
2023,Rheinland-Pfalz,DE-RP,K00-K93,K00-K93 Krankheiten des Verdauungssystems,2272,55.2,54.9
2023,Rheinland-Pfalz,DE-RP,L00-L99,L00-L99 Krankheiten der Haut und der Unterhaut,94,2.3,2.3
2023,Rheinland-Pfalz,DE-RP,M00-M99,M00-M99 Krankheiten des Muskel-Skelett-Systems und des Bindegewebes,402,9.8,9.8
2023,Rheinland-Pfalz,DE-RP,N00-N99,N00-N99 Krankheiten des Urogenitalsystems,1379,33.5,33.7
2023,Rheinland-Pfalz,DE-RP,O00-O99,"O00-O99 Schwangerschaft, Geburt und Wochenbett",,,
2023,Rheinland-Pfalz,DE-RP,P00-P96,"P00-P96 Bestimmte Zustände, die ihren Ursprung in der Perinatalperiode haben",83,2.0,2.1
2023,Rheinland-Pfalz,DE-RP,Q00-Q99,"Q00-Q99 Angeborene Fehlbildungen, Deformitäten und Chromosomenanomalien",113,2.7,2.7
2023,Rheinland-Pfalz,DE-RP,R00-R99,"R00-R99 Symptome und abnorme klinische und Laborbefunde, die andernorts nicht klassifiziert sind",976,23.7,23.5
2023,Rheinland-Pfalz,DE-RP,S00-T98,"S00-T98 Verletzungen, Vergiftungen und bestimmte andere Folgen äußerer Ursachen",2355,57.2,57.3
2023,Rheinland-Pfalz,DE-RP,U00-U99,U00-U99 Schlüsselnummern für besondere Zwecke,1399,34.0,34.1
2023,Saarland,DE-SL,,Alle Krankheiten und Folgen äußerer Ursachen,14560,1437.4,1327.2
2023,Saarland,DE-SL,A00-B99,A00-B99 Bestimmte infektiöse und parasitäre Krankheiten,287,28.3,26.3
2023,Saarland,DE-SL,C00-D48,C00-D48 Neubildungen,3307,326.5,300.4
2023,Saarland,DE-SL,D50-D90,D50-D90 Krankheiten des Blutes und der blutbildenden Organe sowie bestimmte Störungen mit Beteiligung des Immunsystems,79,7.8,7.2
2023,Saarland,DE-SL,E00-E90,"E00-E90 Endokrine, Ernährungs- und Stoffwechselkrankheiten",769,75.9,69.9
2023,Saarland,DE-SL,F00-F99,F00-F99 Psychische und Verhaltensstörungen,892,88.1,81.7
2023,Saarland,DE-SL,G00-H95,G00-H95 Krankheiten des Nervensystems und der Sinnesorgane,515,50.8,47.8
2023,Saarland,DE-SL,I00-I99,I00-I99 Krankheiten des Kreislaufsystems,4553,449.5,414.2
2023,Saarland,DE-SL,J00-J99,J00-J99 Krankheiten des Atmungssystems,1097,108.3,99.2
2023,Saarland,DE-SL,K00-K93,K00-K93 Krankheiten des Verdauungssystems,662,65.4,60.4
2023,Saarland,DE-SL,L00-L99,L00-L99 Krankheiten der Haut und der Unterhaut,29,2.9,2.6
2023,Saarland,DE-SL,M00-M99,M00-M99 Krankheiten des Muskel-Skelett-Systems und des Bindegewebes,109,10.8,9.9
2023,Saarland,DE-SL,N00-N99,N00-N99 Krankheiten des Urogenitalsystems,467,46.1,42.4
2023,Saarland,DE-SL,O00-O99,"O00-O99 Schwangerschaft, Geburt und Wochenbett",,,
2023,Saarland,DE-SL,P00-P96,"P00-P96 Bestimmte Zustände, die ihren Ursprung in der Perinatalperiode haben",13,1.3,1.5
2023,Saarland,DE-SL,Q00-Q99,"Q00-Q99 Angeborene Fehlbildungen, Deformitäten und Chromosomenanomalien",29,2.9,2.9
2023,Saarland,DE-SL,R00-R99,"R00-R99 Symptome und abnorme klinische und Laborbefunde, die andernorts nicht klassifiziert sind",738,72.9,67.4
2023,Saarland,DE-SL,S00-T98,"S00-T98 Verletzungen, Vergiftungen und bestimmte andere Folgen äußerer Ursachen",610,60.2,56.7
2023,Saarland,DE-SL,U00-U99,U00-U99 Schlüsselnummern für besondere Zwecke,403,39.8,36.6
2023,Sachsen,DE-SN,,Alle Krankheiten und Folgen äußerer Ursachen,58101,1433.8,1197.5
2023,Sachsen,DE-SN,A00-B99,A00-B99 Bestimmte infektiöse und parasitäre Krankheiten,729,18.0,14.9
2023,Sachsen,DE-SN,C00-D48,C00-D48 Neubildungen,13256,327.1,280.4
2023,Sachsen,DE-SN,D50-D90,D50-D90 Krankheiten des Blutes und der blutbildenden Organe sowie bestimmte Störungen mit Beteiligung des Immunsystems,239,5.9,4.9
2023,Sachsen,DE-SN,E00-E90,"E00-E90 Endokrine, Ernährungs- und Stoffwechselkrankheiten",1994,49.2,40.8
2023,Sachsen,DE-SN,F00-F99,F00-F99 Psychische und Verhaltensstörungen,3806,93.9,76.5
2023,Sachsen,DE-SN,G00-H95,G00-H95 Krankheiten des Nervensystems und der Sinnesorgane,2255,55.6,46.3
2023,Sachsen,DE-SN,I00-I99,I00-I99 Krankheiten des Kreislaufsystems,22817,563.1,460.0
2023,Sachsen,DE-SN,J00-J99,J00-J99 Krankheiten des Atmungssystems,3083,76.1,63.2
2023,Sachsen,DE-SN,K00-K93,K00-K93 Krankheiten des Verdauungssystems,2695,66.5,58.3
2023,Sachsen,DE-SN,L00-L99,L00-L99 Krankheiten der Haut und der Unterhaut,122,3.0,2.5
2023,Sachsen,DE-SN,M00-M99,M00-M99 Krankheiten des Muskel-Skelett-Systems und des Bindegewebes,372,9.2,7.6
2023,Sachsen,DE-SN,N00-N99,N00-N99 Krankheiten des Urogenitalsystems,1002,24.7,20.0
2023,Sachsen,DE-SN,O00-O99,"O00-O99 Schwangerschaft, Geburt und Wochenbett",,,
2023,Sachsen,DE-SN,P00-P96,"P00-P96 Bestimmte Zustände, die ihren Ursprung in der Perinatalperiode haben",43,1.1,1.3
2023,Sachsen,DE-SN,Q00-Q99,"Q00-Q99 Angeborene Fehlbildungen, Deformitäten und Chromosomenanomalien",91,2.2,2.5
2023,Sachsen,DE-SN,R00-R99,"R00-R99 Symptome und abnorme klinische und Laborbefunde, die andernorts nicht klassifiziert sind",958,23.6,21.3
2023,Sachsen,DE-SN,S00-T98,"S00-T98 Verletzungen, Vergiftungen und bestimmte andere Folgen äußerer Ursachen",3417,84.3,72.4
2023,Sachsen,DE-SN,U00-U99,U00-U99 Schlüsselnummern für besondere Zwecke,1219,30.1,24.4
2023,Sachsen-Anhalt,DE-ST,,Alle Krankheiten und Folgen äußerer Ursachen,35577,1656.7,1378.4
2023,Sachsen-Anhalt,DE-ST,A00-B99,A00-B99 Bestimmte infektiöse und parasitäre Krankheiten,396,18.4,15.3
2023,Sachsen-Anhalt,DE-ST,C00-D48,C00-D48 Neubildungen,8625,401.6,334.3
2023,Sachsen-Anhalt,DE-ST,D50-D90,D50-D90 Krankheiten des Blutes und der blutbildenden Organe sowie bestimmte Störungen mit Beteiligung des Immunsystems,173,8.1,6.8
2023,Sachsen-Anhalt,DE-ST,E00-E90,"E00-E90 Endokrine, Ernährungs- und Stoffwechselkrankheiten",1645,76.6,63.4
2023,Sachsen-Anhalt,DE-ST,F00-F99,F00-F99 Psychische und Verhaltensstörungen,1713,79.8,66.6
2023,Sachsen-Anhalt,DE-ST,G00-H95,G00-H95 Krankheiten des Nervensystems und der Sinnesorgane,1356,63.1,52.4
2023,Sachsen-Anhalt,DE-ST,I00-I99,I00-I99 Krankheiten des Kreislaufsystems,13500,628.7,518.6
2023,Sachsen-Anhalt,DE-ST,J00-J99,J00-J99 Krankheiten des Atmungssystems,1997,93.0,76.0
2023,Sachsen-Anhalt,DE-ST,K00-K93,K00-K93 Krankheiten des Verdauungssystems,1714,79.8,68.0
2023,Sachsen-Anhalt,DE-ST,L00-L99,L00-L99 Krankheiten der Haut und der Unterhaut,57,2.7,2.2
2023,Sachsen-Anhalt,DE-ST,M00-M99,M00-M99 Krankheiten des Muskel-Skelett-Systems und des Bindegewebes,246,11.5,9.5
2023,Sachsen-Anhalt,DE-ST,N00-N99,N00-N99 Krankheiten des Urogenitalsystems,1041,48.5,39.8
2023,Sachsen-Anhalt,DE-ST,O00-O99,"O00-O99 Schwangerschaft, Geburt und Wochenbett",,,
2023,Sachsen-Anhalt,DE-ST,P00-P96,"P00-P96 Bestimmte Zustände, die ihren Ursprung in der Perinatalperiode haben",21,1.0,1.3
2023,Sachsen-Anhalt,DE-ST,Q00-Q99,"Q00-Q99 Angeborene Fehlbildungen, Deformitäten und Chromosomenanomalien",61,2.8,2.9
2023,Sachsen-Anhalt,DE-ST,R00-R99,"R00-R99 Symptome und abnorme klinische und Laborbefunde, die andernorts nicht klassifiziert sind",620,28.9,25.8
2023,Sachsen-Anhalt,DE-ST,S00-T98,"S00-T98 Verletzungen, Vergiftungen und bestimmte andere Folgen äußerer Ursachen",1464,68.2,59.2
2023,Sachsen-Anhalt,DE-ST,U00-U99,U00-U99 Schlüsselnummern für besondere Zwecke,946,44.1,36.0
2023,Schleswig-Holstein,DE-SH,,Alle Krankheiten und Folgen äußerer Ursachen,39621,1344.8,1269.9
2023,Schleswig-Holstein,DE-SH,A00-B99,A00-B99 Bestimmte infektiöse und parasitäre Krankheiten,676,22.9,21.6
2023,Schleswig-Holstein,DE-SH,C00-D48,C00-D48 Neubildungen,9579,325.1,306.0
2023,Schleswig-Holstein,DE-SH,D50-D90,D50-D90 Krankheiten des Blutes und der blutbildenden Organe sowie bestimmte Störungen mit Beteiligung des Immunsystems,186,6.3,6.0
2023,Schleswig-Holstein,DE-SH,E00-E90,"E00-E90 Endokrine, Ernährungs- und Stoffwechselkrankheiten",1293,43.9,41.6
2023,Schleswig-Holstein,DE-SH,F00-F99,F00-F99 Psychische und Verhaltensstörungen,2633,89.4,84.8
2023,Schleswig-Holstein,DE-SH,G00-H95,G00-H95 Krankheiten des Nervensystems und der Sinnesorgane,1614,54.8,51.4
2023,Schleswig-Holstein,DE-SH,I00-I99,I00-I99 Krankheiten des Kreislaufsystems,13904,471.9,445.7
2023,Schleswig-Holstein,DE-SH,J00-J99,J00-J99 Krankheiten des Atmungssystems,2737,92.9,87.2
2023,Schleswig-Holstein,DE-SH,K00-K93,K00-K93 Krankheiten des Verdauungssystems,1830,62.1,58.8
2023,Schleswig-Holstein,DE-SH,L00-L99,L00-L99 Krankheiten der Haut und der Unterhaut,70,2.4,2.3
2023,Schleswig-Holstein,DE-SH,M00-M99,M00-M99 Krankheiten des Muskel-Skelett-Systems und des Bindegewebes,341,11.6,10.9
2023,Schleswig-Holstein,DE-SH,N00-N99,N00-N99 Krankheiten des Urogenitalsystems,788,26.7,25.2
2023,Schleswig-Holstein,DE-SH,O00-O99,"O00-O99 Schwangerschaft, Geburt und Wochenbett",,,
2023,Schleswig-Holstein,DE-SH,P00-P96,"P00-P96 Bestimmte Zustände, die ihren Ursprung in der Perinatalperiode haben",32,1.1,1.3
2023,Schleswig-Holstein,DE-SH,Q00-Q99,"Q00-Q99 Angeborene Fehlbildungen, Deformitäten und Chromosomenanomalien",77,2.6,2.6
2023,Schleswig-Holstein,DE-SH,R00-R99,"R00-R99 Symptome und abnorme klinische und Laborbefunde, die andernorts nicht klassifiziert sind",461,15.6,15.0
2023,Schleswig-Holstein,DE-SH,S00-T98,"S00-T98 Verletzungen, Vergiftungen und bestimmte andere Folgen äußerer Ursachen",2287,77.6,74.2
2023,Schleswig-Holstein,DE-SH,U00-U99,U00-U99 Schlüsselnummern für besondere Zwecke,1112,37.7,35.4
2023,Thüringen,DE-TH,,Alle Krankheiten und Folgen äußerer Ursachen,31137,1470.9,1273.0
2023,Thüringen,DE-TH,A00-B99,A00-B99 Bestimmte infektiöse und parasitäre Krankheiten,498,23.5,20.1
2023,Thüringen,DE-TH,C00-D48,C00-D48 Neubildungen,6931,327.4,279.7
2023,Thüringen,DE-TH,D50-D90,D50-D90 Krankheiten des Blutes und der blutbildenden Organe sowie bestimmte Störungen mit Beteiligung des Immunsystems,155,7.3,6.4
2023,Thüringen,DE-TH,E00-E90,"E00-E90 Endokrine, Ernährungs- und Stoffwechselkrankheiten",1393,65.8,56.8
2023,Thüringen,DE-TH,F00-F99,F00-F99 Psychische und Verhaltensstörungen,1384,65.4,57.2
2023,Thüringen,DE-TH,G00-H95,G00-H95 Krankheiten des Nervensystems und der Sinnesorgane,1011,47.8,41.2
2023,Thüringen,DE-TH,I00-I99,I00-I99 Krankheiten des Kreislaufsystems,11536,545.0,472.3
2023,Thüringen,DE-TH,J00-J99,J00-J99 Krankheiten des Atmungssystems,2234,105.5,89.9
2023,Thüringen,DE-TH,K00-K93,K00-K93 Krankheiten des Verdauungssystems,1532,72.4,63.1
2023,Thüringen,DE-TH,L00-L99,L00-L99 Krankheiten der Haut und der Unterhaut,95,4.5,3.8
2023,Thüringen,DE-TH,M00-M99,M00-M99 Krankheiten des Muskel-Skelett-Systems und des Bindegewebes,173,8.2,7.0
2023,Thüringen,DE-TH,N00-N99,N00-N99 Krankheiten des Urogenitalsystems,1116,52.7,45.5
2023,Thüringen,DE-TH,O00-O99,"O00-O99 Schwangerschaft, Geburt und Wochenbett",,,
2023,Thüringen,DE-TH,P00-P96,"P00-P96 Bestimmte Zustände, die ihren Ursprung in der Perinatalperiode haben",23,1.1,1.4
2023,Thüringen,DE-TH,Q00-Q99,"Q00-Q99 Angeborene Fehlbildungen, Deformitäten und Chromosomenanomalien",55,2.6,2.8
2023,Thüringen,DE-TH,R00-R99,"R00-R99 Symptome und abnorme klinische und Laborbefunde, die andernorts nicht klassifiziert sind",909,42.9,38.9
2023,Thüringen,DE-TH,S00-T98,"S00-T98 Verletzungen, Vergiftungen und bestimmte andere Folgen äußerer Ursachen",1362,64.3,57.5
2023,Thüringen,DE-TH,U00-U99,U00-U99 Schlüsselnummern für besondere Zwecke,730,34.5,29.4
2023,Früheres Bundesgebiet und Berlin-Ost,DE-WEST,,Alle Krankheiten und Folgen äußerer Ursachen,842764,1189.6,1227.7
2023,Früheres Bundesgebiet und Berlin-Ost,DE-WEST,A00-B99,A00-B99 Bestimmte infektiöse und parasitäre Krankheiten,15922,22.5,23.2
2023,Früheres Bundesgebiet und Berlin-Ost,DE-WEST,C00-D48,C00-D48 Neubildungen,195123,275.4,284.0
2023,Früheres Bundesgebiet und Berlin-Ost,DE-WEST,D50-D90,D50-D90 Krankheiten des Blutes und der blutbildenden Organe sowie bestimmte Störungen mit Beteiligung des Immunsystems,4474,6.3,6.5
2023,Früheres Bundesgebiet und Berlin-Ost,DE-WEST,E00-E90,"E00-E90 Endokrine, Ernährungs- und Stoffwechselkrankheiten",32037,45.2,46.6
2023,Früheres Bundesgebiet und Berlin-Ost,DE-WEST,F00-F99,F00-F99 Psychische und Verhaltensstörungen,58864,83.1,85.8
2023,Früheres Bundesgebiet und Berlin-Ost,DE-WEST,G00-H95,G00-H95 Krankheiten des Nervensystems und der Sinnesorgane,32497,45.9,47.4
2023,Früheres Bundesgebiet und Berlin-Ost,DE-WEST,I00-I99,I00-I99 Krankheiten des Kreislaufsystems,278647,393.3,406.4
2023,Früheres Bundesgebiet und Berlin-Ost,DE-WEST,J00-J99,J00-J99 Krankheiten des Atmungssystems,61345,86.6,89.5
2023,Früheres Bundesgebiet und Berlin-Ost,DE-WEST,K00-K93,K00-K93 Krankheiten des Verdauungssystems,36765,51.9,53.4
2023,Früheres Bundesgebiet und Berlin-Ost,DE-WEST,L00-L99,L00-L99 Krankheiten der Haut und der Unterhaut,1832,2.6,2.7
2023,Früheres Bundesgebiet und Berlin-Ost,DE-WEST,M00-M99,M00-M99 Krankheiten des Muskel-Skelett-Systems und des Bindegewebes,6121,8.6,8.9
2023,Früheres Bundesgebiet und Berlin-Ost,DE-WEST,N00-N99,N00-N99 Krankheiten des Urogenitalsystems,24121,34.0,35.2
2023,Früheres Bundesgebiet und Berlin-Ost,DE-WEST,O00-O99,"O00-O99 Schwangerschaft, Geburt und Wochenbett",,,
2023,Früheres Bundesgebiet und Berlin-Ost,DE-WEST,P00-P96,"P00-P96 Bestimmte Zustände, die ihren Ursprung in der Perinatalperiode haben",1237,1.7,1.8
2023,Früheres Bundesgebiet und Berlin-Ost,DE-WEST,Q00-Q99,"Q00-Q99 Angeborene Fehlbildungen, Deformitäten und Chromosomenanomalien",1963,2.8,2.8
2023,Früheres Bundesgebiet und Berlin-Ost,DE-WEST,R00-R99,"R00-R99 Symptome und abnorme klinische und Laborbefunde, die andernorts nicht klassifiziert sind",29898,42.2,43.4
2023,Früheres Bundesgebiet und Berlin-Ost,DE-WEST,S00-T98,"S00-T98 Verletzungen, Vergiftungen und bestimmte andere Folgen äußerer Ursachen",40278,56.9,58.3
2023,Früheres Bundesgebiet und Berlin-Ost,DE-WEST,U00-U99,U00-U99 Schlüsselnummern für besondere Zwecke,21618,30.5,31.6
2023,Neue Länder ohne Berlin-Ost,DE-EAST,,Alle Krankheiten und Folgen äußerer Ursachen,185442,1490.3,1268.9
2023,Neue Länder ohne Berlin-Ost,DE-EAST,A00-B99,A00-B99 Bestimmte infektiöse und parasitäre Krankheiten,2463,19.8,16.8
2023,Neue Länder ohne Berlin-Ost,DE-EAST,C00-D48,C00-D48 Neubildungen,43499,349.6,298.9
2023,Neue Länder ohne Berlin-Ost,DE-EAST,D50-D90,D50-D90 Krankheiten des Blutes und der blutbildenden Organe sowie bestimmte Störungen mit Beteiligung des Immunsystems,766,6.2,5.2
2023,Neue Länder ohne Berlin-Ost,DE-EAST,E00-E90,"E00-E90 Endokrine, Ernährungs- und Stoffwechselkrankheiten",7100,57.1,48.3
2023,Neue Länder ohne Berlin-Ost,DE-EAST,F00-F99,F00-F99 Psychische und Verhaltensstörungen,10581,85.0,72.1
2023,Neue Länder ohne Berlin-Ost,DE-EAST,G00-H95,G00-H95 Krankheiten des Nervensystems und der Sinnesorgane,6728,54.1,46.0
2023,Neue Länder ohne Berlin-Ost,DE-EAST,I00-I99,I00-I99 Krankheiten des Kreislaufsystems,69665,559.9,472.1
2023,Neue Länder ohne Berlin-Ost,DE-EAST,J00-J99,J00-J99 Krankheiten des Atmungssystems,11157,89.7,75.6
2023,Neue Länder ohne Berlin-Ost,DE-EAST,K00-K93,K00-K93 Krankheiten des Verdauungssystems,8911,71.6,62.3
2023,Neue Länder ohne Berlin-Ost,DE-EAST,L00-L99,L00-L99 Krankheiten der Haut und der Unterhaut,387,3.1,2.6
2023,Neue Länder ohne Berlin-Ost,DE-EAST,M00-M99,M00-M99 Krankheiten des Muskel-Skelett-Systems und des Bindegewebes,1095,8.8,7.5
2023,Neue Länder ohne Berlin-Ost,DE-EAST,N00-N99,N00-N99 Krankheiten des Urogenitalsystems,4692,37.7,31.6
2023,Neue Länder ohne Berlin-Ost,DE-EAST,O00-O99,"O00-O99 Schwangerschaft, Geburt und Wochenbett",,,
2023,Neue Länder ohne Berlin-Ost,DE-EAST,P00-P96,"P00-P96 Bestimmte Zustände, die ihren Ursprung in der Perinatalperiode haben",134,1.1,1.4
2023,Neue Länder ohne Berlin-Ost,DE-EAST,Q00-Q99,"Q00-Q99 Angeborene Fehlbildungen, Deformitäten und Chromosomenanomalien",293,2.4,2.5
2023,Neue Länder ohne Berlin-Ost,DE-EAST,R00-R99,"R00-R99 Symptome und abnorme klinische und Laborbefunde, die andernorts nicht klassifiziert sind",4423,35.5,31.9
2023,Neue Länder ohne Berlin-Ost,DE-EAST,S00-T98,"S00-T98 Verletzungen, Vergiftungen und bestimmte andere Folgen äußerer Ursachen",9118,73.3,64.3
2023,Neue Länder ohne Berlin-Ost,DE-EAST,U00-U99,U00-U99 Schlüsselnummern für besondere Zwecke,4423,35.5,29.7
2024,Deutschland,DE,,Alle Krankheiten und Folgen äußerer Ursachen,1007758,1206.7,1189.9
2024,Deutschland,DE,A00-B99,A00-B99 Bestimmte infektiöse und parasitäre Krankheiten,18951,22.7,22.4
2024,Deutschland,DE,A00-A09,A00-A09 Infektiöse Darmkrankheiten,3874,4.6,4.6
2024,Deutschland,DE,A15-A19,A15-A19 Tuberkulose,191,0.2,0.2
2024,Deutschland,DE,A20-A28,A20-A28 Bestimmte bakterielle Zoonosen,4,0.0,0.0
2024,Deutschland,DE,A30-A49,A30-A49 Sonstige bakterielle Krankheiten,9779,11.7,11.5
2024,Deutschland,DE,A50-A64,"A50-A64 Infektionen, vorwiegend durch Geschlechtsverkehr übertragen",8,0.0,0.0
2024,Deutschland,DE,A65-A69,A65-A69 Sonstige Spirochätenkrankheiten,15,0.0,0.0
2024,Deutschland,DE,A70-A74,A70-A74 Sonstige Krankheiten durch Chlamydien,,,
2024,Deutschland,DE,A75-A79,A75-A79 Rickettsiosen,,,
2024,Deutschland,DE,A80-A89,A80-A89 Virusinfektionen des Zentralnervensystems,282,0.3,0.3
2024,Deutschland,DE,A90-A99,A90-A99 Durch Arthropoden übertragene Viruskrankheiten und virale hämorrhagische Fieber,3,0.0,0.0
2024,Deutschland,DE,B00-B09,"B00-B09 Virusinfektionen, durch Haut- und Schleimhautläsionen gekennzeichnet",267,0.3,0.3
2024,Deutschland,DE,B15-B19,B15-B19 Virushepatitis,438,0.5,0.5
2024,Deutschland,DE,B20-B24,B20-B24 HIV-Krankheit (Humane Immundefizienz-Viruskrankheit),275,0.3,0.3
2024,Deutschland,DE,B25-B34,B25-B34 Sonstige Viruskrankheiten,176,0.2,0.2
2024,Deutschland,DE,B35-B49,B35-B49 Mykosen,329,0.4,0.4
2024,Deutschland,DE,B50-B64,B50-B64 Protozoenkrankheiten,12,0.0,0.0
2024,Deutschland,DE,B65-B83,B65-B83 Helminthosen,3,0.0,0.0
2024,Deutschland,DE,B85-B89,"B85-B89 Pedikulose, Akarinose und sonstiger Parasitenbefall der Haut",12,0.0,0.0
2024,Deutschland,DE,B90-B94,B90-B94 Folgezustände von infektiösen und parasitären Krankheiten,549,0.7,0.6
2024,Deutschland,DE,B99-B99,B99-B99 Sonstige Infektionskrankheiten,2734,3.3,3.2
2024,Deutschland,DE,C00-D48,C00-D48 Neubildungen,238388,285.4,283.0
2024,Deutschland,DE,C00-C97,C00-C97 Bösartige Neubildungen,230392,275.9,273.5
2024,Deutschland,DE,C00-C75,"C00-C75 Bösartige Neubildungen an genau bezeichneten Lokalisationen, als primär festgestellt oder vermutet, ausgenommen lymphatisches, blutbildendes und verwandtes Gewebe",199458,238.8,236.8
2024,Deutschland,DE,C00-C14,"C00-C14 Bösartige Neubildungen der Lippe, der Mundhöhle und des Pharynx",5414,6.5,6.4
2024,Deutschland,DE,C15-C26,C15-C26 Bösartige Neubildungen der Verdauungsorgane,69884,83.7,83.0
2024,Deutschland,DE,C18-C21,"C18-C21 Bösartige Neubildung des Kolons, des Rektums und des Anus",22723,27.2,27.0
2024,Deutschland,DE,C19-C21,C19-C21 Bösartige Neubildung des Rektums und des Anus,8472,10.1,10.1
2024,Deutschland,DE,C30-C39,C30-C39 Bösartige Neubildungen der Atmungsorgane und sonstiger intrathorakaler Organe,46956,56.2,55.8
2024,Deutschland,DE,C32-C34,"C32-C34 Bösartige Neubildung des Larynx, der Trachea, der Bronchien und der Lunge",46467,55.6,55.2
2024,Deutschland,DE,C33-C34,"C33-C34 Bösartige Neubildung der Trachea, Bronchien und der Lunge",45181,54.1,53.7
2024,Deutschland,DE,C40-C41,C40-C41 Bösartige Neubildungen des Knochens und des Gelenkknorpels,429,0.5,0.5
2024,Deutschland,DE,C43-C44,C43-C44 Melanom und sonstige bösartige Neubildungen der Haut,4617,5.5,5.5
2024,Deutschland,DE,C45-C49,C45-C49 Bösartige Neubildungen des mesothelialen Gewebes und des Weichteilgewebes,3267,3.9,3.9
2024,Deutschland,DE,C50-C50,C50-C50 Bösartige Neubildung der Brustdrüse,18720,22.4,22.3
2024,Deutschland,DE,C51-C58,C51-C58 Bösartige Neubildungen der weiblichen Genitalorgane,,,
2024,Deutschland,DE,C54-C55,C54-C55 Bösartige Neubildung sonstiger Teile der Gebärmutter,,,
2024,Deutschland,DE,C60-C63,C60-C63 Bösartige Neubildungen der männlichen Genitalorgane,,,
2024,Deutschland,DE,C64-C68,C64-C68 Bösartige Neubildungen der Harnorgane,16373,19.6,19.4
2024,Deutschland,DE,C69-C72,"C69-C72 Bösartige Neubildungen des Auges, des Gehirns und sonstiger Teile des Zentralnervensystems",6331,7.6,7.6
2024,Deutschland,DE,C73-C75,C73-C75 Bösartige Neubildungen der Schilddrüse und sonstiger endokriner Drüsen,865,1.0,1.0
2024,Deutschland,DE,C76-C80,"C76-C80 Bösartige Neubildungen ungenau bezeichneter, sekundärer und nicht näher bezeichneter Lokalisationen",11636,13.9,13.8
2024,Deutschland,DE,C81-C96,"C81-C96 Bösartige Neubildungen des lymphatischen, blutbildenden und verwandten Gewebes, als primär festgestellt oder vermutet",19298,23.1,22.9
2024,Deutschland,DE,C91-C95,C91-C95 Leukämie,8167,9.8,9.7
2024,Deutschland,DE,C97-C97,C97-C97 Bösartige Neubildungen als Primärtumoren an mehreren Lokalisationen,,,
2024,Deutschland,DE,D00-D09,D00-D09 In-situ-Neubildungen,16,0.0,0.0
2024,Deutschland,DE,D10-D36,D10-D36 Gutartige Neubildungen,874,1.0,1.0
2024,Deutschland,DE,D37-D48,D37-D48 Neubildungen unsicheren oder unbekannten Verhaltens,7106,8.5,8.4
2024,Deutschland,DE,D50-D90,D50-D90 Krankheiten des Blutes und der blutbildenden Organe sowie bestimmte Störungen mit Beteiligung des Immunsystems,5129,6.1,6.0
2024,Deutschland,DE,D50-D53,D50-D53 Alimentäre Anämien,448,0.5,0.5
2024,Deutschland,DE,D55-D59,D55-D59 Hämolytische Anämien,106,0.1,0.1
2024,Deutschland,DE,D60-D64,D60-D64 Aplastische und sonstige Anämien,2055,2.5,2.4
2024,Deutschland,DE,D65-D69,"D65-D69 Koagulopathien, Purpura und sonstige hämorrhagische Diathesen",1523,1.8,1.8
2024,Deutschland,DE,D70-D77,D70-D77 Sonstige Krankheiten des Blutes und der blutbildenden Organe,321,0.4,0.4
2024,Deutschland,DE,D80-D90,D80-D90 Bestimmte Störungen mit Beteiligung des Immunsystems,676,0.8,0.8
2024,Deutschland,DE,E00-E90,"E00-E90 Endokrine, Ernährungs- und Stoffwechselkrankheiten",39300,47.1,46.3
2024,Deutschland,DE,E00-E07,E00-E07 Krankheiten der Schilddrüse,741,0.9,0.9
2024,Deutschland,DE,E10-E14,E10-E14 Diabetes mellitus,25067,30.0,29.5
2024,Deutschland,DE,E15-E16,E15-E16 Sonstige Störungen der Blutglukose-Regulation und der inneren Sekretion des Pankreas,154,0.2,0.2
2024,Deutschland,DE,E20-E35,E20-E35 Krankheiten sonstiger endokriner Drüsen,215,0.3,0.3
2024,Deutschland,DE,E40-E46,E40-E46 Mangelernährung,920,1.1,1.1
2024,Deutschland,DE,E50-E64,E50-E64 Sonstige alimentäre Mangelzustände,217,0.3,0.3
2024,Deutschland,DE,E65-E68,E65-E68 Adipositas und sonstige Überernährung,2349,2.8,2.8
2024,Deutschland,DE,E70-E90,E70-E90 Stoffwechselstörungen,9637,11.5,11.3
2024,Deutschland,DE,F00-F99,F00-F99 Psychische und Verhaltensstörungen,72181,86.4,84.8
2024,Deutschland,DE,F00-F09,"F00-F09 Organische, einschließlich symptomatischer psychischer Störungen",62458,74.8,73.2
2024,Deutschland,DE,F00-F03,F00-F03 Demenz,61927,74.1,72.5
2024,Deutschland,DE,F10-F19,F10-F19 Psychische und Verhaltensstörungen durch psychotrope Substanzen,7306,8.7,8.7
2024,Deutschland,DE,F20-F29,"F20-F29 Schizophrenie, schizotype und wahnhafte Störungen",665,0.8,0.8
2024,Deutschland,DE,F30-F39,F30-F39 Affektive Störungen,1237,1.5,1.5
2024,Deutschland,DE,F32-F34,F32-F34 Depression,1160,1.4,1.4
2024,Deutschland,DE,F40-F48,"F40-F48 Neurotische, Belastungs- und somatoforme Störungen",132,0.2,0.2
2024,Deutschland,DE,F40-F41,F40-F41 Phobische und andere Angststörungen,51,0.1,0.1
2024,Deutschland,DE,F50-F59,F50-F59 Verhaltensauffälligkeiten mit körperlichen Störungen und Faktoren,130,0.2,0.2
2024,Deutschland,DE,F60-F69,F60-F69 Persönlichkeits- und Verhaltensstörungen,29,0.0,0.0
2024,Deutschland,DE,F70-F79,F70-F79 Intelligenzminderung,134,0.2,0.2
2024,Deutschland,DE,F80-F89,F80-F89 Entwicklungsstörungen,26,0.0,0.0
2024,Deutschland,DE,F90-F98,F90-F98 Verhaltens- und emotionale Störungen mit Beginn in der Kindheit und Jugend,9,0.0,0.0
2024,Deutschland,DE,F99-F99,F99-F99 Nicht näher bezeichnete psychische Störungen,55,0.1,0.1
2024,Deutschland,DE,G00-H95,G00-H95 Krankheiten des Nervensystems und der Sinnesorgane,39528,47.3,46.8
2024,Deutschland,DE,G00-G99,G00-G99 Krankheiten des Nervensystems,39405,47.2,46.7
2024,Deutschland,DE,G00-G09,G00-G09 Entzündliche Krankheiten des Zentralnervensystems,798,1.0,1.0
2024,Deutschland,DE,G00-G03,G00-G03 Meningitis,157,0.2,0.2
2024,Deutschland,DE,G10-G14,"G10-G14 Systematrophien, die vorwiegend das Zentralnervensystem betreffen",2838,3.4,3.4
2024,Deutschland,DE,G20-G26,G20-G26 Extrapyramidale Krankheiten und Bewegungsstörungen,13825,16.6,16.4
2024,Deutschland,DE,G30-G32,G30-G32 Sonstige degenerative Krankheiten des Nervensystems,11777,14.1,13.9
2024,Deutschland,DE,G35-G37,G35-G37 Demyelinisierende Krankheiten des Zentralnervensystems,1627,1.9,1.9
2024,Deutschland,DE,G40-G47,G40-G47 Episodische und paroxysmale Krankheiten des Nervensystems,3828,4.6,4.5
2024,Deutschland,DE,G40-G41,G40-G41 Epilepsie,3524,4.2,4.2
2024,Deutschland,DE,G50-G59,"G50-G59 Krankheiten von Nerven, Nervenwurzeln und Nervenplexus",28,0.0,0.0
2024,Deutschland,DE,G60-G64,G60-G64 Polyneuropathien und sonstige Krankheiten des peripheren Nervensystems,658,0.8,0.8
2024,Deutschland,DE,G70-G73,G70-G73 Krankheiten im Bereich der neuromuskulären Synapse und des Muskels,796,1.0,0.9
2024,Deutschland,DE,G80-G83,G80-G83 Zerebrale Lähmung und sonstige Lähmungssyndrome,1256,1.5,1.5
2024,Deutschland,DE,G90-G99,G90-G99 Sonstige Krankheiten des Nervensystems,1974,2.4,2.3
2024,Deutschland,DE,H00-H59,H00-H59 Krankheiten des Auges und der Augenanhangsgebilde,49,0.1,0.1
2024,Deutschland,DE,H00-H06,"H00-H06 Affektionen des Augenlides, des Tränenapparates und der Orbita",10,0.0,0.0
2024,Deutschland,DE,H10-H13,H10-H13 Affektionen der Konjunktiva,4,0.0,0.0
2024,Deutschland,DE,H15-H22,"H15-H22 Affektionen der Sklera, der Hornhaut, der Iris und des Ziliarkörpers",,,
2024,Deutschland,DE,H25-H28,H25-H28 Affektionen der Linse,,0.0,0.0
2024,Deutschland,DE,H30-H36,H30-H36 Affektionen der Aderhaut und der Netzhaut,6,0.0,0.0
2024,Deutschland,DE,H40-H42,H40-H42 Glaukom,,,
2024,Deutschland,DE,H43-H45,H43-H45 Affektionen des Glaskörpers und des Augapfels,,0.0,0.0
2024,Deutschland,DE,H46-H48,H46-H48 Affektionen des Nervus opticus und der Sehbahn,,0.0,0.0
2024,Deutschland,DE,H49-H52,"H49-H52 Affektionen der Augenmuskeln, Störungen der Blickbewegungen sowie Akkommodationsstörungen und Refraktionsfehler",3,0.0,0.0
2024,Deutschland,DE,H53-H54,H53-H54 Sehstörungen und Blindheit,14,0.0,0.0
2024,Deutschland,DE,H55-H59,H55-H59 Sonstige Affektionen des Auges und der Augenanhangsgebilde,7,0.0,0.0
2024,Deutschland,DE,H60-H95,H60-H95 Krankheiten des Ohres und des Warzenfortsatzes,74,0.1,0.1
2024,Deutschland,DE,H60-H62,H60-H62 Krankheiten des äußeren Ohres,4,0.0,0.0
2024,Deutschland,DE,H65-H75,H65-H75 Krankheiten des Mittelohres und des Warzenfortsatzes,55,0.1,0.1
2024,Deutschland,DE,H80-H83,H80-H83 Krankheiten des Innenohres,5,0.0,0.0
2024,Deutschland,DE,H90-H95,H90-H95 Sonstige Krankheiten des Ohres,10,0.0,0.0
2024,Deutschland,DE,H90-H91,H90-H91 Hörverlust,6,0.0,0.0
2024,Deutschland,DE,I00-I99,I00-I99 Krankheiten des Kreislaufsystems,339212,406.2,398.7
2024,Deutschland,DE,I00-I02,I00-I02 Akutes rheumatisches Fieber,188,0.2,0.2
2024,Deutschland,DE,I05-I09,I05-I09 Chronische rheumatische Herzkrankheiten,6896,8.3,8.1
2024,Deutschland,DE,I10-I15,I10-I15 Hypertonie (Hochdruckkrankheit),49909,59.8,58.5
2024,Deutschland,DE,I20-I25,I20-I25 Ischämische Herzkrankheiten,113473,135.9,133.6
2024,Deutschland,DE,I21-I22,I21-I22 Herzinfarkt,41258,49.4,48.8
2024,Deutschland,DE,I26-I28,I26-I28 Pulmonale Herzkrankheit und Krankheiten des Lungenkreislaufes,7077,8.5,8.4
2024,Deutschland,DE,I30-I52,I30-I52 Sonstige Formen der Herzkrankheit,96163,115.1,112.8
2024,Deutschland,DE,I60-I69,I60-I69 Zerebrovaskuläre Krankheiten,52185,62.5,61.5
2024,Deutschland,DE,I60-I61,I60-I61 Subarachnoidalblutung und intrazerebrale Blutung,9529,11.4,11.3
2024,Deutschland,DE,I70-I79,"I70-I79 Krankheiten der Arterien, Arteriolen und Kapillaren",11111,13.3,13.1
2024,Deutschland,DE,I80-I89,"I80-I89 Krankheiten der Venen, der Lymphgefäße und der Lymphknoten andernorts nicht klassifiziert",2056,2.5,2.4
2024,Deutschland,DE,I95-I99,I95-I99 Sonstige und nicht näher bezeichnete Krankheiten des Kreislaufsystems,154,0.2,0.2
2024,Deutschland,DE,J00-J99,J00-J99 Krankheiten des Atmungssystems,75117,89.9,88.8
2024,Deutschland,DE,J00-J06,J00-J06 Akute Infektionen der oberen Atemwege,188,0.2,0.2
2024,Deutschland,DE,J09-J18,J09-J18 Grippe und Pneumonie,23844,28.6,28.1
2024,Deutschland,DE,J09-J11,J09-J11 Grippe,3166,3.8,3.7
2024,Deutschland,DE,J12-J18,J12-J18 Pneumonie,20678,24.8,24.3
2024,Deutschland,DE,J20-J22,J20-J22 Sonstige akute Infektionen der unteren Atemwege,333,0.4,0.4
2024,Deutschland,DE,J30-J39,J30-J39 Sonstige Krankheiten der oberen Atemwege,156,0.2,0.2
2024,Deutschland,DE,J40-J47,J40-J47 Chronische Krankheiten der unteren Atemwege,38327,45.9,45.4
2024,Deutschland,DE,J45-J46,J45-J46 Asthma,1260,1.5,1.5
2024,Deutschland,DE,J60-J70,J60-J70 Lungenkrankheiten durch exogene Substanzen,4711,5.6,5.5
2024,Deutschland,DE,J80-J84,"J80-J84 Sonstige Krankheiten der Atmungsorgane, die hauptsächlich das Interstitium betreffen",4397,5.3,5.2
2024,Deutschland,DE,J85-J86,J85-J86 Purulente und nekrotisierende Krankheitszustände der unteren Atemwege,737,0.9,0.9
2024,Deutschland,DE,J90-J94,J90-J94 Sonstige Krankheiten der Pleura,849,1.0,1.0
2024,Deutschland,DE,J95-J99,J95-J99 Sonstige Krankheiten des Atmungssystems,1575,1.9,1.9
2024,Deutschland,DE,K00-K93,K00-K93 Krankheiten des Verdauungssystems,45362,54.3,53.7
2024,Deutschland,DE,K00-K14,"K00-K14 Krankheiten der Mundhöhle, der Speicheldrüsen und der Kiefer",144,0.2,0.2
2024,Deutschland,DE,K20-K31,"K20-K31 Krankheiten des Ösophagus, des Magens und des Duodenums",4864,5.8,5.7
2024,Deutschland,DE,K25-K28,"K25-K28 Ulcus ventriculi, Ulcus duodeni, Ulcus pepticum",2791,3.3,3.3
2024,Deutschland,DE,K35-K38,K35-K38 Krankheiten der Appendix,152,0.2,0.2
2024,Deutschland,DE,K40-K46,K40-K46 Hernien,1291,1.5,1.5
2024,Deutschland,DE,K50-K52,K50-K52 Nichtinfektiöse Enteritis und Kolitis,811,1.0,1.0
2024,Deutschland,DE,K55-K64,K55-K64 Sonstige Krankheiten des Darmes,10738,12.9,12.7
2024,Deutschland,DE,K65-K67,K65-K67 Krankheiten des Peritoneums,660,0.8,0.8
2024,Deutschland,DE,K70-K77,K70-K77 Krankheiten der Leber,16295,19.5,19.4
2024,Deutschland,DE,K80-K87,"K80-K87 Krankheiten der Gallenblase, der Gallenwege und des Pankreas",5266,6.3,6.2
2024,Deutschland,DE,K90-K93,K90-K93 Sonstige Krankheiten des Verdauungssystems,5141,6.2,6.1
2024,Deutschland,DE,L00-L99,L00-L99 Krankheiten der Haut und der Unterhaut,2242,2.7,2.6
2024,Deutschland,DE,L00-L08,L00-L08 Infektionen der Haut und der Unterhaut,580,0.7,0.7
2024,Deutschland,DE,L10-L14,L10-L14 Bullöse Dermatosen,119,0.1,0.1
2024,Deutschland,DE,L20-L30,L20-L30 Dermatitis und Ekzem,32,0.0,0.0
2024,Deutschland,DE,L40-L45,L40-L45 Papulosquamöse Hautkrankheiten,46,0.1,0.1
2024,Deutschland,DE,L40-L42,L40-L42 Psoriasis,46,0.1,0.1
2024,Deutschland,DE,L50-L54,L50-L54 Urtikaria und Erythem,28,0.0,0.0
2024,Deutschland,DE,L55-L59,L55-L59 Krankheiten der Haut und der Unterhaut durch Strahleneinwirkung,,0.0,0.0
2024,Deutschland,DE,L60-L75,L60-L75 Krankheiten der Hautanhangsgebilde,6,0.0,0.0
2024,Deutschland,DE,L80-L99,L80-L99 Sonstige Krankheiten der Haut und der Unterhaut,1429,1.7,1.7
2024,Deutschland,DE,M00-M99,M00-M99 Krankheiten des Muskel-Skelett-Systems und des Bindegewebes,7331,8.8,8.7
2024,Deutschland,DE,M00-M25,M00-M25 Arthropathien,2090,2.5,2.5
2024,Deutschland,DE,M00-M03,M00-M03 Infektiöse Arthropathien,332,0.4,0.4
2024,Deutschland,DE,M05-M14,M05-M14 Entzündliche Polyarthropathien,867,1.0,1.0
2024,Deutschland,DE,M15-M19,M15-M19 Arthrose,623,0.7,0.7
2024,Deutschland,DE,M20-M25,M20-M25 Sonstige Gelenkkrankheiten,268,0.3,0.3
2024,Deutschland,DE,M30-M36,M30-M36 Systemkrankheiten des Bindegewebes,803,1.0,1.0
2024,Deutschland,DE,M40-M54,M40-M54 Krankheiten der Wirbelsäule und des Rückens,1387,1.7,1.6
2024,Deutschland,DE,M40-M43,M40-M43 Deformitäten der Wirbelsäule und des Rückens,58,0.1,0.1
2024,Deutschland,DE,M45-M54,M45-M54 Dorsopathien,1329,1.6,1.6
2024,Deutschland,DE,M45-M49,M45-M49 Spondylopathien,1159,1.4,1.4
2024,Deutschland,DE,M50-M54,M50-M54 Sonstige Krankheiten der Wirbelsäule und des Rückens,170,0.2,0.2
2024,Deutschland,DE,M60-M79,M60-M79 Krankheiten der Weichteilgewebe,1676,2.0,2.0
2024,Deutschland,DE,M60-M63,M60-M63 Krankheiten der Muskeln,1081,1.3,1.3
2024,Deutschland,DE,M65-M68,M65-M68 Krankheiten der Synovialis und der Sehnen,5,0.0,0.0
2024,Deutschland,DE,M70-M79,M70-M79 Sonstige Krankheiten des Weichteilgewebes,590,0.7,0.7
2024,Deutschland,DE,M80-M94,M80-M94 Osteopathien und Chondropathien,1371,1.6,1.6
2024,Deutschland,DE,M80-M85,M80-M85 Veränderungen der Knochendichte und -struktur,1069,1.3,1.3
2024,Deutschland,DE,M80-M82,M80-M82 Osteoporose,1008,1.2,1.2
2024,Deutschland,DE,M86-M90,M86-M90 Sonstige Osteopathien,288,0.3,0.3
2024,Deutschland,DE,M91-M94,M91-M94 Chondropathien,14,0.0,0.0
2024,Deutschland,DE,M95-M99,M95-M99 Sonstige Krankheiten des Muskel-Skelett-Systems und des Bindegewebes,4,0.0,0.0
2024,Deutschland,DE,N00-N99,N00-N99 Krankheiten des Urogenitalsystems,28869,34.6,33.9
2024,Deutschland,DE,N00-N29,N00-N29 Krankheiten der Niere und des Ureters,19614,23.5,23.0
2024,Deutschland,DE,N00-N08,N00-N08 Glomeruläre Krankheiten,223,0.3,0.3
2024,Deutschland,DE,N10-N16,N10-N16 Tubulointerstitielle Nierenkrankheiten,957,1.1,1.1
2024,Deutschland,DE,N17-N19,N17-N19 Niereninsuffizienz,17754,21.3,20.8
2024,Deutschland,DE,N20-N23,N20-N23 Urolithiasis,297,0.4,0.3
2024,Deutschland,DE,N25-N29,N25-N29 Sonstige Krankheiten der Niere und des Ureters,383,0.5,0.5
2024,Deutschland,DE,N30-N39,N30-N39 Sonstige Krankheiten des Harnsystems,8231,9.9,9.7
2024,Deutschland,DE,N40-N51,N40-N51 Krankheiten der männlichen Genitalorgane,,,
2024,Deutschland,DE,N60-N64,N60-N64 Krankheiten der Mamma (Brustdrüse),5,0.0,0.0
2024,Deutschland,DE,N70-N77,N70-N77 Entzündliche Krankheiten der weiblichen Beckenorgane,,,
2024,Deutschland,DE,N80-N98,N80-N98 Nichtentzündliche Krankheiten des weiblichen Genitaltraktes,,,
2024,Deutschland,DE,O00-O99,"O00-O99 Schwangerschaft, Geburt und Wochenbett",,,
2024,Deutschland,DE,O00-O08,O00-O08 Schwangerschaft mit abortivem Ausgang,,,
2024,Deutschland,DE,O10-O16,"O10-O16 Ödeme, Proteinurie und Hypertonie während der Schwangerschaft, der Geburt und des Wochenbettes",,,
2024,Deutschland,DE,O20-O29,"O20-O29 Sonstige Krankheiten der Mutter, die vorwiegend mit der Schwangerschaft verbunden sind",,,
2024,Deutschland,DE,O30-O48,O30-O48 Betreuung der Mutter im Hinblick auf den Fetus und die Amnionhöhle sowie mögliche Entbindungskomplikationen,,,
2024,Deutschland,DE,O60-O75,O60-O75 Komplikationen bei Wehentätigkeit und Entbindung,,,
2024,Deutschland,DE,O80-O84,O80-O84 Entbindung,,,
2024,Deutschland,DE,O85-O92,"O85-O92 Komplikationen, die vorwiegend im Wochenbett auftreten",,,
2024,Deutschland,DE,O94-O99,"O94-O99 Sonstige Krankheitszustände während der Gestationsperiode, die andernorts nicht klassifiziert sind",,,
2024,Deutschland,DE,P00-P96,"P00-P96 Bestimmte Zustände, die ihren Ursprung in der Perinatalperiode haben",1421,1.7,1.9
2024,Deutschland,DE,P00-P04,"P00-P04 Schädigung des Fetus und Neugeborenen durch mütterliche Faktoren und durch Komplikationen bei Schwangerschaft, Wehentätigkeit und Entbindung",371,0.4,0.5
2024,Deutschland,DE,P05-P08,P05-P08 Störungen im Zusammenhang mit der Schwangerschaftsdauer und dem fetalen Wachstum,271,0.3,0.4
2024,Deutschland,DE,P10-P15,P10-P15 Geburtstrauma,,0.0,0.0
2024,Deutschland,DE,P20-P29,"P20-P29 Krankheiten des Atmungs- und Herz-Kreislaufsystems, die für die Perinatalperiode spezifisch sind",339,0.4,0.4
2024,Deutschland,DE,P35-P39,"P35-P39 Infektionen, die für die Perinatalperiode spezifisch sind",77,0.1,0.1
2024,Deutschland,DE,P50-P61,P50-P61 Hämorrhagische und hämatologische Krankheiten beim Fetus und Neugeborenen,47,0.1,0.1
2024,Deutschland,DE,P70-P74,"P70-P74 Transitorische endokrine und Stoffwechselstörungen, die für den Fetus und das Neugeborene spezifisch sind",,,
2024,Deutschland,DE,P75-P78,P75-P78 Krankheiten des Verdauungssystems beim Fetus und Neugeborenen,61,0.1,0.1
2024,Deutschland,DE,P80-P83,P80-P83 Krankheitszustände mit Beteiligung der Haut und der Temperaturregulation beim Fetus und Neugeborenen,18,0.0,0.0
2024,Deutschland,DE,P90-P96,"P90-P96 Sonstige Störungen, die ihren Ursprung in der Perinatalperiode haben",236,0.3,0.3
2024,Deutschland,DE,Q00-Q99,"Q00-Q99 Angeborene Fehlbildungen, Deformitäten und Chromosomenanomalien",2391,2.9,3.0
2024,Deutschland,DE,Q00-Q07,Q00-Q07 Angeborene Fehlbildungen des Nervensystems,204,0.2,0.3
2024,Deutschland,DE,Q10-Q18,"Q10-Q18 Angeborene Fehlbildungen des Auges, des Ohres, des Gesichtes und des Halses",,,
2024,Deutschland,DE,Q20-Q28,Q20-Q28 Angeborene Fehlbildungen des Kreislaufsystems,690,0.8,0.9
2024,Deutschland,DE,Q30-Q34,Q30-Q34 Angeborene Fehlbildungen des Atmungssystems,51,0.1,0.1
2024,Deutschland,DE,Q35-Q37,"Q35-Q37 Lippen-, Kiefer- und Gaumenspalte",,0.0,0.0
2024,Deutschland,DE,Q38-Q45,Q38-Q45 Sonstige angeborene Fehlbildungen des Verdauungssystems,80,0.1,0.1
2024,Deutschland,DE,Q50-Q56,Q50-Q56 Angeborene Fehlbildungen der Genitalorgane,,0.0,0.0
2024,Deutschland,DE,Q60-Q64,Q60-Q64 Angeborene Fehlbildungen des Harnsystems,187,0.2,0.2
2024,Deutschland,DE,Q65-Q79,Q65-Q79 Angeborene Fehlbildung und Deformitäten des Muskel-Skelett-Systems,95,0.1,0.1
2024,Deutschland,DE,Q80-Q89,Q80-Q89 Sonstige angeborene Fehlbildungen,252,0.3,0.3
2024,Deutschland,DE,Q90-Q99,"Q90-Q99 Chromosomenanomalien, anderenorts nicht klassifiziert",829,1.0,1.0
2024,Deutschland,DE,R00-R99,"R00-R99 Symptome und abnorme klinische und Laborbefunde, die andernorts nicht klassifiziert sind",31345,37.5,37.2
2024,Deutschland,DE,R00-R09,"R00-R09 Symptome, die das Kreislaufsystem und das Atmungssystem betreffen",570,0.7,0.7
2024,Deutschland,DE,R10-R19,"R10-R19 Symptome, die das Verdauungssystem und das Abdomen betreffen",101,0.1,0.1
2024,Deutschland,DE,R20-R23,"R20-R23 Symptome, die die Haut und das Unterhautgewebe betreffen",6,0.0,0.0
2024,Deutschland,DE,R25-R29,"R25-R29 Symptome, die das Nervensystem und das Muskel-Skelett-System betreffen",42,0.1,0.0
2024,Deutschland,DE,R30-R39,"R30-R39 Symptome, die das Harnsystem betreffen",10,0.0,0.0
2024,Deutschland,DE,R40-R46,"R40-R46 Symptome, die das Erkennungs- und Wahrnehmungsvermögen, die Stimmung und das Verhalten betreffen",69,0.1,0.1
2024,Deutschland,DE,R47-R49,"R47-R49 Symptome, die die Sprache und die Stimme betreffen",,0.0,0.0
2024,Deutschland,DE,R50-R69,R50-R69 Allgemeinsymptome,3950,4.7,4.6
2024,Deutschland,DE,R70-R79,R70-R79 Abnorme Blutuntersuchungsbefunde ohne Vorliegen einer Diagnose,8,0.0,0.0
2024,Deutschland,DE,R80-R82,R80-R82 Abnorme Urinuntersuchungsbefunde ohne Vorliegen einer Diagnose,,,
2024,Deutschland,DE,R83-R89,"R83-R89 Abnorme Befunde ohne Vorliegen einer Diagnose bei der Untersuchung anderer Körperflüssigkeiten, Substanzen und Gewebe",,,
2024,Deutschland,DE,R90-R94,R90-R94 Abnorme Befunde ohne Vorliegen einer Diagnose bei bildgebender Diagnostik und Funktionsprüfungen,17,0.0,0.0
2024,Deutschland,DE,R95-R99,R95-R99 Ungenau bezeichnete und unbekannte Todesursachen,26571,31.8,31.6
2024,Deutschland,DE,R96-R99,R96-R99 Unbekannte Todesursache,26496,31.7,31.5
2024,Deutschland,DE,S00-T98,"S00-T98 Verletzungen, Vergiftungen und bestimmte andere Folgen äußerer Ursachen",48908,58.6,57.9
2024,Deutschland,DE,S00-T14,S00-T14 Verletzungen,33197,39.7,39.2
2024,Deutschland,DE,S00-S09,S00-S09 Verletzungen des Kopfes,12400,14.8,14.7
2024,Deutschland,DE,S10-S19,S10-S19 Verletzungen des Halses,1504,1.8,1.8
2024,Deutschland,DE,S20-S29,S20-S29 Verletzungen des Thorax,2283,2.7,2.7
2024,Deutschland,DE,S30-S39,"S30-S39 Verletzungen des Abdomens, der Lumbosakralgegend, der Lendenwirbelsäule und des Beckens",1662,2.0,2.0
2024,Deutschland,DE,S40-S49,S40-S49 Verletzungen der Schulter und des Oberarmes,716,0.9,0.8
2024,Deutschland,DE,S50-S59,S50-S59 Verletzungen des Ellenbogens und des Unterarmes,248,0.3,0.3
2024,Deutschland,DE,S60-S69,S60-S69 Verletzungen des Handgelenkes und der Hand,139,0.2,0.2
2024,Deutschland,DE,S70-S79,S70-S79 Verletzungen der Hüfte und des Oberschenkels,8454,10.1,9.9
2024,Deutschland,DE,S80-S89,S80-S89 Verletzungen des Knies und des Unterschenkels,490,0.6,0.6
2024,Deutschland,DE,S90-S99,S90-S99 Verletzungen der Knöchelregion und des Fußes,42,0.1,0.0
2024,Deutschland,DE,T00-T07,T00-T07 Verletzungen mit Beteiligung mehrerer Körperregionen,1968,2.4,2.4
2024,Deutschland,DE,T08-T14,"T08-T14 Verletzungen nicht näher bezeichneter Teile des Rumpfes, der Extremitäten oder anderer Körperregionen",3291,3.9,3.9
2024,Deutschland,DE,T15-T19,T15-T19 Folgen des Eindringens eines Fremdkörpers durch eine natürliche Körperöffnung,1617,1.9,1.9
2024,Deutschland,DE,T20-T32,T20-T32 Verbrennungen oder Verätzungen,412,0.5,0.5
2024,Deutschland,DE,T20-T25,"T20-T25 Verbrennungen oder Verätzungen der äußeren Körperoberfläche, Lokalisation bezeichnet",34,0.0,0.0
2024,Deutschland,DE,T26-T28,"T26-T28 Verbrennungen oder Verätzungen, die auf das Auge und auf innere Organe begrenzt sind",15,0.0,0.0
2024,Deutschland,DE,T29-T32,T29-T32 Verbrennungen oder Verätzungen mehrerer und nicht näher bezeichneter Körperregionen,363,0.4,0.4
2024,Deutschland,DE,T33-T35,T33-T35 Erfrierungen,24,0.0,0.0
2024,Deutschland,DE,T36-T50,"T36-T50 Vergiftungen durch Arzneimittel, Drogen und biologisch aktive Substanzen",3042,3.6,3.6
2024,Deutschland,DE,T51-T65,T51-T65 Toxische Wirkungen von vorwiegend nicht medizinisch verwendeten Substanzen,1504,1.8,1.8
2024,Deutschland,DE,T66-T78,T66-T78 Sonstige und nicht näher bezeichnete Schäden durch äußere Ursachen,6076,7.3,7.3
2024,Deutschland,DE,T79-T79,T79-T79 Bestimmte Frühkomplikationen eines Traumas,262,0.3,0.3
2024,Deutschland,DE,T80-T88,"T80-T88 Komplikationen bei chirurgischen Eingriffen und medizinischer Behandlung, anderenorts nicht klassifiziert",1074,1.3,1.3
2024,Deutschland,DE,T90-T98,"T90-T98 Folgen von Verletzungen, Vergiftungen und sonstigen Auswirkungen äußerer Ursachen",1700,2.0,2.0
2024,Deutschland,DE,U00-U99,U00-U99 Schlüsselnummern für besondere Zwecke,12053,14.4,14.2
2024,Deutschland,DE,U00-U49,U00-U49 Vorläufige Zuordnungen für Krankheiten mit unklarer Ätiologie und nicht belegte Schlüsselnummern,12053,14.4,14.2
2024,Baden-Württemberg,DE-BW,,Alle Krankheiten und Folgen äußerer Ursachen,118583,1055.2,1085.8
2024,Baden-Württemberg,DE-BW,A00-B99,A00-B99 Bestimmte infektiöse und parasitäre Krankheiten,2367,21.1,21.7
2024,Baden-Württemberg,DE-BW,A00-A09,A00-A09 Infektiöse Darmkrankheiten,424,3.8,3.9
2024,Baden-Württemberg,DE-BW,A15-A19,A15-A19 Tuberkulose,18,0.2,0.2
2024,Baden-Württemberg,DE-BW,A20-A28,A20-A28 Bestimmte bakterielle Zoonosen,,,
2024,Baden-Württemberg,DE-BW,A30-A49,A30-A49 Sonstige bakterielle Krankheiten,1149,10.2,10.6
2024,Baden-Württemberg,DE-BW,A50-A64,"A50-A64 Infektionen, vorwiegend durch Geschlechtsverkehr übertragen",,0.0,0.0
2024,Baden-Württemberg,DE-BW,A65-A69,A65-A69 Sonstige Spirochätenkrankheiten,5,0.0,0.0
2024,Baden-Württemberg,DE-BW,A70-A74,A70-A74 Sonstige Krankheiten durch Chlamydien,,,
2024,Baden-Württemberg,DE-BW,A75-A79,A75-A79 Rickettsiosen,,,
2024,Baden-Württemberg,DE-BW,A80-A89,A80-A89 Virusinfektionen des Zentralnervensystems,38,0.3,0.4
2024,Baden-Württemberg,DE-BW,A90-A99,A90-A99 Durch Arthropoden übertragene Viruskrankheiten und virale hämorrhagische Fieber,,,
2024,Baden-Württemberg,DE-BW,B00-B09,"B00-B09 Virusinfektionen, durch Haut- und Schleimhautläsionen gekennzeichnet",31,0.3,0.3
2024,Baden-Württemberg,DE-BW,B15-B19,B15-B19 Virushepatitis,62,0.6,0.6
2024,Baden-Württemberg,DE-BW,B20-B24,B20-B24 HIV-Krankheit (Humane Immundefizienz-Viruskrankheit),36,0.3,0.3
2024,Baden-Württemberg,DE-BW,B25-B34,B25-B34 Sonstige Viruskrankheiten,45,0.4,0.4
2024,Baden-Württemberg,DE-BW,B35-B49,B35-B49 Mykosen,41,0.4,0.4
2024,Baden-Württemberg,DE-BW,B50-B64,B50-B64 Protozoenkrankheiten,,,
2024,Baden-Württemberg,DE-BW,B65-B83,B65-B83 Helminthosen,,0.0,0.0
2024,Baden-Württemberg,DE-BW,B85-B89,"B85-B89 Pedikulose, Akarinose und sonstiger Parasitenbefall der Haut",,0.0,0.0
2024,Baden-Württemberg,DE-BW,B90-B94,B90-B94 Folgezustände von infektiösen und parasitären Krankheiten,74,0.7,0.7
2024,Baden-Württemberg,DE-BW,B99-B99,B99-B99 Sonstige Infektionskrankheiten,440,3.9,4.0
2024,Baden-Württemberg,DE-BW,C00-D48,C00-D48 Neubildungen,26919,239.5,248.9
2024,Baden-Württemberg,DE-BW,C00-C97,C00-C97 Bösartige Neubildungen,25875,230.2,239.3
2024,Baden-Württemberg,DE-BW,C00-C75,"C00-C75 Bösartige Neubildungen an genau bezeichneten Lokalisationen, als primär festgestellt oder vermutet, ausgenommen lymphatisches, blutbildendes und verwandtes Gewebe",22173,197.3,205.2
2024,Baden-Württemberg,DE-BW,C00-C14,"C00-C14 Bösartige Neubildungen der Lippe, der Mundhöhle und des Pharynx",534,4.8,4.9
2024,Baden-Württemberg,DE-BW,C15-C26,C15-C26 Bösartige Neubildungen der Verdauungsorgane,7930,70.6,73.4
2024,Baden-Württemberg,DE-BW,C18-C21,"C18-C21 Bösartige Neubildung des Kolons, des Rektums und des Anus",2503,22.3,23.1
2024,Baden-Württemberg,DE-BW,C19-C21,C19-C21 Bösartige Neubildung des Rektums und des Anus,862,7.7,8.0
2024,Baden-Württemberg,DE-BW,C30-C39,C30-C39 Bösartige Neubildungen der Atmungsorgane und sonstiger intrathorakaler Organe,4671,41.6,43.4
2024,Baden-Württemberg,DE-BW,C32-C34,"C32-C34 Bösartige Neubildung des Larynx, der Trachea, der Bronchien und der Lunge",4619,41.1,42.9
2024,Baden-Württemberg,DE-BW,C33-C34,"C33-C34 Bösartige Neubildung der Trachea, Bronchien und der Lunge",4464,39.7,41.5
2024,Baden-Württemberg,DE-BW,C40-C41,C40-C41 Bösartige Neubildungen des Knochens und des Gelenkknorpels,56,0.5,0.5
2024,Baden-Württemberg,DE-BW,C43-C44,C43-C44 Melanom und sonstige bösartige Neubildungen der Haut,598,5.3,5.5
2024,Baden-Württemberg,DE-BW,C45-C49,C45-C49 Bösartige Neubildungen des mesothelialen Gewebes und des Weichteilgewebes,388,3.5,3.6
2024,Baden-Württemberg,DE-BW,C50-C50,C50-C50 Bösartige Neubildung der Brustdrüse,2307,20.5,21.3
2024,Baden-Württemberg,DE-BW,C51-C58,C51-C58 Bösartige Neubildungen der weiblichen Genitalorgane,,,
2024,Baden-Württemberg,DE-BW,C54-C55,C54-C55 Bösartige Neubildung sonstiger Teile der Gebärmutter,,,
2024,Baden-Württemberg,DE-BW,C60-C63,C60-C63 Bösartige Neubildungen der männlichen Genitalorgane,,,
2024,Baden-Württemberg,DE-BW,C64-C68,C64-C68 Bösartige Neubildungen der Harnorgane,1718,15.3,15.9
2024,Baden-Württemberg,DE-BW,C69-C72,"C69-C72 Bösartige Neubildungen des Auges, des Gehirns und sonstiger Teile des Zentralnervensystems",745,6.6,6.9
2024,Baden-Württemberg,DE-BW,C73-C75,C73-C75 Bösartige Neubildungen der Schilddrüse und sonstiger endokriner Drüsen,134,1.2,1.2
2024,Baden-Württemberg,DE-BW,C76-C80,"C76-C80 Bösartige Neubildungen ungenau bezeichneter, sekundärer und nicht näher bezeichneter Lokalisationen",1336,11.9,12.3
2024,Baden-Württemberg,DE-BW,C81-C96,"C81-C96 Bösartige Neubildungen des lymphatischen, blutbildenden und verwandten Gewebes, als primär festgestellt oder vermutet",2366,21.1,21.8
2024,Baden-Württemberg,DE-BW,C91-C95,C91-C95 Leukämie,1008,9.0,9.3
2024,Baden-Württemberg,DE-BW,C97-C97,C97-C97 Bösartige Neubildungen als Primärtumoren an mehreren Lokalisationen,,,
2024,Baden-Württemberg,DE-BW,D00-D09,D00-D09 In-situ-Neubildungen,3,0.0,0.0
2024,Baden-Württemberg,DE-BW,D10-D36,D10-D36 Gutartige Neubildungen,109,1.0,1.0
2024,Baden-Württemberg,DE-BW,D37-D48,D37-D48 Neubildungen unsicheren oder unbekannten Verhaltens,932,8.3,8.5
2024,Baden-Württemberg,DE-BW,D50-D90,D50-D90 Krankheiten des Blutes und der blutbildenden Organe sowie bestimmte Störungen mit Beteiligung des Immunsystems,632,5.6,5.8
2024,Baden-Württemberg,DE-BW,D50-D53,D50-D53 Alimentäre Anämien,47,0.4,0.4
2024,Baden-Württemberg,DE-BW,D55-D59,D55-D59 Hämolytische Anämien,12,0.1,0.1
2024,Baden-Württemberg,DE-BW,D60-D64,D60-D64 Aplastische und sonstige Anämien,238,2.1,2.2
2024,Baden-Württemberg,DE-BW,D65-D69,"D65-D69 Koagulopathien, Purpura und sonstige hämorrhagische Diathesen",184,1.6,1.7
2024,Baden-Württemberg,DE-BW,D70-D77,D70-D77 Sonstige Krankheiten des Blutes und der blutbildenden Organe,48,0.4,0.4
2024,Baden-Württemberg,DE-BW,D80-D90,D80-D90 Bestimmte Störungen mit Beteiligung des Immunsystems,103,0.9,1.0
2024,Baden-Württemberg,DE-BW,E00-E90,"E00-E90 Endokrine, Ernährungs- und Stoffwechselkrankheiten",5207,46.3,47.6
2024,Baden-Württemberg,DE-BW,E00-E07,E00-E07 Krankheiten der Schilddrüse,79,0.7,0.7
2024,Baden-Württemberg,DE-BW,E10-E14,E10-E14 Diabetes mellitus,3299,29.4,30.2
2024,Baden-Württemberg,DE-BW,E15-E16,E15-E16 Sonstige Störungen der Blutglukose-Regulation und der inneren Sekretion des Pankreas,22,0.2,0.2
2024,Baden-Württemberg,DE-BW,E20-E35,E20-E35 Krankheiten sonstiger endokriner Drüsen,26,0.2,0.2
2024,Baden-Württemberg,DE-BW,E40-E46,E40-E46 Mangelernährung,121,1.1,1.1
2024,Baden-Württemberg,DE-BW,E50-E64,E50-E64 Sonstige alimentäre Mangelzustände,29,0.3,0.3
2024,Baden-Württemberg,DE-BW,E65-E68,E65-E68 Adipositas und sonstige Überernährung,278,2.5,2.6
2024,Baden-Württemberg,DE-BW,E70-E90,E70-E90 Stoffwechselstörungen,1353,12.0,12.3
2024,Baden-Württemberg,DE-BW,F00-F99,F00-F99 Psychische und Verhaltensstörungen,8426,75.0,76.6
2024,Baden-Württemberg,DE-BW,F00-F09,"F00-F09 Organische, einschließlich symptomatischer psychischer Störungen",7384,65.7,67.1
2024,Baden-Württemberg,DE-BW,F00-F03,F00-F03 Demenz,7318,65.1,66.5
2024,Baden-Württemberg,DE-BW,F10-F19,F10-F19 Psychische und Verhaltensstörungen durch psychotrope Substanzen,721,6.4,6.6
2024,Baden-Württemberg,DE-BW,F20-F29,"F20-F29 Schizophrenie, schizotype und wahnhafte Störungen",71,0.6,0.6
2024,Baden-Württemberg,DE-BW,F30-F39,F30-F39 Affektive Störungen,181,1.6,1.6
2024,Baden-Württemberg,DE-BW,F32-F34,F32-F34 Depression,173,1.5,1.6
2024,Baden-Württemberg,DE-BW,F40-F48,"F40-F48 Neurotische, Belastungs- und somatoforme Störungen",15,0.1,0.1
2024,Baden-Württemberg,DE-BW,F40-F41,F40-F41 Phobische und andere Angststörungen,4,0.0,0.0
2024,Baden-Württemberg,DE-BW,F50-F59,F50-F59 Verhaltensauffälligkeiten mit körperlichen Störungen und Faktoren,25,0.2,0.2
2024,Baden-Württemberg,DE-BW,F60-F69,F60-F69 Persönlichkeits- und Verhaltensstörungen,3,0.0,0.0
2024,Baden-Württemberg,DE-BW,F70-F79,F70-F79 Intelligenzminderung,20,0.2,0.2
2024,Baden-Württemberg,DE-BW,F80-F89,F80-F89 Entwicklungsstörungen,4,0.0,0.0
2024,Baden-Württemberg,DE-BW,F90-F98,F90-F98 Verhaltens- und emotionale Störungen mit Beginn in der Kindheit und Jugend,,,
2024,Baden-Württemberg,DE-BW,F99-F99,F99-F99 Nicht näher bezeichnete psychische Störungen,,0.0,0.0
2024,Baden-Württemberg,DE-BW,G00-H95,G00-H95 Krankheiten des Nervensystems und der Sinnesorgane,4857,43.2,44.7
2024,Baden-Württemberg,DE-BW,G00-G99,G00-G99 Krankheiten des Nervensystems,4838,43.0,44.5
2024,Baden-Württemberg,DE-BW,G00-G09,G00-G09 Entzündliche Krankheiten des Zentralnervensystems,95,0.8,0.9
2024,Baden-Württemberg,DE-BW,G00-G03,G00-G03 Meningitis,22,0.2,0.2
2024,Baden-Württemberg,DE-BW,G10-G14,"G10-G14 Systematrophien, die vorwiegend das Zentralnervensystem betreffen",331,2.9,3.1
2024,Baden-Württemberg,DE-BW,G20-G26,G20-G26 Extrapyramidale Krankheiten und Bewegungsstörungen,1664,14.8,15.4
2024,Baden-Württemberg,DE-BW,G30-G32,G30-G32 Sonstige degenerative Krankheiten des Nervensystems,1425,12.7,13.1
2024,Baden-Württemberg,DE-BW,G35-G37,G35-G37 Demyelinisierende Krankheiten des Zentralnervensystems,226,2.0,2.1
2024,Baden-Württemberg,DE-BW,G40-G47,G40-G47 Episodische und paroxysmale Krankheiten des Nervensystems,466,4.1,4.3
2024,Baden-Württemberg,DE-BW,G40-G41,G40-G41 Epilepsie,412,3.7,3.8
2024,Baden-Württemberg,DE-BW,G50-G59,"G50-G59 Krankheiten von Nerven, Nervenwurzeln und Nervenplexus",,0.0,0.0
2024,Baden-Württemberg,DE-BW,G60-G64,G60-G64 Polyneuropathien und sonstige Krankheiten des peripheren Nervensystems,95,0.8,0.9
2024,Baden-Württemberg,DE-BW,G70-G73,G70-G73 Krankheiten im Bereich der neuromuskulären Synapse und des Muskels,118,1.0,1.1
2024,Baden-Württemberg,DE-BW,G80-G83,G80-G83 Zerebrale Lähmung und sonstige Lähmungssyndrome,156,1.4,1.4
2024,Baden-Württemberg,DE-BW,G90-G99,G90-G99 Sonstige Krankheiten des Nervensystems,260,2.3,2.4
2024,Baden-Württemberg,DE-BW,H00-H59,H00-H59 Krankheiten des Auges und der Augenanhangsgebilde,6,0.1,0.1
2024,Baden-Württemberg,DE-BW,H00-H06,"H00-H06 Affektionen des Augenlides, des Tränenapparates und der Orbita",,0.0,0.0
2024,Baden-Württemberg,DE-BW,H10-H13,H10-H13 Affektionen der Konjunktiva,,0.0,0.0
2024,Baden-Württemberg,DE-BW,H15-H22,"H15-H22 Affektionen der Sklera, der Hornhaut, der Iris und des Ziliarkörpers",,,
2024,Baden-Württemberg,DE-BW,H25-H28,H25-H28 Affektionen der Linse,,,
2024,Baden-Württemberg,DE-BW,H30-H36,H30-H36 Affektionen der Aderhaut und der Netzhaut,,,
2024,Baden-Württemberg,DE-BW,H40-H42,H40-H42 Glaukom,,,
2024,Baden-Württemberg,DE-BW,H43-H45,H43-H45 Affektionen des Glaskörpers und des Augapfels,,0.0,0.0
2024,Baden-Württemberg,DE-BW,H46-H48,H46-H48 Affektionen des Nervus opticus und der Sehbahn,,0.0,0.0
2024,Baden-Württemberg,DE-BW,H49-H52,"H49-H52 Affektionen der Augenmuskeln, Störungen der Blickbewegungen sowie Akkommodationsstörungen und Refraktionsfehler",,,
2024,Baden-Württemberg,DE-BW,H53-H54,H53-H54 Sehstörungen und Blindheit,,,
2024,Baden-Württemberg,DE-BW,H55-H59,H55-H59 Sonstige Affektionen des Auges und der Augenanhangsgebilde,,0.0,0.0
2024,Baden-Württemberg,DE-BW,H60-H95,H60-H95 Krankheiten des Ohres und des Warzenfortsatzes,13,0.1,0.1
2024,Baden-Württemberg,DE-BW,H60-H62,H60-H62 Krankheiten des äußeren Ohres,,0.0,0.0
2024,Baden-Württemberg,DE-BW,H65-H75,H65-H75 Krankheiten des Mittelohres und des Warzenfortsatzes,12,0.1,0.1
2024,Baden-Württemberg,DE-BW,H80-H83,H80-H83 Krankheiten des Innenohres,,,
2024,Baden-Württemberg,DE-BW,H90-H95,H90-H95 Sonstige Krankheiten des Ohres,,,
2024,Baden-Württemberg,DE-BW,H90-H91,H90-H91 Hörverlust,,,
2024,Baden-Württemberg,DE-BW,I00-I99,I00-I99 Krankheiten des Kreislaufsystems,40755,362.6,371.4
2024,Baden-Württemberg,DE-BW,I00-I02,I00-I02 Akutes rheumatisches Fieber,26,0.2,0.2
2024,Baden-Württemberg,DE-BW,I05-I09,I05-I09 Chronische rheumatische Herzkrankheiten,792,7.0,7.2
2024,Baden-Württemberg,DE-BW,I10-I15,I10-I15 Hypertonie (Hochdruckkrankheit),5542,49.3,50.1
2024,Baden-Württemberg,DE-BW,I20-I25,I20-I25 Ischämische Herzkrankheiten,13764,122.5,125.9
2024,Baden-Württemberg,DE-BW,I21-I22,I21-I22 Herzinfarkt,5617,50.0,51.7
2024,Baden-Württemberg,DE-BW,I26-I28,I26-I28 Pulmonale Herzkrankheit und Krankheiten des Lungenkreislaufes,979,8.7,9.0
2024,Baden-Württemberg,DE-BW,I30-I52,I30-I52 Sonstige Formen der Herzkrankheit,11477,102.1,104.2
2024,Baden-Württemberg,DE-BW,I60-I69,I60-I69 Zerebrovaskuläre Krankheiten,6563,58.4,60.0
2024,Baden-Württemberg,DE-BW,I60-I61,I60-I61 Subarachnoidalblutung und intrazerebrale Blutung,1165,10.4,10.8
2024,Baden-Württemberg,DE-BW,I70-I79,"I70-I79 Krankheiten der Arterien, Arteriolen und Kapillaren",1328,11.8,12.2
2024,Baden-Württemberg,DE-BW,I80-I89,"I80-I89 Krankheiten der Venen, der Lymphgefäße und der Lymphknoten andernorts nicht klassifiziert",273,2.4,2.5
2024,Baden-Württemberg,DE-BW,I95-I99,I95-I99 Sonstige und nicht näher bezeichnete Krankheiten des Kreislaufsystems,11,0.1,0.1
2024,Baden-Württemberg,DE-BW,J00-J99,J00-J99 Krankheiten des Atmungssystems,8359,74.4,76.9
2024,Baden-Württemberg,DE-BW,J00-J06,J00-J06 Akute Infektionen der oberen Atemwege,27,0.2,0.2
2024,Baden-Württemberg,DE-BW,J09-J18,J09-J18 Grippe und Pneumonie,2899,25.8,26.5
2024,Baden-Württemberg,DE-BW,J09-J11,J09-J11 Grippe,475,4.2,4.4
2024,Baden-Württemberg,DE-BW,J12-J18,J12-J18 Pneumonie,2424,21.6,22.2
2024,Baden-Württemberg,DE-BW,J20-J22,J20-J22 Sonstige akute Infektionen der unteren Atemwege,34,0.3,0.3
2024,Baden-Württemberg,DE-BW,J30-J39,J30-J39 Sonstige Krankheiten der oberen Atemwege,18,0.2,0.2
2024,Baden-Württemberg,DE-BW,J40-J47,J40-J47 Chronische Krankheiten der unteren Atemwege,3838,34.2,35.5
2024,Baden-Württemberg,DE-BW,J45-J46,J45-J46 Asthma,190,1.7,1.7
2024,Baden-Württemberg,DE-BW,J60-J70,J60-J70 Lungenkrankheiten durch exogene Substanzen,623,5.5,5.7
2024,Baden-Württemberg,DE-BW,J80-J84,"J80-J84 Sonstige Krankheiten der Atmungsorgane, die hauptsächlich das Interstitium betreffen",519,4.6,4.8
2024,Baden-Württemberg,DE-BW,J85-J86,J85-J86 Purulente und nekrotisierende Krankheitszustände der unteren Atemwege,108,1.0,1.0
2024,Baden-Württemberg,DE-BW,J90-J94,J90-J94 Sonstige Krankheiten der Pleura,106,0.9,1.0
2024,Baden-Württemberg,DE-BW,J95-J99,J95-J99 Sonstige Krankheiten des Atmungssystems,187,1.7,1.7
2024,Baden-Württemberg,DE-BW,K00-K93,K00-K93 Krankheiten des Verdauungssystems,5608,49.9,51.5
2024,Baden-Württemberg,DE-BW,K00-K14,"K00-K14 Krankheiten der Mundhöhle, der Speicheldrüsen und der Kiefer",20,0.2,0.2
2024,Baden-Württemberg,DE-BW,K20-K31,"K20-K31 Krankheiten des Ösophagus, des Magens und des Duodenums",631,5.6,5.8
2024,Baden-Württemberg,DE-BW,K25-K28,"K25-K28 Ulcus ventriculi, Ulcus duodeni, Ulcus pepticum",347,3.1,3.2
2024,Baden-Württemberg,DE-BW,K35-K38,K35-K38 Krankheiten der Appendix,16,0.1,0.1
2024,Baden-Württemberg,DE-BW,K40-K46,K40-K46 Hernien,167,1.5,1.5
2024,Baden-Württemberg,DE-BW,K50-K52,K50-K52 Nichtinfektiöse Enteritis und Kolitis,128,1.1,1.2
2024,Baden-Württemberg,DE-BW,K55-K64,K55-K64 Sonstige Krankheiten des Darmes,1313,11.7,12.1
2024,Baden-Württemberg,DE-BW,K65-K67,K65-K67 Krankheiten des Peritoneums,87,0.8,0.8
2024,Baden-Württemberg,DE-BW,K70-K77,K70-K77 Krankheiten der Leber,2021,18.0,18.6
2024,Baden-Württemberg,DE-BW,K80-K87,"K80-K87 Krankheiten der Gallenblase, der Gallenwege und des Pankreas",580,5.2,5.3
2024,Baden-Württemberg,DE-BW,K90-K93,K90-K93 Sonstige Krankheiten des Verdauungssystems,645,5.7,5.9
2024,Baden-Württemberg,DE-BW,L00-L99,L00-L99 Krankheiten der Haut und der Unterhaut,290,2.6,2.7
2024,Baden-Württemberg,DE-BW,L00-L08,L00-L08 Infektionen der Haut und der Unterhaut,73,0.6,0.7
2024,Baden-Württemberg,DE-BW,L10-L14,L10-L14 Bullöse Dermatosen,15,0.1,0.1
2024,Baden-Württemberg,DE-BW,L20-L30,L20-L30 Dermatitis und Ekzem,6,0.1,0.1
2024,Baden-Württemberg,DE-BW,L40-L45,L40-L45 Papulosquamöse Hautkrankheiten,6,0.1,0.1
2024,Baden-Württemberg,DE-BW,L40-L42,L40-L42 Psoriasis,6,0.1,0.1
2024,Baden-Württemberg,DE-BW,L50-L54,L50-L54 Urtikaria und Erythem,5,0.0,0.0
2024,Baden-Württemberg,DE-BW,L55-L59,L55-L59 Krankheiten der Haut und der Unterhaut durch Strahleneinwirkung,,,
2024,Baden-Württemberg,DE-BW,L60-L75,L60-L75 Krankheiten der Hautanhangsgebilde,,0.0,0.0
2024,Baden-Württemberg,DE-BW,L80-L99,L80-L99 Sonstige Krankheiten der Haut und der Unterhaut,184,1.6,1.7
2024,Baden-Württemberg,DE-BW,M00-M99,M00-M99 Krankheiten des Muskel-Skelett-Systems und des Bindegewebes,1074,9.6,9.8
2024,Baden-Württemberg,DE-BW,M00-M25,M00-M25 Arthropathien,326,2.9,3.0
2024,Baden-Württemberg,DE-BW,M00-M03,M00-M03 Infektiöse Arthropathien,57,0.5,0.5
2024,Baden-Württemberg,DE-BW,M05-M14,M05-M14 Entzündliche Polyarthropathien,120,1.1,1.1
2024,Baden-Württemberg,DE-BW,M15-M19,M15-M19 Arthrose,90,0.8,0.8
2024,Baden-Württemberg,DE-BW,M20-M25,M20-M25 Sonstige Gelenkkrankheiten,59,0.5,0.5
2024,Baden-Württemberg,DE-BW,M30-M36,M30-M36 Systemkrankheiten des Bindegewebes,121,1.1,1.1
2024,Baden-Württemberg,DE-BW,M40-M54,M40-M54 Krankheiten der Wirbelsäule und des Rückens,167,1.5,1.5
2024,Baden-Württemberg,DE-BW,M40-M43,M40-M43 Deformitäten der Wirbelsäule und des Rückens,7,0.1,0.1
2024,Baden-Württemberg,DE-BW,M45-M54,M45-M54 Dorsopathien,160,1.4,1.5
2024,Baden-Württemberg,DE-BW,M45-M49,M45-M49 Spondylopathien,141,1.3,1.3
2024,Baden-Württemberg,DE-BW,M50-M54,M50-M54 Sonstige Krankheiten der Wirbelsäule und des Rückens,19,0.2,0.2
2024,Baden-Württemberg,DE-BW,M60-M79,M60-M79 Krankheiten der Weichteilgewebe,243,2.2,2.2
2024,Baden-Württemberg,DE-BW,M60-M63,M60-M63 Krankheiten der Muskeln,170,1.5,1.6
2024,Baden-Württemberg,DE-BW,M65-M68,M65-M68 Krankheiten der Synovialis und der Sehnen,,0.0,0.0
2024,Baden-Württemberg,DE-BW,M70-M79,M70-M79 Sonstige Krankheiten des Weichteilgewebes,72,0.6,0.7
2024,Baden-Württemberg,DE-BW,M80-M94,M80-M94 Osteopathien und Chondropathien,217,1.9,2.0
2024,Baden-Württemberg,DE-BW,M80-M85,M80-M85 Veränderungen der Knochendichte und -struktur,172,1.5,1.5
2024,Baden-Württemberg,DE-BW,M80-M82,M80-M82 Osteoporose,166,1.5,1.5
2024,Baden-Württemberg,DE-BW,M86-M90,M86-M90 Sonstige Osteopathien,42,0.4,0.4
2024,Baden-Württemberg,DE-BW,M91-M94,M91-M94 Chondropathien,3,0.0,0.0
2024,Baden-Württemberg,DE-BW,M95-M99,M95-M99 Sonstige Krankheiten des Muskel-Skelett-Systems und des Bindegewebes,,,
2024,Baden-Württemberg,DE-BW,N00-N99,N00-N99 Krankheiten des Urogenitalsystems,3456,30.8,31.5
2024,Baden-Württemberg,DE-BW,N00-N29,N00-N29 Krankheiten der Niere und des Ureters,2390,21.3,21.8
2024,Baden-Württemberg,DE-BW,N00-N08,N00-N08 Glomeruläre Krankheiten,37,0.3,0.3
2024,Baden-Württemberg,DE-BW,N10-N16,N10-N16 Tubulointerstitielle Nierenkrankheiten,114,1.0,1.0
2024,Baden-Württemberg,DE-BW,N17-N19,N17-N19 Niereninsuffizienz,2142,19.1,19.5
2024,Baden-Württemberg,DE-BW,N20-N23,N20-N23 Urolithiasis,38,0.3,0.4
2024,Baden-Württemberg,DE-BW,N25-N29,N25-N29 Sonstige Krankheiten der Niere und des Ureters,59,0.5,0.5
2024,Baden-Württemberg,DE-BW,N30-N39,N30-N39 Sonstige Krankheiten des Harnsystems,947,8.4,8.6
2024,Baden-Württemberg,DE-BW,N40-N51,N40-N51 Krankheiten der männlichen Genitalorgane,,,
2024,Baden-Württemberg,DE-BW,N60-N64,N60-N64 Krankheiten der Mamma (Brustdrüse),,,
2024,Baden-Württemberg,DE-BW,N70-N77,N70-N77 Entzündliche Krankheiten der weiblichen Beckenorgane,,,
2024,Baden-Württemberg,DE-BW,N80-N98,N80-N98 Nichtentzündliche Krankheiten des weiblichen Genitaltraktes,,,
2024,Baden-Württemberg,DE-BW,O00-O99,"O00-O99 Schwangerschaft, Geburt und Wochenbett",,,
2024,Baden-Württemberg,DE-BW,O00-O08,O00-O08 Schwangerschaft mit abortivem Ausgang,,,
2024,Baden-Württemberg,DE-BW,O10-O16,"O10-O16 Ödeme, Proteinurie und Hypertonie während der Schwangerschaft, der Geburt und des Wochenbettes",,,
2024,Baden-Württemberg,DE-BW,O20-O29,"O20-O29 Sonstige Krankheiten der Mutter, die vorwiegend mit der Schwangerschaft verbunden sind",,,
2024,Baden-Württemberg,DE-BW,O30-O48,O30-O48 Betreuung der Mutter im Hinblick auf den Fetus und die Amnionhöhle sowie mögliche Entbindungskomplikationen,,,
2024,Baden-Württemberg,DE-BW,O60-O75,O60-O75 Komplikationen bei Wehentätigkeit und Entbindung,,,
2024,Baden-Württemberg,DE-BW,O80-O84,O80-O84 Entbindung,,,
2024,Baden-Württemberg,DE-BW,O85-O92,"O85-O92 Komplikationen, die vorwiegend im Wochenbett auftreten",,,
2024,Baden-Württemberg,DE-BW,O94-O99,"O94-O99 Sonstige Krankheitszustände während der Gestationsperiode, die andernorts nicht klassifiziert sind",,,
2024,Baden-Württemberg,DE-BW,P00-P96,"P00-P96 Bestimmte Zustände, die ihren Ursprung in der Perinatalperiode haben",215,1.9,2.0
2024,Baden-Württemberg,DE-BW,P00-P04,"P00-P04 Schädigung des Fetus und Neugeborenen durch mütterliche Faktoren und durch Komplikationen bei Schwangerschaft, Wehentätigkeit und Entbindung",56,0.5,0.5
2024,Baden-Württemberg,DE-BW,P05-P08,P05-P08 Störungen im Zusammenhang mit der Schwangerschaftsdauer und dem fetalen Wachstum,23,0.2,0.2
2024,Baden-Württemberg,DE-BW,P10-P15,P10-P15 Geburtstrauma,,,
2024,Baden-Württemberg,DE-BW,P20-P29,"P20-P29 Krankheiten des Atmungs- und Herz-Kreislaufsystems, die für die Perinatalperiode spezifisch sind",55,0.5,0.5
2024,Baden-Württemberg,DE-BW,P35-P39,"P35-P39 Infektionen, die für die Perinatalperiode spezifisch sind",18,0.2,0.2
2024,Baden-Württemberg,DE-BW,P50-P61,P50-P61 Hämorrhagische und hämatologische Krankheiten beim Fetus und Neugeborenen,10,0.1,0.1
2024,Baden-Württemberg,DE-BW,P70-P74,"P70-P74 Transitorische endokrine und Stoffwechselstörungen, die für den Fetus und das Neugeborene spezifisch sind",,,
2024,Baden-Württemberg,DE-BW,P75-P78,P75-P78 Krankheiten des Verdauungssystems beim Fetus und Neugeborenen,8,0.1,0.1
2024,Baden-Württemberg,DE-BW,P80-P83,P80-P83 Krankheitszustände mit Beteiligung der Haut und der Temperaturregulation beim Fetus und Neugeborenen,,0.0,0.0
2024,Baden-Württemberg,DE-BW,P90-P96,"P90-P96 Sonstige Störungen, die ihren Ursprung in der Perinatalperiode haben",43,0.4,0.4
2024,Baden-Württemberg,DE-BW,Q00-Q99,"Q00-Q99 Angeborene Fehlbildungen, Deformitäten und Chromosomenanomalien",386,3.4,3.5
2024,Baden-Württemberg,DE-BW,Q00-Q07,Q00-Q07 Angeborene Fehlbildungen des Nervensystems,30,0.3,0.3
2024,Baden-Württemberg,DE-BW,Q10-Q18,"Q10-Q18 Angeborene Fehlbildungen des Auges, des Ohres, des Gesichtes und des Halses",,,
2024,Baden-Württemberg,DE-BW,Q20-Q28,Q20-Q28 Angeborene Fehlbildungen des Kreislaufsystems,112,1.0,1.0
2024,Baden-Württemberg,DE-BW,Q30-Q34,Q30-Q34 Angeborene Fehlbildungen des Atmungssystems,6,0.1,0.1
2024,Baden-Württemberg,DE-BW,Q35-Q37,"Q35-Q37 Lippen-, Kiefer- und Gaumenspalte",,,
2024,Baden-Württemberg,DE-BW,Q38-Q45,Q38-Q45 Sonstige angeborene Fehlbildungen des Verdauungssystems,12,0.1,0.1
2024,Baden-Württemberg,DE-BW,Q50-Q56,Q50-Q56 Angeborene Fehlbildungen der Genitalorgane,,0.0,0.0
2024,Baden-Württemberg,DE-BW,Q60-Q64,Q60-Q64 Angeborene Fehlbildungen des Harnsystems,30,0.3,0.3
2024,Baden-Württemberg,DE-BW,Q65-Q79,Q65-Q79 Angeborene Fehlbildung und Deformitäten des Muskel-Skelett-Systems,14,0.1,0.1
2024,Baden-Württemberg,DE-BW,Q80-Q89,Q80-Q89 Sonstige angeborene Fehlbildungen,46,0.4,0.4
2024,Baden-Württemberg,DE-BW,Q90-Q99,"Q90-Q99 Chromosomenanomalien, anderenorts nicht klassifiziert",135,1.2,1.2
2024,Baden-Württemberg,DE-BW,R00-R99,"R00-R99 Symptome und abnorme klinische und Laborbefunde, die andernorts nicht klassifiziert sind",2015,17.9,18.3
2024,Baden-Württemberg,DE-BW,R00-R09,"R00-R09 Symptome, die das Kreislaufsystem und das Atmungssystem betreffen",60,0.5,0.6
2024,Baden-Württemberg,DE-BW,R10-R19,"R10-R19 Symptome, die das Verdauungssystem und das Abdomen betreffen",11,0.1,0.1
2024,Baden-Württemberg,DE-BW,R20-R23,"R20-R23 Symptome, die die Haut und das Unterhautgewebe betreffen",,,
2024,Baden-Württemberg,DE-BW,R25-R29,"R25-R29 Symptome, die das Nervensystem und das Muskel-Skelett-System betreffen",3,0.0,0.0
2024,Baden-Württemberg,DE-BW,R30-R39,"R30-R39 Symptome, die das Harnsystem betreffen",,,
2024,Baden-Württemberg,DE-BW,R40-R46,"R40-R46 Symptome, die das Erkennungs- und Wahrnehmungsvermögen, die Stimmung und das Verhalten betreffen",6,0.1,0.1
2024,Baden-Württemberg,DE-BW,R47-R49,"R47-R49 Symptome, die die Sprache und die Stimme betreffen",,,
2024,Baden-Württemberg,DE-BW,R50-R69,R50-R69 Allgemeinsymptome,630,5.6,5.7
2024,Baden-Württemberg,DE-BW,R70-R79,R70-R79 Abnorme Blutuntersuchungsbefunde ohne Vorliegen einer Diagnose,,,
2024,Baden-Württemberg,DE-BW,R80-R82,R80-R82 Abnorme Urinuntersuchungsbefunde ohne Vorliegen einer Diagnose,,,
2024,Baden-Württemberg,DE-BW,R83-R89,"R83-R89 Abnorme Befunde ohne Vorliegen einer Diagnose bei der Untersuchung anderer Körperflüssigkeiten, Substanzen und Gewebe",,,
2024,Baden-Württemberg,DE-BW,R90-R94,R90-R94 Abnorme Befunde ohne Vorliegen einer Diagnose bei bildgebender Diagnostik und Funktionsprüfungen,5,0.0,0.0
2024,Baden-Württemberg,DE-BW,R95-R99,R95-R99 Ungenau bezeichnete und unbekannte Todesursachen,1300,11.6,11.8
2024,Baden-Württemberg,DE-BW,R96-R99,R96-R99 Unbekannte Todesursache,1284,11.4,11.7
2024,Baden-Württemberg,DE-BW,S00-T98,"S00-T98 Verletzungen, Vergiftungen und bestimmte andere Folgen äußerer Ursachen",6459,57.5,58.7
2024,Baden-Württemberg,DE-BW,S00-T14,S00-T14 Verletzungen,4520,40.2,41.0
2024,Baden-Württemberg,DE-BW,S00-S09,S00-S09 Verletzungen des Kopfes,1755,15.6,16.0
2024,Baden-Württemberg,DE-BW,S10-S19,S10-S19 Verletzungen des Halses,198,1.8,1.8
2024,Baden-Württemberg,DE-BW,S20-S29,S20-S29 Verletzungen des Thorax,311,2.8,2.8
2024,Baden-Württemberg,DE-BW,S30-S39,"S30-S39 Verletzungen des Abdomens, der Lumbosakralgegend, der Lendenwirbelsäule und des Beckens",243,2.2,2.2
2024,Baden-Württemberg,DE-BW,S40-S49,S40-S49 Verletzungen der Schulter und des Oberarmes,85,0.8,0.8
2024,Baden-Württemberg,DE-BW,S50-S59,S50-S59 Verletzungen des Ellenbogens und des Unterarmes,27,0.2,0.2
2024,Baden-Württemberg,DE-BW,S60-S69,S60-S69 Verletzungen des Handgelenkes und der Hand,11,0.1,0.1
2024,Baden-Württemberg,DE-BW,S70-S79,S70-S79 Verletzungen der Hüfte und des Oberschenkels,1094,9.7,9.9
2024,Baden-Württemberg,DE-BW,S80-S89,S80-S89 Verletzungen des Knies und des Unterschenkels,63,0.6,0.6
2024,Baden-Württemberg,DE-BW,S90-S99,S90-S99 Verletzungen der Knöchelregion und des Fußes,5,0.0,0.0
2024,Baden-Württemberg,DE-BW,T00-T07,T00-T07 Verletzungen mit Beteiligung mehrerer Körperregionen,117,1.0,1.1
2024,Baden-Württemberg,DE-BW,T08-T14,"T08-T14 Verletzungen nicht näher bezeichneter Teile des Rumpfes, der Extremitäten oder anderer Körperregionen",611,5.4,5.5
2024,Baden-Württemberg,DE-BW,T15-T19,T15-T19 Folgen des Eindringens eines Fremdkörpers durch eine natürliche Körperöffnung,219,1.9,2.0
2024,Baden-Württemberg,DE-BW,T20-T32,T20-T32 Verbrennungen oder Verätzungen,52,0.5,0.5
2024,Baden-Württemberg,DE-BW,T20-T25,"T20-T25 Verbrennungen oder Verätzungen der äußeren Körperoberfläche, Lokalisation bezeichnet",,0.0,0.0
2024,Baden-Württemberg,DE-BW,T26-T28,"T26-T28 Verbrennungen oder Verätzungen, die auf das Auge und auf innere Organe begrenzt sind",,,
2024,Baden-Württemberg,DE-BW,T29-T32,T29-T32 Verbrennungen oder Verätzungen mehrerer und nicht näher bezeichneter Körperregionen,50,0.4,0.5
2024,Baden-Württemberg,DE-BW,T33-T35,T33-T35 Erfrierungen,5,0.0,0.0
2024,Baden-Württemberg,DE-BW,T36-T50,"T36-T50 Vergiftungen durch Arzneimittel, Drogen und biologisch aktive Substanzen",436,3.9,4.0
2024,Baden-Württemberg,DE-BW,T51-T65,T51-T65 Toxische Wirkungen von vorwiegend nicht medizinisch verwendeten Substanzen,193,1.7,1.7
2024,Baden-Württemberg,DE-BW,T66-T78,T66-T78 Sonstige und nicht näher bezeichnete Schäden durch äußere Ursachen,770,6.9,7.0
2024,Baden-Württemberg,DE-BW,T79-T79,T79-T79 Bestimmte Frühkomplikationen eines Traumas,44,0.4,0.4
2024,Baden-Württemberg,DE-BW,T80-T88,"T80-T88 Komplikationen bei chirurgischen Eingriffen und medizinischer Behandlung, anderenorts nicht klassifiziert",62,0.6,0.6
2024,Baden-Württemberg,DE-BW,T90-T98,"T90-T98 Folgen von Verletzungen, Vergiftungen und sonstigen Auswirkungen äußerer Ursachen",158,1.4,1.4
2024,Baden-Württemberg,DE-BW,U00-U99,U00-U99 Schlüsselnummern für besondere Zwecke,1554,13.8,14.2
2024,Baden-Württemberg,DE-BW,U00-U49,U00-U49 Vorläufige Zuordnungen für Krankheiten mit unklarer Ätiologie und nicht belegte Schlüsselnummern,1554,13.8,14.2
2024,Bayern,DE-BY,,Alle Krankheiten und Folgen äußerer Ursachen,144061,1090.3,1139.5
2024,Bayern,DE-BY,A00-B99,A00-B99 Bestimmte infektiöse und parasitäre Krankheiten,3069,23.2,24.3
2024,Bayern,DE-BY,A00-A09,A00-A09 Infektiöse Darmkrankheiten,620,4.7,4.9
2024,Bayern,DE-BY,A15-A19,A15-A19 Tuberkulose,29,0.2,0.2
2024,Bayern,DE-BY,A20-A28,A20-A28 Bestimmte bakterielle Zoonosen,,0.0,0.0
2024,Bayern,DE-BY,A30-A49,A30-A49 Sonstige bakterielle Krankheiten,1512,11.4,12.0
2024,Bayern,DE-BY,A50-A64,"A50-A64 Infektionen, vorwiegend durch Geschlechtsverkehr übertragen",,,
2024,Bayern,DE-BY,A65-A69,A65-A69 Sonstige Spirochätenkrankheiten,3,0.0,0.0
2024,Bayern,DE-BY,A70-A74,A70-A74 Sonstige Krankheiten durch Chlamydien,,,
2024,Bayern,DE-BY,A75-A79,A75-A79 Rickettsiosen,,,
2024,Bayern,DE-BY,A80-A89,A80-A89 Virusinfektionen des Zentralnervensystems,50,0.4,0.4
2024,Bayern,DE-BY,A90-A99,A90-A99 Durch Arthropoden übertragene Viruskrankheiten und virale hämorrhagische Fieber,,0.0,0.0
2024,Bayern,DE-BY,B00-B09,"B00-B09 Virusinfektionen, durch Haut- und Schleimhautläsionen gekennzeichnet",45,0.3,0.4
2024,Bayern,DE-BY,B15-B19,B15-B19 Virushepatitis,64,0.5,0.5
2024,Bayern,DE-BY,B20-B24,B20-B24 HIV-Krankheit (Humane Immundefizienz-Viruskrankheit),34,0.3,0.3
2024,Bayern,DE-BY,B25-B34,B25-B34 Sonstige Viruskrankheiten,29,0.2,0.2
2024,Bayern,DE-BY,B35-B49,B35-B49 Mykosen,63,0.5,0.5
2024,Bayern,DE-BY,B50-B64,B50-B64 Protozoenkrankheiten,3,0.0,0.0
2024,Bayern,DE-BY,B65-B83,B65-B83 Helminthosen,,,
2024,Bayern,DE-BY,B85-B89,"B85-B89 Pedikulose, Akarinose und sonstiger Parasitenbefall der Haut",3,0.0,0.0
2024,Bayern,DE-BY,B90-B94,B90-B94 Folgezustände von infektiösen und parasitären Krankheiten,109,0.8,0.9
2024,Bayern,DE-BY,B99-B99,B99-B99 Sonstige Infektionskrankheiten,503,3.8,4.0
2024,Bayern,DE-BY,C00-D48,C00-D48 Neubildungen,33035,250.0,260.2
2024,Bayern,DE-BY,C00-C97,C00-C97 Bösartige Neubildungen,31796,240.6,250.3
2024,Bayern,DE-BY,C00-C75,"C00-C75 Bösartige Neubildungen an genau bezeichneten Lokalisationen, als primär festgestellt oder vermutet, ausgenommen lymphatisches, blutbildendes und verwandtes Gewebe",27370,207.1,215.3
2024,Bayern,DE-BY,C00-C14,"C00-C14 Bösartige Neubildungen der Lippe, der Mundhöhle und des Pharynx",751,5.7,5.9
2024,Bayern,DE-BY,C15-C26,C15-C26 Bösartige Neubildungen der Verdauungsorgane,9920,75.1,78.1
2024,Bayern,DE-BY,C18-C21,"C18-C21 Bösartige Neubildung des Kolons, des Rektums und des Anus",3151,23.8,24.9
2024,Bayern,DE-BY,C19-C21,C19-C21 Bösartige Neubildung des Rektums und des Anus,1128,8.5,8.9
2024,Bayern,DE-BY,C30-C39,C30-C39 Bösartige Neubildungen der Atmungsorgane und sonstiger intrathorakaler Organe,5589,42.3,43.8
2024,Bayern,DE-BY,C32-C34,"C32-C34 Bösartige Neubildung des Larynx, der Trachea, der Bronchien und der Lunge",5509,41.7,43.1
2024,Bayern,DE-BY,C33-C34,"C33-C34 Bösartige Neubildung der Trachea, Bronchien und der Lunge",5331,40.3,41.8
2024,Bayern,DE-BY,C40-C41,C40-C41 Bösartige Neubildungen des Knochens und des Gelenkknorpels,67,0.5,0.5
2024,Bayern,DE-BY,C43-C44,C43-C44 Melanom und sonstige bösartige Neubildungen der Haut,697,5.3,5.5
2024,Bayern,DE-BY,C45-C49,C45-C49 Bösartige Neubildungen des mesothelialen Gewebes und des Weichteilgewebes,508,3.8,4.0
2024,Bayern,DE-BY,C50-C50,C50-C50 Bösartige Neubildung der Brustdrüse,2875,21.8,22.6
2024,Bayern,DE-BY,C51-C58,C51-C58 Bösartige Neubildungen der weiblichen Genitalorgane,,,
2024,Bayern,DE-BY,C54-C55,C54-C55 Bösartige Neubildung sonstiger Teile der Gebärmutter,,,
2024,Bayern,DE-BY,C60-C63,C60-C63 Bösartige Neubildungen der männlichen Genitalorgane,,,
2024,Bayern,DE-BY,C64-C68,C64-C68 Bösartige Neubildungen der Harnorgane,2056,15.6,16.3
2024,Bayern,DE-BY,C69-C72,"C69-C72 Bösartige Neubildungen des Auges, des Gehirns und sonstiger Teile des Zentralnervensystems",970,7.3,7.5
2024,Bayern,DE-BY,C73-C75,C73-C75 Bösartige Neubildungen der Schilddrüse und sonstiger endokriner Drüsen,121,0.9,1.0
2024,Bayern,DE-BY,C76-C80,"C76-C80 Bösartige Neubildungen ungenau bezeichneter, sekundärer und nicht näher bezeichneter Lokalisationen",1681,12.7,13.3
2024,Bayern,DE-BY,C81-C96,"C81-C96 Bösartige Neubildungen des lymphatischen, blutbildenden und verwandten Gewebes, als primär festgestellt oder vermutet",2745,20.8,21.7
2024,Bayern,DE-BY,C91-C95,C91-C95 Leukämie,1197,9.1,9.5
2024,Bayern,DE-BY,C97-C97,C97-C97 Bösartige Neubildungen als Primärtumoren an mehreren Lokalisationen,,,
2024,Bayern,DE-BY,D00-D09,D00-D09 In-situ-Neubildungen,5,0.0,0.0
2024,Bayern,DE-BY,D10-D36,D10-D36 Gutartige Neubildungen,142,1.1,1.1
2024,Bayern,DE-BY,D37-D48,D37-D48 Neubildungen unsicheren oder unbekannten Verhaltens,1092,8.3,8.7
2024,Bayern,DE-BY,D50-D90,D50-D90 Krankheiten des Blutes und der blutbildenden Organe sowie bestimmte Störungen mit Beteiligung des Immunsystems,878,6.6,7.0
2024,Bayern,DE-BY,D50-D53,D50-D53 Alimentäre Anämien,86,0.7,0.7
2024,Bayern,DE-BY,D55-D59,D55-D59 Hämolytische Anämien,21,0.2,0.2
2024,Bayern,DE-BY,D60-D64,D60-D64 Aplastische und sonstige Anämien,316,2.4,2.5
2024,Bayern,DE-BY,D65-D69,"D65-D69 Koagulopathien, Purpura und sonstige hämorrhagische Diathesen",282,2.1,2.2
2024,Bayern,DE-BY,D70-D77,D70-D77 Sonstige Krankheiten des Blutes und der blutbildenden Organe,51,0.4,0.4
2024,Bayern,DE-BY,D80-D90,D80-D90 Bestimmte Störungen mit Beteiligung des Immunsystems,122,0.9,1.0
2024,Bayern,DE-BY,E00-E90,"E00-E90 Endokrine, Ernährungs- und Stoffwechselkrankheiten",5174,39.2,40.9
2024,Bayern,DE-BY,E00-E07,E00-E07 Krankheiten der Schilddrüse,106,0.8,0.8
2024,Bayern,DE-BY,E10-E14,E10-E14 Diabetes mellitus,3203,24.2,25.3
2024,Bayern,DE-BY,E15-E16,E15-E16 Sonstige Störungen der Blutglukose-Regulation und der inneren Sekretion des Pankreas,20,0.2,0.2
2024,Bayern,DE-BY,E20-E35,E20-E35 Krankheiten sonstiger endokriner Drüsen,37,0.3,0.3
2024,Bayern,DE-BY,E40-E46,E40-E46 Mangelernährung,119,0.9,1.0
2024,Bayern,DE-BY,E50-E64,E50-E64 Sonstige alimentäre Mangelzustände,30,0.2,0.2
2024,Bayern,DE-BY,E65-E68,E65-E68 Adipositas und sonstige Überernährung,292,2.2,2.3
2024,Bayern,DE-BY,E70-E90,E70-E90 Stoffwechselstörungen,1367,10.3,10.9
2024,Bayern,DE-BY,F00-F99,F00-F99 Psychische und Verhaltensstörungen,10609,80.3,84.4
2024,Bayern,DE-BY,F00-F09,"F00-F09 Organische, einschließlich symptomatischer psychischer Störungen",9544,72.2,76.1
2024,Bayern,DE-BY,F00-F03,F00-F03 Demenz,9457,71.6,75.4
2024,Bayern,DE-BY,F10-F19,F10-F19 Psychische und Verhaltensstörungen durch psychotrope Substanzen,748,5.7,5.8
2024,Bayern,DE-BY,F20-F29,"F20-F29 Schizophrenie, schizotype und wahnhafte Störungen",86,0.7,0.7
2024,Bayern,DE-BY,F30-F39,F30-F39 Affektive Störungen,159,1.2,1.2
2024,Bayern,DE-BY,F32-F34,F32-F34 Depression,144,1.1,1.1
2024,Bayern,DE-BY,F40-F48,"F40-F48 Neurotische, Belastungs- und somatoforme Störungen",27,0.2,0.2
2024,Bayern,DE-BY,F40-F41,F40-F41 Phobische und andere Angststörungen,6,0.0,0.0
2024,Bayern,DE-BY,F50-F59,F50-F59 Verhaltensauffälligkeiten mit körperlichen Störungen und Faktoren,21,0.2,0.2
2024,Bayern,DE-BY,F60-F69,F60-F69 Persönlichkeits- und Verhaltensstörungen,,,
2024,Bayern,DE-BY,F70-F79,F70-F79 Intelligenzminderung,13,0.1,0.1
2024,Bayern,DE-BY,F80-F89,F80-F89 Entwicklungsstörungen,,0.0,0.0
2024,Bayern,DE-BY,F90-F98,F90-F98 Verhaltens- und emotionale Störungen mit Beginn in der Kindheit und Jugend,,0.0,0.0
2024,Bayern,DE-BY,F99-F99,F99-F99 Nicht näher bezeichnete psychische Störungen,8,0.1,0.1
2024,Bayern,DE-BY,G00-H95,G00-H95 Krankheiten des Nervensystems und der Sinnesorgane,6021,45.6,47.6
2024,Bayern,DE-BY,G00-G99,G00-G99 Krankheiten des Nervensystems,6001,45.4,47.5
2024,Bayern,DE-BY,G00-G09,G00-G09 Entzündliche Krankheiten des Zentralnervensystems,152,1.2,1.2
2024,Bayern,DE-BY,G00-G03,G00-G03 Meningitis,25,0.2,0.2
2024,Bayern,DE-BY,G10-G14,"G10-G14 Systematrophien, die vorwiegend das Zentralnervensystem betreffen",426,3.2,3.3
2024,Bayern,DE-BY,G20-G26,G20-G26 Extrapyramidale Krankheiten und Bewegungsstörungen,2080,15.7,16.5
2024,Bayern,DE-BY,G30-G32,G30-G32 Sonstige degenerative Krankheiten des Nervensystems,1824,13.8,14.5
2024,Bayern,DE-BY,G35-G37,G35-G37 Demyelinisierende Krankheiten des Zentralnervensystems,238,1.8,1.9
2024,Bayern,DE-BY,G40-G47,G40-G47 Episodische und paroxysmale Krankheiten des Nervensystems,570,4.3,4.5
2024,Bayern,DE-BY,G40-G41,G40-G41 Epilepsie,526,4.0,4.1
2024,Bayern,DE-BY,G50-G59,"G50-G59 Krankheiten von Nerven, Nervenwurzeln und Nervenplexus",6,0.0,0.0
2024,Bayern,DE-BY,G60-G64,G60-G64 Polyneuropathien und sonstige Krankheiten des peripheren Nervensystems,108,0.8,0.9
2024,Bayern,DE-BY,G70-G73,G70-G73 Krankheiten im Bereich der neuromuskulären Synapse und des Muskels,131,1.0,1.0
2024,Bayern,DE-BY,G80-G83,G80-G83 Zerebrale Lähmung und sonstige Lähmungssyndrome,218,1.6,1.7
2024,Bayern,DE-BY,G90-G99,G90-G99 Sonstige Krankheiten des Nervensystems,248,1.9,1.9
2024,Bayern,DE-BY,H00-H59,H00-H59 Krankheiten des Auges und der Augenanhangsgebilde,7,0.1,0.1
2024,Bayern,DE-BY,H00-H06,"H00-H06 Affektionen des Augenlides, des Tränenapparates und der Orbita",3,0.0,0.0
2024,Bayern,DE-BY,H10-H13,H10-H13 Affektionen der Konjunktiva,,0.0,0.0
2024,Bayern,DE-BY,H15-H22,"H15-H22 Affektionen der Sklera, der Hornhaut, der Iris und des Ziliarkörpers",,,
2024,Bayern,DE-BY,H25-H28,H25-H28 Affektionen der Linse,,,
2024,Bayern,DE-BY,H30-H36,H30-H36 Affektionen der Aderhaut und der Netzhaut,,,
2024,Bayern,DE-BY,H40-H42,H40-H42 Glaukom,,,
2024,Bayern,DE-BY,H43-H45,H43-H45 Affektionen des Glaskörpers und des Augapfels,,,
2024,Bayern,DE-BY,H46-H48,H46-H48 Affektionen des Nervus opticus und der Sehbahn,,,
2024,Bayern,DE-BY,H49-H52,"H49-H52 Affektionen der Augenmuskeln, Störungen der Blickbewegungen sowie Akkommodationsstörungen und Refraktionsfehler",,0.0,0.0
2024,Bayern,DE-BY,H53-H54,H53-H54 Sehstörungen und Blindheit,,,
2024,Bayern,DE-BY,H55-H59,H55-H59 Sonstige Affektionen des Auges und der Augenanhangsgebilde,,0.0,0.0
2024,Bayern,DE-BY,H60-H95,H60-H95 Krankheiten des Ohres und des Warzenfortsatzes,13,0.1,0.1
2024,Bayern,DE-BY,H60-H62,H60-H62 Krankheiten des äußeren Ohres,,0.0,0.0
2024,Bayern,DE-BY,H65-H75,H65-H75 Krankheiten des Mittelohres und des Warzenfortsatzes,9,0.1,0.1
2024,Bayern,DE-BY,H80-H83,H80-H83 Krankheiten des Innenohres,,,
2024,Bayern,DE-BY,H90-H95,H90-H95 Sonstige Krankheiten des Ohres,,0.0,0.0
2024,Bayern,DE-BY,H90-H91,H90-H91 Hörverlust,,0.0,0.0
2024,Bayern,DE-BY,I00-I99,I00-I99 Krankheiten des Kreislaufsystems,49748,376.5,394.7
2024,Bayern,DE-BY,I00-I02,I00-I02 Akutes rheumatisches Fieber,34,0.3,0.3
2024,Bayern,DE-BY,I05-I09,I05-I09 Chronische rheumatische Herzkrankheiten,1161,8.8,9.2
2024,Bayern,DE-BY,I10-I15,I10-I15 Hypertonie (Hochdruckkrankheit),6782,51.3,54.0
2024,Bayern,DE-BY,I20-I25,I20-I25 Ischämische Herzkrankheiten,16072,121.6,127.3
2024,Bayern,DE-BY,I21-I22,I21-I22 Herzinfarkt,6034,45.7,47.6
2024,Bayern,DE-BY,I26-I28,I26-I28 Pulmonale Herzkrankheit und Krankheiten des Lungenkreislaufes,1199,9.1,9.4
2024,Bayern,DE-BY,I30-I52,I30-I52 Sonstige Formen der Herzkrankheit,14532,110.0,115.5
2024,Bayern,DE-BY,I60-I69,I60-I69 Zerebrovaskuläre Krankheiten,7938,60.1,63.0
2024,Bayern,DE-BY,I60-I61,I60-I61 Subarachnoidalblutung und intrazerebrale Blutung,1519,11.5,12.0
2024,Bayern,DE-BY,I70-I79,"I70-I79 Krankheiten der Arterien, Arteriolen und Kapillaren",1648,12.5,13.0
2024,Bayern,DE-BY,I80-I89,"I80-I89 Krankheiten der Venen, der Lymphgefäße und der Lymphknoten andernorts nicht klassifiziert",333,2.5,2.6
2024,Bayern,DE-BY,I95-I99,I95-I99 Sonstige und nicht näher bezeichnete Krankheiten des Kreislaufsystems,49,0.4,0.4
2024,Bayern,DE-BY,J00-J99,J00-J99 Krankheiten des Atmungssystems,10324,78.1,81.8
2024,Bayern,DE-BY,J00-J06,J00-J06 Akute Infektionen der oberen Atemwege,31,0.2,0.2
2024,Bayern,DE-BY,J09-J18,J09-J18 Grippe und Pneumonie,3509,26.6,27.9
2024,Bayern,DE-BY,J09-J11,J09-J11 Grippe,704,5.3,5.6
2024,Bayern,DE-BY,J12-J18,J12-J18 Pneumonie,2805,21.2,22.3
2024,Bayern,DE-BY,J20-J22,J20-J22 Sonstige akute Infektionen der unteren Atemwege,47,0.4,0.4
2024,Bayern,DE-BY,J30-J39,J30-J39 Sonstige Krankheiten der oberen Atemwege,27,0.2,0.2
2024,Bayern,DE-BY,J40-J47,J40-J47 Chronische Krankheiten der unteren Atemwege,4784,36.2,37.8
2024,Bayern,DE-BY,J45-J46,J45-J46 Asthma,186,1.4,1.5
2024,Bayern,DE-BY,J60-J70,J60-J70 Lungenkrankheiten durch exogene Substanzen,764,5.8,6.1
2024,Bayern,DE-BY,J80-J84,"J80-J84 Sonstige Krankheiten der Atmungsorgane, die hauptsächlich das Interstitium betreffen",618,4.7,4.9
2024,Bayern,DE-BY,J85-J86,J85-J86 Purulente und nekrotisierende Krankheitszustände der unteren Atemwege,135,1.0,1.1
2024,Bayern,DE-BY,J90-J94,J90-J94 Sonstige Krankheiten der Pleura,135,1.0,1.1
2024,Bayern,DE-BY,J95-J99,J95-J99 Sonstige Krankheiten des Atmungssystems,274,2.1,2.2
2024,Bayern,DE-BY,K00-K93,K00-K93 Krankheiten des Verdauungssystems,6816,51.6,53.7
2024,Bayern,DE-BY,K00-K14,"K00-K14 Krankheiten der Mundhöhle, der Speicheldrüsen und der Kiefer",16,0.1,0.1
2024,Bayern,DE-BY,K20-K31,"K20-K31 Krankheiten des Ösophagus, des Magens und des Duodenums",746,5.6,5.9
2024,Bayern,DE-BY,K25-K28,"K25-K28 Ulcus ventriculi, Ulcus duodeni, Ulcus pepticum",403,3.1,3.2
2024,Bayern,DE-BY,K35-K38,K35-K38 Krankheiten der Appendix,18,0.1,0.1
2024,Bayern,DE-BY,K40-K46,K40-K46 Hernien,191,1.4,1.5
2024,Bayern,DE-BY,K50-K52,K50-K52 Nichtinfektiöse Enteritis und Kolitis,109,0.8,0.9
2024,Bayern,DE-BY,K55-K64,K55-K64 Sonstige Krankheiten des Darmes,1643,12.4,13.0
2024,Bayern,DE-BY,K65-K67,K65-K67 Krankheiten des Peritoneums,95,0.7,0.7
2024,Bayern,DE-BY,K70-K77,K70-K77 Krankheiten der Leber,2357,17.8,18.3
2024,Bayern,DE-BY,K80-K87,"K80-K87 Krankheiten der Gallenblase, der Gallenwege und des Pankreas",855,6.5,6.7
2024,Bayern,DE-BY,K90-K93,K90-K93 Sonstige Krankheiten des Verdauungssystems,786,5.9,6.3
2024,Bayern,DE-BY,L00-L99,L00-L99 Krankheiten der Haut und der Unterhaut,405,3.1,3.2
2024,Bayern,DE-BY,L00-L08,L00-L08 Infektionen der Haut und der Unterhaut,144,1.1,1.1
2024,Bayern,DE-BY,L10-L14,L10-L14 Bullöse Dermatosen,19,0.1,0.2
2024,Bayern,DE-BY,L20-L30,L20-L30 Dermatitis und Ekzem,,0.0,0.0
2024,Bayern,DE-BY,L40-L45,L40-L45 Papulosquamöse Hautkrankheiten,7,0.1,0.1
2024,Bayern,DE-BY,L40-L42,L40-L42 Psoriasis,7,0.1,0.1
2024,Bayern,DE-BY,L50-L54,L50-L54 Urtikaria und Erythem,5,0.0,0.0
2024,Bayern,DE-BY,L55-L59,L55-L59 Krankheiten der Haut und der Unterhaut durch Strahleneinwirkung,,,
2024,Bayern,DE-BY,L60-L75,L60-L75 Krankheiten der Hautanhangsgebilde,,0.0,0.0
2024,Bayern,DE-BY,L80-L99,L80-L99 Sonstige Krankheiten der Haut und der Unterhaut,227,1.7,1.8
2024,Bayern,DE-BY,M00-M99,M00-M99 Krankheiten des Muskel-Skelett-Systems und des Bindegewebes,1152,8.7,9.1
2024,Bayern,DE-BY,M00-M25,M00-M25 Arthropathien,318,2.4,2.5
2024,Bayern,DE-BY,M00-M03,M00-M03 Infektiöse Arthropathien,70,0.5,0.6
2024,Bayern,DE-BY,M05-M14,M05-M14 Entzündliche Polyarthropathien,128,1.0,1.0
2024,Bayern,DE-BY,M15-M19,M15-M19 Arthrose,81,0.6,0.6
2024,Bayern,DE-BY,M20-M25,M20-M25 Sonstige Gelenkkrankheiten,39,0.3,0.3
2024,Bayern,DE-BY,M30-M36,M30-M36 Systemkrankheiten des Bindegewebes,137,1.0,1.1
2024,Bayern,DE-BY,M40-M54,M40-M54 Krankheiten der Wirbelsäule und des Rückens,206,1.6,1.6
2024,Bayern,DE-BY,M40-M43,M40-M43 Deformitäten der Wirbelsäule und des Rückens,4,0.0,0.0
2024,Bayern,DE-BY,M45-M54,M45-M54 Dorsopathien,202,1.5,1.6
2024,Bayern,DE-BY,M45-M49,M45-M49 Spondylopathien,186,1.4,1.5
2024,Bayern,DE-BY,M50-M54,M50-M54 Sonstige Krankheiten der Wirbelsäule und des Rückens,16,0.1,0.1
2024,Bayern,DE-BY,M60-M79,M60-M79 Krankheiten der Weichteilgewebe,260,2.0,2.1
2024,Bayern,DE-BY,M60-M63,M60-M63 Krankheiten der Muskeln,155,1.2,1.2
2024,Bayern,DE-BY,M65-M68,M65-M68 Krankheiten der Synovialis und der Sehnen,,,
2024,Bayern,DE-BY,M70-M79,M70-M79 Sonstige Krankheiten des Weichteilgewebes,105,0.8,0.8
2024,Bayern,DE-BY,M80-M94,M80-M94 Osteopathien und Chondropathien,230,1.7,1.8
2024,Bayern,DE-BY,M80-M85,M80-M85 Veränderungen der Knochendichte und -struktur,183,1.4,1.5
2024,Bayern,DE-BY,M80-M82,M80-M82 Osteoporose,177,1.3,1.4
2024,Bayern,DE-BY,M86-M90,M86-M90 Sonstige Osteopathien,45,0.3,0.4
2024,Bayern,DE-BY,M91-M94,M91-M94 Chondropathien,,0.0,0.0
2024,Bayern,DE-BY,M95-M99,M95-M99 Sonstige Krankheiten des Muskel-Skelett-Systems und des Bindegewebes,,0.0,0.0
2024,Bayern,DE-BY,N00-N99,N00-N99 Krankheiten des Urogenitalsystems,3966,30.0,31.5
2024,Bayern,DE-BY,N00-N29,N00-N29 Krankheiten der Niere und des Ureters,2569,19.4,20.4
2024,Bayern,DE-BY,N00-N08,N00-N08 Glomeruläre Krankheiten,41,0.3,0.3
2024,Bayern,DE-BY,N10-N16,N10-N16 Tubulointerstitielle Nierenkrankheiten,140,1.1,1.1
2024,Bayern,DE-BY,N17-N19,N17-N19 Niereninsuffizienz,2297,17.4,18.2
2024,Bayern,DE-BY,N20-N23,N20-N23 Urolithiasis,36,0.3,0.3
2024,Bayern,DE-BY,N25-N29,N25-N29 Sonstige Krankheiten der Niere und des Ureters,55,0.4,0.4
2024,Bayern,DE-BY,N30-N39,N30-N39 Sonstige Krankheiten des Harnsystems,1252,9.5,9.9
2024,Bayern,DE-BY,N40-N51,N40-N51 Krankheiten der männlichen Genitalorgane,,,
2024,Bayern,DE-BY,N60-N64,N60-N64 Krankheiten der Mamma (Brustdrüse),,,
2024,Bayern,DE-BY,N70-N77,N70-N77 Entzündliche Krankheiten der weiblichen Beckenorgane,,,
2024,Bayern,DE-BY,N80-N98,N80-N98 Nichtentzündliche Krankheiten des weiblichen Genitaltraktes,,,
2024,Bayern,DE-BY,O00-O99,"O00-O99 Schwangerschaft, Geburt und Wochenbett",,,
2024,Bayern,DE-BY,O00-O08,O00-O08 Schwangerschaft mit abortivem Ausgang,,,
2024,Bayern,DE-BY,O10-O16,"O10-O16 Ödeme, Proteinurie und Hypertonie während der Schwangerschaft, der Geburt und des Wochenbettes",,,
2024,Bayern,DE-BY,O20-O29,"O20-O29 Sonstige Krankheiten der Mutter, die vorwiegend mit der Schwangerschaft verbunden sind",,,
2024,Bayern,DE-BY,O30-O48,O30-O48 Betreuung der Mutter im Hinblick auf den Fetus und die Amnionhöhle sowie mögliche Entbindungskomplikationen,,,
2024,Bayern,DE-BY,O60-O75,O60-O75 Komplikationen bei Wehentätigkeit und Entbindung,,,
2024,Bayern,DE-BY,O80-O84,O80-O84 Entbindung,,,
2024,Bayern,DE-BY,O85-O92,"O85-O92 Komplikationen, die vorwiegend im Wochenbett auftreten",,,
2024,Bayern,DE-BY,O94-O99,"O94-O99 Sonstige Krankheitszustände während der Gestationsperiode, die andernorts nicht klassifiziert sind",,,
2024,Bayern,DE-BY,P00-P96,"P00-P96 Bestimmte Zustände, die ihren Ursprung in der Perinatalperiode haben",216,1.6,1.7
2024,Bayern,DE-BY,P00-P04,"P00-P04 Schädigung des Fetus und Neugeborenen durch mütterliche Faktoren und durch Komplikationen bei Schwangerschaft, Wehentätigkeit und Entbindung",68,0.5,0.5
2024,Bayern,DE-BY,P05-P08,P05-P08 Störungen im Zusammenhang mit der Schwangerschaftsdauer und dem fetalen Wachstum,29,0.2,0.2
2024,Bayern,DE-BY,P10-P15,P10-P15 Geburtstrauma,,,
2024,Bayern,DE-BY,P20-P29,"P20-P29 Krankheiten des Atmungs- und Herz-Kreislaufsystems, die für die Perinatalperiode spezifisch sind",57,0.4,0.4
2024,Bayern,DE-BY,P35-P39,"P35-P39 Infektionen, die für die Perinatalperiode spezifisch sind",12,0.1,0.1
2024,Bayern,DE-BY,P50-P61,P50-P61 Hämorrhagische und hämatologische Krankheiten beim Fetus und Neugeborenen,8,0.1,0.1
2024,Bayern,DE-BY,P70-P74,"P70-P74 Transitorische endokrine und Stoffwechselstörungen, die für den Fetus und das Neugeborene spezifisch sind",,,
2024,Bayern,DE-BY,P75-P78,P75-P78 Krankheiten des Verdauungssystems beim Fetus und Neugeborenen,11,0.1,0.1
2024,Bayern,DE-BY,P80-P83,P80-P83 Krankheitszustände mit Beteiligung der Haut und der Temperaturregulation beim Fetus und Neugeborenen,,0.0,0.0
2024,Bayern,DE-BY,P90-P96,"P90-P96 Sonstige Störungen, die ihren Ursprung in der Perinatalperiode haben",29,0.2,0.2
2024,Bayern,DE-BY,Q00-Q99,"Q00-Q99 Angeborene Fehlbildungen, Deformitäten und Chromosomenanomalien",410,3.1,3.2
2024,Bayern,DE-BY,Q00-Q07,Q00-Q07 Angeborene Fehlbildungen des Nervensystems,30,0.2,0.2
2024,Bayern,DE-BY,Q10-Q18,"Q10-Q18 Angeborene Fehlbildungen des Auges, des Ohres, des Gesichtes und des Halses",,,
2024,Bayern,DE-BY,Q20-Q28,Q20-Q28 Angeborene Fehlbildungen des Kreislaufsystems,148,1.1,1.1
2024,Bayern,DE-BY,Q30-Q34,Q30-Q34 Angeborene Fehlbildungen des Atmungssystems,11,0.1,0.1
2024,Bayern,DE-BY,Q35-Q37,"Q35-Q37 Lippen-, Kiefer- und Gaumenspalte",,,
2024,Bayern,DE-BY,Q38-Q45,Q38-Q45 Sonstige angeborene Fehlbildungen des Verdauungssystems,13,0.1,0.1
2024,Bayern,DE-BY,Q50-Q56,Q50-Q56 Angeborene Fehlbildungen der Genitalorgane,,,
2024,Bayern,DE-BY,Q60-Q64,Q60-Q64 Angeborene Fehlbildungen des Harnsystems,32,0.2,0.3
2024,Bayern,DE-BY,Q65-Q79,Q65-Q79 Angeborene Fehlbildung und Deformitäten des Muskel-Skelett-Systems,16,0.1,0.1
2024,Bayern,DE-BY,Q80-Q89,Q80-Q89 Sonstige angeborene Fehlbildungen,34,0.3,0.3
2024,Bayern,DE-BY,Q90-Q99,"Q90-Q99 Chromosomenanomalien, anderenorts nicht klassifiziert",126,1.0,1.0
2024,Bayern,DE-BY,R00-R99,"R00-R99 Symptome und abnorme klinische und Laborbefunde, die andernorts nicht klassifiziert sind",2617,19.8,20.6
2024,Bayern,DE-BY,R00-R09,"R00-R09 Symptome, die das Kreislaufsystem und das Atmungssystem betreffen",92,0.7,0.7
2024,Bayern,DE-BY,R10-R19,"R10-R19 Symptome, die das Verdauungssystem und das Abdomen betreffen",22,0.2,0.2
2024,Bayern,DE-BY,R20-R23,"R20-R23 Symptome, die die Haut und das Unterhautgewebe betreffen",,0.0,0.0
2024,Bayern,DE-BY,R25-R29,"R25-R29 Symptome, die das Nervensystem und das Muskel-Skelett-System betreffen",7,0.1,0.1
2024,Bayern,DE-BY,R30-R39,"R30-R39 Symptome, die das Harnsystem betreffen",,0.0,0.0
2024,Bayern,DE-BY,R40-R46,"R40-R46 Symptome, die das Erkennungs- und Wahrnehmungsvermögen, die Stimmung und das Verhalten betreffen",13,0.1,0.1
2024,Bayern,DE-BY,R47-R49,"R47-R49 Symptome, die die Sprache und die Stimme betreffen",,,
2024,Bayern,DE-BY,R50-R69,R50-R69 Allgemeinsymptome,685,5.2,5.5
2024,Bayern,DE-BY,R70-R79,R70-R79 Abnorme Blutuntersuchungsbefunde ohne Vorliegen einer Diagnose,3,0.0,0.0
2024,Bayern,DE-BY,R80-R82,R80-R82 Abnorme Urinuntersuchungsbefunde ohne Vorliegen einer Diagnose,,,
2024,Bayern,DE-BY,R83-R89,"R83-R89 Abnorme Befunde ohne Vorliegen einer Diagnose bei der Untersuchung anderer Körperflüssigkeiten, Substanzen und Gewebe",,,
2024,Bayern,DE-BY,R90-R94,R90-R94 Abnorme Befunde ohne Vorliegen einer Diagnose bei bildgebender Diagnostik und Funktionsprüfungen,4,0.0,0.0
2024,Bayern,DE-BY,R95-R99,R95-R99 Ungenau bezeichnete und unbekannte Todesursachen,1787,13.5,14.0
2024,Bayern,DE-BY,R96-R99,R96-R99 Unbekannte Todesursache,1775,13.4,13.9
2024,Bayern,DE-BY,S00-T98,"S00-T98 Verletzungen, Vergiftungen und bestimmte andere Folgen äußerer Ursachen",7800,59.0,61.2
2024,Bayern,DE-BY,S00-T14,S00-T14 Verletzungen,5186,39.3,40.9
2024,Bayern,DE-BY,S00-S09,S00-S09 Verletzungen des Kopfes,2164,16.4,17.1
2024,Bayern,DE-BY,S10-S19,S10-S19 Verletzungen des Halses,255,1.9,2.0
2024,Bayern,DE-BY,S20-S29,S20-S29 Verletzungen des Thorax,369,2.8,2.9
2024,Bayern,DE-BY,S30-S39,"S30-S39 Verletzungen des Abdomens, der Lumbosakralgegend, der Lendenwirbelsäule und des Beckens",213,1.6,1.7
2024,Bayern,DE-BY,S40-S49,S40-S49 Verletzungen der Schulter und des Oberarmes,103,0.8,0.8
2024,Bayern,DE-BY,S50-S59,S50-S59 Verletzungen des Ellenbogens und des Unterarmes,41,0.3,0.3
2024,Bayern,DE-BY,S60-S69,S60-S69 Verletzungen des Handgelenkes und der Hand,25,0.2,0.2
2024,Bayern,DE-BY,S70-S79,S70-S79 Verletzungen der Hüfte und des Oberschenkels,1182,8.9,9.4
2024,Bayern,DE-BY,S80-S89,S80-S89 Verletzungen des Knies und des Unterschenkels,62,0.5,0.5
2024,Bayern,DE-BY,S90-S99,S90-S99 Verletzungen der Knöchelregion und des Fußes,5,0.0,0.0
2024,Bayern,DE-BY,T00-T07,T00-T07 Verletzungen mit Beteiligung mehrerer Körperregionen,290,2.2,2.2
2024,Bayern,DE-BY,T08-T14,"T08-T14 Verletzungen nicht näher bezeichneter Teile des Rumpfes, der Extremitäten oder anderer Körperregionen",477,3.6,3.8
2024,Bayern,DE-BY,T15-T19,T15-T19 Folgen des Eindringens eines Fremdkörpers durch eine natürliche Körperöffnung,226,1.7,1.8
2024,Bayern,DE-BY,T20-T32,T20-T32 Verbrennungen oder Verätzungen,62,0.5,0.5
2024,Bayern,DE-BY,T20-T25,"T20-T25 Verbrennungen oder Verätzungen der äußeren Körperoberfläche, Lokalisation bezeichnet",7,0.1,0.1
2024,Bayern,DE-BY,T26-T28,"T26-T28 Verbrennungen oder Verätzungen, die auf das Auge und auf innere Organe begrenzt sind",,0.0,0.0
2024,Bayern,DE-BY,T29-T32,T29-T32 Verbrennungen oder Verätzungen mehrerer und nicht näher bezeichneter Körperregionen,53,0.4,0.4
2024,Bayern,DE-BY,T33-T35,T33-T35 Erfrierungen,10,0.1,0.1
2024,Bayern,DE-BY,T36-T50,"T36-T50 Vergiftungen durch Arzneimittel, Drogen und biologisch aktive Substanzen",621,4.7,4.8
2024,Bayern,DE-BY,T51-T65,T51-T65 Toxische Wirkungen von vorwiegend nicht medizinisch verwendeten Substanzen,284,2.1,2.2
2024,Bayern,DE-BY,T66-T78,T66-T78 Sonstige und nicht näher bezeichnete Schäden durch äußere Ursachen,962,7.3,7.4
2024,Bayern,DE-BY,T79-T79,T79-T79 Bestimmte Frühkomplikationen eines Traumas,21,0.2,0.2
2024,Bayern,DE-BY,T80-T88,"T80-T88 Komplikationen bei chirurgischen Eingriffen und medizinischer Behandlung, anderenorts nicht klassifiziert",161,1.2,1.3
2024,Bayern,DE-BY,T90-T98,"T90-T98 Folgen von Verletzungen, Vergiftungen und sonstigen Auswirkungen äußerer Ursachen",267,2.0,2.1
2024,Bayern,DE-BY,U00-U99,U00-U99 Schlüsselnummern für besondere Zwecke,1813,13.7,14.4
2024,Bayern,DE-BY,U00-U49,U00-U49 Vorläufige Zuordnungen für Krankheiten mit unklarer Ätiologie und nicht belegte Schlüsselnummern,1813,13.7,14.4
2024,Berlin,DE-BE,,Alle Krankheiten und Folgen äußerer Ursachen,37686,1025.8,1155.0
2024,Berlin,DE-BE,A00-B99,A00-B99 Bestimmte infektiöse und parasitäre Krankheiten,671,18.3,20.5
2024,Berlin,DE-BE,A00-A09,A00-A09 Infektiöse Darmkrankheiten,137,3.7,4.2
2024,Berlin,DE-BE,A15-A19,A15-A19 Tuberkulose,8,0.2,0.2
2024,Berlin,DE-BE,A20-A28,A20-A28 Bestimmte bakterielle Zoonosen,,,
2024,Berlin,DE-BE,A30-A49,A30-A49 Sonstige bakterielle Krankheiten,362,9.9,11.0
2024,Berlin,DE-BE,A50-A64,"A50-A64 Infektionen, vorwiegend durch Geschlechtsverkehr übertragen",,0.1,0.1
2024,Berlin,DE-BE,A65-A69,A65-A69 Sonstige Spirochätenkrankheiten,,,
2024,Berlin,DE-BE,A70-A74,A70-A74 Sonstige Krankheiten durch Chlamydien,,,
2024,Berlin,DE-BE,A75-A79,A75-A79 Rickettsiosen,,,
2024,Berlin,DE-BE,A80-A89,A80-A89 Virusinfektionen des Zentralnervensystems,14,0.4,0.4
2024,Berlin,DE-BE,A90-A99,A90-A99 Durch Arthropoden übertragene Viruskrankheiten und virale hämorrhagische Fieber,,,
2024,Berlin,DE-BE,B00-B09,"B00-B09 Virusinfektionen, durch Haut- und Schleimhautläsionen gekennzeichnet",5,0.1,0.2
2024,Berlin,DE-BE,B15-B19,B15-B19 Virushepatitis,14,0.4,0.4
2024,Berlin,DE-BE,B20-B24,B20-B24 HIV-Krankheit (Humane Immundefizienz-Viruskrankheit),21,0.6,0.6
2024,Berlin,DE-BE,B25-B34,B25-B34 Sonstige Viruskrankheiten,4,0.1,0.1
2024,Berlin,DE-BE,B35-B49,B35-B49 Mykosen,13,0.4,0.4
2024,Berlin,DE-BE,B50-B64,B50-B64 Protozoenkrankheiten,,0.0,0.0
2024,Berlin,DE-BE,B65-B83,B65-B83 Helminthosen,,,
2024,Berlin,DE-BE,B85-B89,"B85-B89 Pedikulose, Akarinose und sonstiger Parasitenbefall der Haut",,,
2024,Berlin,DE-BE,B90-B94,B90-B94 Folgezustände von infektiösen und parasitären Krankheiten,11,0.3,0.3
2024,Berlin,DE-BE,B99-B99,B99-B99 Sonstige Infektionskrankheiten,79,2.2,2.4
2024,Berlin,DE-BE,C00-D48,C00-D48 Neubildungen,9398,255.8,290.5
2024,Berlin,DE-BE,C00-C97,C00-C97 Bösartige Neubildungen,9168,249.5,283.5
2024,Berlin,DE-BE,C00-C75,"C00-C75 Bösartige Neubildungen an genau bezeichneten Lokalisationen, als primär festgestellt oder vermutet, ausgenommen lymphatisches, blutbildendes und verwandtes Gewebe",7957,216.6,246.1
2024,Berlin,DE-BE,C00-C14,"C00-C14 Bösartige Neubildungen der Lippe, der Mundhöhle und des Pharynx",213,5.8,6.7
2024,Berlin,DE-BE,C15-C26,C15-C26 Bösartige Neubildungen der Verdauungsorgane,2700,73.5,83.4
2024,Berlin,DE-BE,C18-C21,"C18-C21 Bösartige Neubildung des Kolons, des Rektums und des Anus",859,23.4,26.5
2024,Berlin,DE-BE,C19-C21,C19-C21 Bösartige Neubildung des Rektums und des Anus,321,8.7,9.9
2024,Berlin,DE-BE,C30-C39,C30-C39 Bösartige Neubildungen der Atmungsorgane und sonstiger intrathorakaler Organe,2093,57.0,65.6
2024,Berlin,DE-BE,C32-C34,"C32-C34 Bösartige Neubildung des Larynx, der Trachea, der Bronchien und der Lunge",2075,56.5,65.0
2024,Berlin,DE-BE,C33-C34,"C33-C34 Bösartige Neubildung der Trachea, Bronchien und der Lunge",2024,55.1,63.4
2024,Berlin,DE-BE,C40-C41,C40-C41 Bösartige Neubildungen des Knochens und des Gelenkknorpels,22,0.6,0.7
2024,Berlin,DE-BE,C43-C44,C43-C44 Melanom und sonstige bösartige Neubildungen der Haut,140,3.8,4.2
2024,Berlin,DE-BE,C45-C49,C45-C49 Bösartige Neubildungen des mesothelialen Gewebes und des Weichteilgewebes,116,3.2,3.5
2024,Berlin,DE-BE,C50-C50,C50-C50 Bösartige Neubildung der Brustdrüse,728,19.8,22.3
2024,Berlin,DE-BE,C51-C58,C51-C58 Bösartige Neubildungen der weiblichen Genitalorgane,,,
2024,Berlin,DE-BE,C54-C55,C54-C55 Bösartige Neubildung sonstiger Teile der Gebärmutter,,,
2024,Berlin,DE-BE,C60-C63,C60-C63 Bösartige Neubildungen der männlichen Genitalorgane,,,
2024,Berlin,DE-BE,C64-C68,C64-C68 Bösartige Neubildungen der Harnorgane,670,18.2,20.6
2024,Berlin,DE-BE,C69-C72,"C69-C72 Bösartige Neubildungen des Auges, des Gehirns und sonstiger Teile des Zentralnervensystems",242,6.6,7.4
2024,Berlin,DE-BE,C73-C75,C73-C75 Bösartige Neubildungen der Schilddrüse und sonstiger endokriner Drüsen,35,1.0,1.0
2024,Berlin,DE-BE,C76-C80,"C76-C80 Bösartige Neubildungen ungenau bezeichneter, sekundärer und nicht näher bezeichneter Lokalisationen",450,12.2,13.9
2024,Berlin,DE-BE,C81-C96,"C81-C96 Bösartige Neubildungen des lymphatischen, blutbildenden und verwandten Gewebes, als primär festgestellt oder vermutet",761,20.7,23.4
2024,Berlin,DE-BE,C91-C95,C91-C95 Leukämie,340,9.3,10.4
2024,Berlin,DE-BE,C97-C97,C97-C97 Bösartige Neubildungen als Primärtumoren an mehreren Lokalisationen,,,
2024,Berlin,DE-BE,D00-D09,D00-D09 In-situ-Neubildungen,,,
2024,Berlin,DE-BE,D10-D36,D10-D36 Gutartige Neubildungen,27,0.7,0.8
2024,Berlin,DE-BE,D37-D48,D37-D48 Neubildungen unsicheren oder unbekannten Verhaltens,203,5.5,6.2
2024,Berlin,DE-BE,D50-D90,D50-D90 Krankheiten des Blutes und der blutbildenden Organe sowie bestimmte Störungen mit Beteiligung des Immunsystems,155,4.2,4.7
2024,Berlin,DE-BE,D50-D53,D50-D53 Alimentäre Anämien,7,0.2,0.2
2024,Berlin,DE-BE,D55-D59,D55-D59 Hämolytische Anämien,7,0.2,0.2
2024,Berlin,DE-BE,D60-D64,D60-D64 Aplastische und sonstige Anämien,47,1.3,1.4
2024,Berlin,DE-BE,D65-D69,"D65-D69 Koagulopathien, Purpura und sonstige hämorrhagische Diathesen",59,1.6,1.8
2024,Berlin,DE-BE,D70-D77,D70-D77 Sonstige Krankheiten des Blutes und der blutbildenden Organe,13,0.4,0.4
2024,Berlin,DE-BE,D80-D90,D80-D90 Bestimmte Störungen mit Beteiligung des Immunsystems,22,0.6,0.7
2024,Berlin,DE-BE,E00-E90,"E00-E90 Endokrine, Ernährungs- und Stoffwechselkrankheiten",1434,39.0,43.9
2024,Berlin,DE-BE,E00-E07,E00-E07 Krankheiten der Schilddrüse,12,0.3,0.4
2024,Berlin,DE-BE,E10-E14,E10-E14 Diabetes mellitus,814,22.2,25.0
2024,Berlin,DE-BE,E15-E16,E15-E16 Sonstige Störungen der Blutglukose-Regulation und der inneren Sekretion des Pankreas,,0.0,0.0
2024,Berlin,DE-BE,E20-E35,E20-E35 Krankheiten sonstiger endokriner Drüsen,6,0.2,0.2
2024,Berlin,DE-BE,E40-E46,E40-E46 Mangelernährung,154,4.2,4.7
2024,Berlin,DE-BE,E50-E64,E50-E64 Sonstige alimentäre Mangelzustände,15,0.4,0.5
2024,Berlin,DE-BE,E65-E68,E65-E68 Adipositas und sonstige Überernährung,83,2.3,2.5
2024,Berlin,DE-BE,E70-E90,E70-E90 Stoffwechselstörungen,349,9.5,10.7
2024,Berlin,DE-BE,F00-F99,F00-F99 Psychische und Verhaltensstörungen,3071,83.6,93.5
2024,Berlin,DE-BE,F00-F09,"F00-F09 Organische, einschließlich symptomatischer psychischer Störungen",2678,72.9,81.3
2024,Berlin,DE-BE,F00-F03,F00-F03 Demenz,2654,72.2,80.5
2024,Berlin,DE-BE,F10-F19,F10-F19 Psychische und Verhaltensstörungen durch psychotrope Substanzen,311,8.5,9.7
2024,Berlin,DE-BE,F20-F29,"F20-F29 Schizophrenie, schizotype und wahnhafte Störungen",27,0.7,0.8
2024,Berlin,DE-BE,F30-F39,F30-F39 Affektive Störungen,32,0.9,1.0
2024,Berlin,DE-BE,F32-F34,F32-F34 Depression,29,0.8,0.9
2024,Berlin,DE-BE,F40-F48,"F40-F48 Neurotische, Belastungs- und somatoforme Störungen",10,0.3,0.3
2024,Berlin,DE-BE,F40-F41,F40-F41 Phobische und andere Angststörungen,,0.1,0.1
2024,Berlin,DE-BE,F50-F59,F50-F59 Verhaltensauffälligkeiten mit körperlichen Störungen und Faktoren,,0.0,0.0
2024,Berlin,DE-BE,F60-F69,F60-F69 Persönlichkeits- und Verhaltensstörungen,5,0.1,0.2
2024,Berlin,DE-BE,F70-F79,F70-F79 Intelligenzminderung,,0.0,0.0
2024,Berlin,DE-BE,F80-F89,F80-F89 Entwicklungsstörungen,,0.0,0.0
2024,Berlin,DE-BE,F90-F98,F90-F98 Verhaltens- und emotionale Störungen mit Beginn in der Kindheit und Jugend,,,
2024,Berlin,DE-BE,F99-F99,F99-F99 Nicht näher bezeichnete psychische Störungen,5,0.1,0.2
2024,Berlin,DE-BE,G00-H95,G00-H95 Krankheiten des Nervensystems und der Sinnesorgane,1466,39.9,44.6
2024,Berlin,DE-BE,G00-G99,G00-G99 Krankheiten des Nervensystems,1463,39.8,44.5
2024,Berlin,DE-BE,G00-G09,G00-G09 Entzündliche Krankheiten des Zentralnervensystems,30,0.8,0.9
2024,Berlin,DE-BE,G00-G03,G00-G03 Meningitis,5,0.1,0.1
2024,Berlin,DE-BE,G10-G14,"G10-G14 Systematrophien, die vorwiegend das Zentralnervensystem betreffen",133,3.6,4.1
2024,Berlin,DE-BE,G20-G26,G20-G26 Extrapyramidale Krankheiten und Bewegungsstörungen,507,13.8,15.3
2024,Berlin,DE-BE,G30-G32,G30-G32 Sonstige degenerative Krankheiten des Nervensystems,413,11.2,12.6
2024,Berlin,DE-BE,G35-G37,G35-G37 Demyelinisierende Krankheiten des Zentralnervensystems,43,1.2,1.3
2024,Berlin,DE-BE,G40-G47,G40-G47 Episodische und paroxysmale Krankheiten des Nervensystems,130,3.5,3.9
2024,Berlin,DE-BE,G40-G41,G40-G41 Epilepsie,124,3.4,3.7
2024,Berlin,DE-BE,G50-G59,"G50-G59 Krankheiten von Nerven, Nervenwurzeln und Nervenplexus",,0.0,0.0
2024,Berlin,DE-BE,G60-G64,G60-G64 Polyneuropathien und sonstige Krankheiten des peripheren Nervensystems,17,0.5,0.5
2024,Berlin,DE-BE,G70-G73,G70-G73 Krankheiten im Bereich der neuromuskulären Synapse und des Muskels,36,1.0,1.1
2024,Berlin,DE-BE,G80-G83,G80-G83 Zerebrale Lähmung und sonstige Lähmungssyndrome,40,1.1,1.2
2024,Berlin,DE-BE,G90-G99,G90-G99 Sonstige Krankheiten des Nervensystems,113,3.1,3.4
2024,Berlin,DE-BE,H00-H59,H00-H59 Krankheiten des Auges und der Augenanhangsgebilde,,,
2024,Berlin,DE-BE,H00-H06,"H00-H06 Affektionen des Augenlides, des Tränenapparates und der Orbita",,,
2024,Berlin,DE-BE,H10-H13,H10-H13 Affektionen der Konjunktiva,,,
2024,Berlin,DE-BE,H15-H22,"H15-H22 Affektionen der Sklera, der Hornhaut, der Iris und des Ziliarkörpers",,,
2024,Berlin,DE-BE,H25-H28,H25-H28 Affektionen der Linse,,,
2024,Berlin,DE-BE,H30-H36,H30-H36 Affektionen der Aderhaut und der Netzhaut,,,
2024,Berlin,DE-BE,H40-H42,H40-H42 Glaukom,,,
2024,Berlin,DE-BE,H43-H45,H43-H45 Affektionen des Glaskörpers und des Augapfels,,,
2024,Berlin,DE-BE,H46-H48,H46-H48 Affektionen des Nervus opticus und der Sehbahn,,,
2024,Berlin,DE-BE,H49-H52,"H49-H52 Affektionen der Augenmuskeln, Störungen der Blickbewegungen sowie Akkommodationsstörungen und Refraktionsfehler",,,
2024,Berlin,DE-BE,H53-H54,H53-H54 Sehstörungen und Blindheit,,,
2024,Berlin,DE-BE,H55-H59,H55-H59 Sonstige Affektionen des Auges und der Augenanhangsgebilde,,,
2024,Berlin,DE-BE,H60-H95,H60-H95 Krankheiten des Ohres und des Warzenfortsatzes,3,0.1,0.1
2024,Berlin,DE-BE,H60-H62,H60-H62 Krankheiten des äußeren Ohres,,,
2024,Berlin,DE-BE,H65-H75,H65-H75 Krankheiten des Mittelohres und des Warzenfortsatzes,,0.0,0.0
2024,Berlin,DE-BE,H80-H83,H80-H83 Krankheiten des Innenohres,,0.0,0.0
2024,Berlin,DE-BE,H90-H95,H90-H95 Sonstige Krankheiten des Ohres,,0.0,0.0
2024,Berlin,DE-BE,H90-H91,H90-H91 Hörverlust,,,
2024,Berlin,DE-BE,I00-I99,I00-I99 Krankheiten des Kreislaufsystems,11161,303.8,342.2
2024,Berlin,DE-BE,I00-I02,I00-I02 Akutes rheumatisches Fieber,8,0.2,0.2
2024,Berlin,DE-BE,I05-I09,I05-I09 Chronische rheumatische Herzkrankheiten,219,6.0,6.7
2024,Berlin,DE-BE,I10-I15,I10-I15 Hypertonie (Hochdruckkrankheit),1414,38.5,43.3
2024,Berlin,DE-BE,I20-I25,I20-I25 Ischämische Herzkrankheiten,4153,113.0,127.8
2024,Berlin,DE-BE,I21-I22,I21-I22 Herzinfarkt,2232,60.8,68.8
2024,Berlin,DE-BE,I26-I28,I26-I28 Pulmonale Herzkrankheit und Krankheiten des Lungenkreislaufes,242,6.6,7.4
2024,Berlin,DE-BE,I30-I52,I30-I52 Sonstige Formen der Herzkrankheit,2981,81.1,91.1
2024,Berlin,DE-BE,I60-I69,I60-I69 Zerebrovaskuläre Krankheiten,1743,47.4,53.3
2024,Berlin,DE-BE,I60-I61,I60-I61 Subarachnoidalblutung und intrazerebrale Blutung,339,9.2,10.3
2024,Berlin,DE-BE,I70-I79,"I70-I79 Krankheiten der Arterien, Arteriolen und Kapillaren",332,9.0,10.2
2024,Berlin,DE-BE,I80-I89,"I80-I89 Krankheiten der Venen, der Lymphgefäße und der Lymphknoten andernorts nicht klassifiziert",67,1.8,2.1
2024,Berlin,DE-BE,I95-I99,I95-I99 Sonstige und nicht näher bezeichnete Krankheiten des Kreislaufsystems,,0.1,0.1
2024,Berlin,DE-BE,J00-J99,J00-J99 Krankheiten des Atmungssystems,3076,83.7,95.0
2024,Berlin,DE-BE,J00-J06,J00-J06 Akute Infektionen der oberen Atemwege,4,0.1,0.1
2024,Berlin,DE-BE,J09-J18,J09-J18 Grippe und Pneumonie,946,25.7,29.0
2024,Berlin,DE-BE,J09-J11,J09-J11 Grippe,96,2.6,2.9
2024,Berlin,DE-BE,J12-J18,J12-J18 Pneumonie,850,23.1,26.0
2024,Berlin,DE-BE,J20-J22,J20-J22 Sonstige akute Infektionen der unteren Atemwege,8,0.2,0.2
2024,Berlin,DE-BE,J30-J39,J30-J39 Sonstige Krankheiten der oberen Atemwege,6,0.2,0.2
2024,Berlin,DE-BE,J40-J47,J40-J47 Chronische Krankheiten der unteren Atemwege,1708,46.5,53.2
2024,Berlin,DE-BE,J45-J46,J45-J46 Asthma,38,1.0,1.1
2024,Berlin,DE-BE,J60-J70,J60-J70 Lungenkrankheiten durch exogene Substanzen,188,5.1,5.7
2024,Berlin,DE-BE,J80-J84,"J80-J84 Sonstige Krankheiten der Atmungsorgane, die hauptsächlich das Interstitium betreffen",127,3.5,3.9
2024,Berlin,DE-BE,J85-J86,J85-J86 Purulente und nekrotisierende Krankheitszustände der unteren Atemwege,30,0.8,0.9
2024,Berlin,DE-BE,J90-J94,J90-J94 Sonstige Krankheiten der Pleura,21,0.6,0.6
2024,Berlin,DE-BE,J95-J99,J95-J99 Sonstige Krankheiten des Atmungssystems,38,1.0,1.2
2024,Berlin,DE-BE,K00-K93,K00-K93 Krankheiten des Verdauungssystems,1670,45.5,51.4
2024,Berlin,DE-BE,K00-K14,"K00-K14 Krankheiten der Mundhöhle, der Speicheldrüsen und der Kiefer",5,0.1,0.1
2024,Berlin,DE-BE,K20-K31,"K20-K31 Krankheiten des Ösophagus, des Magens und des Duodenums",186,5.1,5.7
2024,Berlin,DE-BE,K25-K28,"K25-K28 Ulcus ventriculi, Ulcus duodeni, Ulcus pepticum",113,3.1,3.5
2024,Berlin,DE-BE,K35-K38,K35-K38 Krankheiten der Appendix,8,0.2,0.2
2024,Berlin,DE-BE,K40-K46,K40-K46 Hernien,43,1.2,1.3
2024,Berlin,DE-BE,K50-K52,K50-K52 Nichtinfektiöse Enteritis und Kolitis,22,0.6,0.7
2024,Berlin,DE-BE,K55-K64,K55-K64 Sonstige Krankheiten des Darmes,391,10.6,12.0
2024,Berlin,DE-BE,K65-K67,K65-K67 Krankheiten des Peritoneums,17,0.5,0.5
2024,Berlin,DE-BE,K70-K77,K70-K77 Krankheiten der Leber,615,16.7,19.0
2024,Berlin,DE-BE,K80-K87,"K80-K87 Krankheiten der Gallenblase, der Gallenwege und des Pankreas",224,6.1,6.8
2024,Berlin,DE-BE,K90-K93,K90-K93 Sonstige Krankheiten des Verdauungssystems,159,4.3,4.9
2024,Berlin,DE-BE,L00-L99,L00-L99 Krankheiten der Haut und der Unterhaut,83,2.3,2.5
2024,Berlin,DE-BE,L00-L08,L00-L08 Infektionen der Haut und der Unterhaut,16,0.4,0.5
2024,Berlin,DE-BE,L10-L14,L10-L14 Bullöse Dermatosen,3,0.1,0.1
2024,Berlin,DE-BE,L20-L30,L20-L30 Dermatitis und Ekzem,,0.1,0.1
2024,Berlin,DE-BE,L40-L45,L40-L45 Papulosquamöse Hautkrankheiten,,,
2024,Berlin,DE-BE,L40-L42,L40-L42 Psoriasis,,,
2024,Berlin,DE-BE,L50-L54,L50-L54 Urtikaria und Erythem,,0.0,0.0
2024,Berlin,DE-BE,L55-L59,L55-L59 Krankheiten der Haut und der Unterhaut durch Strahleneinwirkung,,,
2024,Berlin,DE-BE,L60-L75,L60-L75 Krankheiten der Hautanhangsgebilde,,,
2024,Berlin,DE-BE,L80-L99,L80-L99 Sonstige Krankheiten der Haut und der Unterhaut,61,1.7,1.9
2024,Berlin,DE-BE,M00-M99,M00-M99 Krankheiten des Muskel-Skelett-Systems und des Bindegewebes,246,6.7,7.5
2024,Berlin,DE-BE,M00-M25,M00-M25 Arthropathien,53,1.4,1.6
2024,Berlin,DE-BE,M00-M03,M00-M03 Infektiöse Arthropathien,12,0.3,0.4
2024,Berlin,DE-BE,M05-M14,M05-M14 Entzündliche Polyarthropathien,26,0.7,0.8
2024,Berlin,DE-BE,M15-M19,M15-M19 Arthrose,15,0.4,0.5
2024,Berlin,DE-BE,M20-M25,M20-M25 Sonstige Gelenkkrankheiten,,,
2024,Berlin,DE-BE,M30-M36,M30-M36 Systemkrankheiten des Bindegewebes,28,0.8,0.9
2024,Berlin,DE-BE,M40-M54,M40-M54 Krankheiten der Wirbelsäule und des Rückens,56,1.5,1.7
2024,Berlin,DE-BE,M40-M43,M40-M43 Deformitäten der Wirbelsäule und des Rückens,3,0.1,0.1
2024,Berlin,DE-BE,M45-M54,M45-M54 Dorsopathien,53,1.4,1.6
2024,Berlin,DE-BE,M45-M49,M45-M49 Spondylopathien,46,1.3,1.4
2024,Berlin,DE-BE,M50-M54,M50-M54 Sonstige Krankheiten der Wirbelsäule und des Rückens,7,0.2,0.2
2024,Berlin,DE-BE,M60-M79,M60-M79 Krankheiten der Weichteilgewebe,79,2.2,2.4
2024,Berlin,DE-BE,M60-M63,M60-M63 Krankheiten der Muskeln,45,1.2,1.4
2024,Berlin,DE-BE,M65-M68,M65-M68 Krankheiten der Synovialis und der Sehnen,,,
2024,Berlin,DE-BE,M70-M79,M70-M79 Sonstige Krankheiten des Weichteilgewebes,34,0.9,1.0
2024,Berlin,DE-BE,M80-M94,M80-M94 Osteopathien und Chondropathien,30,0.8,0.9
2024,Berlin,DE-BE,M80-M85,M80-M85 Veränderungen der Knochendichte und -struktur,23,0.6,0.7
2024,Berlin,DE-BE,M80-M82,M80-M82 Osteoporose,23,0.6,0.7
2024,Berlin,DE-BE,M86-M90,M86-M90 Sonstige Osteopathien,7,0.2,0.2
2024,Berlin,DE-BE,M91-M94,M91-M94 Chondropathien,,,
2024,Berlin,DE-BE,M95-M99,M95-M99 Sonstige Krankheiten des Muskel-Skelett-Systems und des Bindegewebes,,,
2024,Berlin,DE-BE,N00-N99,N00-N99 Krankheiten des Urogenitalsystems,899,24.5,27.4
2024,Berlin,DE-BE,N00-N29,N00-N29 Krankheiten der Niere und des Ureters,510,13.9,15.6
2024,Berlin,DE-BE,N00-N08,N00-N08 Glomeruläre Krankheiten,10,0.3,0.3
2024,Berlin,DE-BE,N10-N16,N10-N16 Tubulointerstitielle Nierenkrankheiten,65,1.8,2.0
2024,Berlin,DE-BE,N17-N19,N17-N19 Niereninsuffizienz,411,11.2,12.6
2024,Berlin,DE-BE,N20-N23,N20-N23 Urolithiasis,15,0.4,0.5
2024,Berlin,DE-BE,N25-N29,N25-N29 Sonstige Krankheiten der Niere und des Ureters,9,0.2,0.3
2024,Berlin,DE-BE,N30-N39,N30-N39 Sonstige Krankheiten des Harnsystems,349,9.5,10.6
2024,Berlin,DE-BE,N40-N51,N40-N51 Krankheiten der männlichen Genitalorgane,,,
2024,Berlin,DE-BE,N60-N64,N60-N64 Krankheiten der Mamma (Brustdrüse),,,
2024,Berlin,DE-BE,N70-N77,N70-N77 Entzündliche Krankheiten der weiblichen Beckenorgane,,,
2024,Berlin,DE-BE,N80-N98,N80-N98 Nichtentzündliche Krankheiten des weiblichen Genitaltraktes,,,
2024,Berlin,DE-BE,O00-O99,"O00-O99 Schwangerschaft, Geburt und Wochenbett",,,
2024,Berlin,DE-BE,O00-O08,O00-O08 Schwangerschaft mit abortivem Ausgang,,,
2024,Berlin,DE-BE,O10-O16,"O10-O16 Ödeme, Proteinurie und Hypertonie während der Schwangerschaft, der Geburt und des Wochenbettes",,,
2024,Berlin,DE-BE,O20-O29,"O20-O29 Sonstige Krankheiten der Mutter, die vorwiegend mit der Schwangerschaft verbunden sind",,,
2024,Berlin,DE-BE,O30-O48,O30-O48 Betreuung der Mutter im Hinblick auf den Fetus und die Amnionhöhle sowie mögliche Entbindungskomplikationen,,,
2024,Berlin,DE-BE,O60-O75,O60-O75 Komplikationen bei Wehentätigkeit und Entbindung,,,
2024,Berlin,DE-BE,O80-O84,O80-O84 Entbindung,,,
2024,Berlin,DE-BE,O85-O92,"O85-O92 Komplikationen, die vorwiegend im Wochenbett auftreten",,,
2024,Berlin,DE-BE,O94-O99,"O94-O99 Sonstige Krankheitszustände während der Gestationsperiode, die andernorts nicht klassifiziert sind",,,
2024,Berlin,DE-BE,P00-P96,"P00-P96 Bestimmte Zustände, die ihren Ursprung in der Perinatalperiode haben",71,1.9,1.9
2024,Berlin,DE-BE,P00-P04,"P00-P04 Schädigung des Fetus und Neugeborenen durch mütterliche Faktoren und durch Komplikationen bei Schwangerschaft, Wehentätigkeit und Entbindung",14,0.4,0.4
2024,Berlin,DE-BE,P05-P08,P05-P08 Störungen im Zusammenhang mit der Schwangerschaftsdauer und dem fetalen Wachstum,7,0.2,0.2
2024,Berlin,DE-BE,P10-P15,P10-P15 Geburtstrauma,,,
2024,Berlin,DE-BE,P20-P29,"P20-P29 Krankheiten des Atmungs- und Herz-Kreislaufsystems, die für die Perinatalperiode spezifisch sind",28,0.8,0.8
2024,Berlin,DE-BE,P35-P39,"P35-P39 Infektionen, die für die Perinatalperiode spezifisch sind",5,0.1,0.1
2024,Berlin,DE-BE,P50-P61,P50-P61 Hämorrhagische und hämatologische Krankheiten beim Fetus und Neugeborenen,,0.0,0.0
2024,Berlin,DE-BE,P70-P74,"P70-P74 Transitorische endokrine und Stoffwechselstörungen, die für den Fetus und das Neugeborene spezifisch sind",,,
2024,Berlin,DE-BE,P75-P78,P75-P78 Krankheiten des Verdauungssystems beim Fetus und Neugeborenen,4,0.1,0.1
2024,Berlin,DE-BE,P80-P83,P80-P83 Krankheitszustände mit Beteiligung der Haut und der Temperaturregulation beim Fetus und Neugeborenen,,0.1,0.1
2024,Berlin,DE-BE,P90-P96,"P90-P96 Sonstige Störungen, die ihren Ursprung in der Perinatalperiode haben",10,0.3,0.3
2024,Berlin,DE-BE,Q00-Q99,"Q00-Q99 Angeborene Fehlbildungen, Deformitäten und Chromosomenanomalien",78,2.1,2.3
2024,Berlin,DE-BE,Q00-Q07,Q00-Q07 Angeborene Fehlbildungen des Nervensystems,5,0.1,0.1
2024,Berlin,DE-BE,Q10-Q18,"Q10-Q18 Angeborene Fehlbildungen des Auges, des Ohres, des Gesichtes und des Halses",,,
2024,Berlin,DE-BE,Q20-Q28,Q20-Q28 Angeborene Fehlbildungen des Kreislaufsystems,24,0.7,0.7
2024,Berlin,DE-BE,Q30-Q34,Q30-Q34 Angeborene Fehlbildungen des Atmungssystems,,0.0,0.0
2024,Berlin,DE-BE,Q35-Q37,"Q35-Q37 Lippen-, Kiefer- und Gaumenspalte",,,
2024,Berlin,DE-BE,Q38-Q45,Q38-Q45 Sonstige angeborene Fehlbildungen des Verdauungssystems,3,0.1,0.1
2024,Berlin,DE-BE,Q50-Q56,Q50-Q56 Angeborene Fehlbildungen der Genitalorgane,,0.0,0.0
2024,Berlin,DE-BE,Q60-Q64,Q60-Q64 Angeborene Fehlbildungen des Harnsystems,9,0.2,0.3
2024,Berlin,DE-BE,Q65-Q79,Q65-Q79 Angeborene Fehlbildung und Deformitäten des Muskel-Skelett-Systems,4,0.1,0.1
2024,Berlin,DE-BE,Q80-Q89,Q80-Q89 Sonstige angeborene Fehlbildungen,10,0.3,0.3
2024,Berlin,DE-BE,Q90-Q99,"Q90-Q99 Chromosomenanomalien, anderenorts nicht klassifiziert",21,0.6,0.7
2024,Berlin,DE-BE,R00-R99,"R00-R99 Symptome und abnorme klinische und Laborbefunde, die andernorts nicht klassifiziert sind",1640,44.6,50.1
2024,Berlin,DE-BE,R00-R09,"R00-R09 Symptome, die das Kreislaufsystem und das Atmungssystem betreffen",18,0.5,0.6
2024,Berlin,DE-BE,R10-R19,"R10-R19 Symptome, die das Verdauungssystem und das Abdomen betreffen",3,0.1,0.1
2024,Berlin,DE-BE,R20-R23,"R20-R23 Symptome, die die Haut und das Unterhautgewebe betreffen",,,
2024,Berlin,DE-BE,R25-R29,"R25-R29 Symptome, die das Nervensystem und das Muskel-Skelett-System betreffen",,0.0,0.0
2024,Berlin,DE-BE,R30-R39,"R30-R39 Symptome, die das Harnsystem betreffen",,0.0,0.0
2024,Berlin,DE-BE,R40-R46,"R40-R46 Symptome, die das Erkennungs- und Wahrnehmungsvermögen, die Stimmung und das Verhalten betreffen",,0.1,0.1
2024,Berlin,DE-BE,R47-R49,"R47-R49 Symptome, die die Sprache und die Stimme betreffen",,,
2024,Berlin,DE-BE,R50-R69,R50-R69 Allgemeinsymptome,94,2.6,2.9
2024,Berlin,DE-BE,R70-R79,R70-R79 Abnorme Blutuntersuchungsbefunde ohne Vorliegen einer Diagnose,,,
2024,Berlin,DE-BE,R80-R82,R80-R82 Abnorme Urinuntersuchungsbefunde ohne Vorliegen einer Diagnose,,,
2024,Berlin,DE-BE,R83-R89,"R83-R89 Abnorme Befunde ohne Vorliegen einer Diagnose bei der Untersuchung anderer Körperflüssigkeiten, Substanzen und Gewebe",,,
2024,Berlin,DE-BE,R90-R94,R90-R94 Abnorme Befunde ohne Vorliegen einer Diagnose bei bildgebender Diagnostik und Funktionsprüfungen,,0.0,0.0
2024,Berlin,DE-BE,R95-R99,R95-R99 Ungenau bezeichnete und unbekannte Todesursachen,1520,41.4,46.5
2024,Berlin,DE-BE,R96-R99,R96-R99 Unbekannte Todesursache,1519,41.3,46.4
2024,Berlin,DE-BE,S00-T98,"S00-T98 Verletzungen, Vergiftungen und bestimmte andere Folgen äußerer Ursachen",2164,58.9,64.6
2024,Berlin,DE-BE,S00-T14,S00-T14 Verletzungen,1426,38.8,42.9
2024,Berlin,DE-BE,S00-S09,S00-S09 Verletzungen des Kopfes,458,12.5,13.8
2024,Berlin,DE-BE,S10-S19,S10-S19 Verletzungen des Halses,59,1.6,1.8
2024,Berlin,DE-BE,S20-S29,S20-S29 Verletzungen des Thorax,93,2.5,2.8
2024,Berlin,DE-BE,S30-S39,"S30-S39 Verletzungen des Abdomens, der Lumbosakralgegend, der Lendenwirbelsäule und des Beckens",65,1.8,2.0
2024,Berlin,DE-BE,S40-S49,S40-S49 Verletzungen der Schulter und des Oberarmes,29,0.8,0.9
2024,Berlin,DE-BE,S50-S59,S50-S59 Verletzungen des Ellenbogens und des Unterarmes,15,0.4,0.5
2024,Berlin,DE-BE,S60-S69,S60-S69 Verletzungen des Handgelenkes und der Hand,10,0.3,0.3
2024,Berlin,DE-BE,S70-S79,S70-S79 Verletzungen der Hüfte und des Oberschenkels,333,9.1,10.2
2024,Berlin,DE-BE,S80-S89,S80-S89 Verletzungen des Knies und des Unterschenkels,19,0.5,0.6
2024,Berlin,DE-BE,S90-S99,S90-S99 Verletzungen der Knöchelregion und des Fußes,,0.0,0.0
2024,Berlin,DE-BE,T00-T07,T00-T07 Verletzungen mit Beteiligung mehrerer Körperregionen,138,3.8,3.9
2024,Berlin,DE-BE,T08-T14,"T08-T14 Verletzungen nicht näher bezeichneter Teile des Rumpfes, der Extremitäten oder anderer Körperregionen",206,5.6,6.1
2024,Berlin,DE-BE,T15-T19,T15-T19 Folgen des Eindringens eines Fremdkörpers durch eine natürliche Körperöffnung,60,1.6,1.8
2024,Berlin,DE-BE,T20-T32,T20-T32 Verbrennungen oder Verätzungen,14,0.4,0.4
2024,Berlin,DE-BE,T20-T25,"T20-T25 Verbrennungen oder Verätzungen der äußeren Körperoberfläche, Lokalisation bezeichnet",,0.1,0.1
2024,Berlin,DE-BE,T26-T28,"T26-T28 Verbrennungen oder Verätzungen, die auf das Auge und auf innere Organe begrenzt sind",,0.0,0.0
2024,Berlin,DE-BE,T29-T32,T29-T32 Verbrennungen oder Verätzungen mehrerer und nicht näher bezeichneter Körperregionen,11,0.3,0.3
2024,Berlin,DE-BE,T33-T35,T33-T35 Erfrierungen,,,
2024,Berlin,DE-BE,T36-T50,"T36-T50 Vergiftungen durch Arzneimittel, Drogen und biologisch aktive Substanzen",189,5.1,5.6
2024,Berlin,DE-BE,T51-T65,T51-T65 Toxische Wirkungen von vorwiegend nicht medizinisch verwendeten Substanzen,138,3.8,3.9
2024,Berlin,DE-BE,T66-T78,T66-T78 Sonstige und nicht näher bezeichnete Schäden durch äußere Ursachen,230,6.3,6.7
2024,Berlin,DE-BE,T79-T79,T79-T79 Bestimmte Frühkomplikationen eines Traumas,22,0.6,0.7
2024,Berlin,DE-BE,T80-T88,"T80-T88 Komplikationen bei chirurgischen Eingriffen und medizinischer Behandlung, anderenorts nicht klassifiziert",75,2.0,2.3
2024,Berlin,DE-BE,T90-T98,"T90-T98 Folgen von Verletzungen, Vergiftungen und sonstigen Auswirkungen äußerer Ursachen",10,0.3,0.3
2024,Berlin,DE-BE,U00-U99,U00-U99 Schlüsselnummern für besondere Zwecke,403,11.0,12.4
2024,Berlin,DE-BE,U00-U49,U00-U49 Vorläufige Zuordnungen für Krankheiten mit unklarer Ätiologie und nicht belegte Schlüsselnummern,403,11.0,12.4
2024,Brandenburg,DE-BB,,Alle Krankheiten und Folgen äußerer Ursachen,35254,1379.5,1189.1
2024,Brandenburg,DE-BB,A00-B99,A00-B99 Bestimmte infektiöse und parasitäre Krankheiten,637,24.9,21.3
2024,Brandenburg,DE-BB,A00-A09,A00-A09 Infektiöse Darmkrankheiten,159,6.2,5.3
2024,Brandenburg,DE-BB,A15-A19,A15-A19 Tuberkulose,5,0.2,0.2
2024,Brandenburg,DE-BB,A20-A28,A20-A28 Bestimmte bakterielle Zoonosen,,0.0,0.0
2024,Brandenburg,DE-BB,A30-A49,A30-A49 Sonstige bakterielle Krankheiten,380,14.9,12.8
2024,Brandenburg,DE-BB,A50-A64,"A50-A64 Infektionen, vorwiegend durch Geschlechtsverkehr übertragen",,,
2024,Brandenburg,DE-BB,A65-A69,A65-A69 Sonstige Spirochätenkrankheiten,,,
2024,Brandenburg,DE-BB,A70-A74,A70-A74 Sonstige Krankheiten durch Chlamydien,,,
2024,Brandenburg,DE-BB,A75-A79,A75-A79 Rickettsiosen,,,
2024,Brandenburg,DE-BB,A80-A89,A80-A89 Virusinfektionen des Zentralnervensystems,11,0.4,0.4
2024,Brandenburg,DE-BB,A90-A99,A90-A99 Durch Arthropoden übertragene Viruskrankheiten und virale hämorrhagische Fieber,,,
2024,Brandenburg,DE-BB,B00-B09,"B00-B09 Virusinfektionen, durch Haut- und Schleimhautläsionen gekennzeichnet",7,0.3,0.2
2024,Brandenburg,DE-BB,B15-B19,B15-B19 Virushepatitis,11,0.4,0.4
2024,Brandenburg,DE-BB,B20-B24,B20-B24 HIV-Krankheit (Humane Immundefizienz-Viruskrankheit),5,0.2,0.2
2024,Brandenburg,DE-BB,B25-B34,B25-B34 Sonstige Viruskrankheiten,5,0.2,0.2
2024,Brandenburg,DE-BB,B35-B49,B35-B49 Mykosen,8,0.3,0.3
2024,Brandenburg,DE-BB,B50-B64,B50-B64 Protozoenkrankheiten,,0.0,0.0
2024,Brandenburg,DE-BB,B65-B83,B65-B83 Helminthosen,,,
2024,Brandenburg,DE-BB,B85-B89,"B85-B89 Pedikulose, Akarinose und sonstiger Parasitenbefall der Haut",,,
2024,Brandenburg,DE-BB,B90-B94,B90-B94 Folgezustände von infektiösen und parasitären Krankheiten,5,0.2,0.2
2024,Brandenburg,DE-BB,B99-B99,B99-B99 Sonstige Infektionskrankheiten,39,1.5,1.3
2024,Brandenburg,DE-BB,C00-D48,C00-D48 Neubildungen,8699,340.4,294.7
2024,Brandenburg,DE-BB,C00-C97,C00-C97 Bösartige Neubildungen,8427,329.7,285.6
2024,Brandenburg,DE-BB,C00-C75,"C00-C75 Bösartige Neubildungen an genau bezeichneten Lokalisationen, als primär festgestellt oder vermutet, ausgenommen lymphatisches, blutbildendes und verwandtes Gewebe",7428,290.7,252.1
2024,Brandenburg,DE-BB,C00-C14,"C00-C14 Bösartige Neubildungen der Lippe, der Mundhöhle und des Pharynx",261,10.2,8.9
2024,Brandenburg,DE-BB,C15-C26,C15-C26 Bösartige Neubildungen der Verdauungsorgane,2743,107.3,93.3
2024,Brandenburg,DE-BB,C18-C21,"C18-C21 Bösartige Neubildung des Kolons, des Rektums und des Anus",863,33.8,29.4
2024,Brandenburg,DE-BB,C19-C21,C19-C21 Bösartige Neubildung des Rektums und des Anus,337,13.2,11.4
2024,Brandenburg,DE-BB,C30-C39,C30-C39 Bösartige Neubildungen der Atmungsorgane und sonstiger intrathorakaler Organe,1708,66.8,57.8
2024,Brandenburg,DE-BB,C32-C34,"C32-C34 Bösartige Neubildung des Larynx, der Trachea, der Bronchien und der Lunge",1688,66.1,57.2
2024,Brandenburg,DE-BB,C33-C34,"C33-C34 Bösartige Neubildung der Trachea, Bronchien und der Lunge",1642,64.3,55.6
2024,Brandenburg,DE-BB,C40-C41,C40-C41 Bösartige Neubildungen des Knochens und des Gelenkknorpels,10,0.4,0.3
2024,Brandenburg,DE-BB,C43-C44,C43-C44 Melanom und sonstige bösartige Neubildungen der Haut,144,5.6,4.9
2024,Brandenburg,DE-BB,C45-C49,C45-C49 Bösartige Neubildungen des mesothelialen Gewebes und des Weichteilgewebes,88,3.4,3.1
2024,Brandenburg,DE-BB,C50-C50,C50-C50 Bösartige Neubildung der Brustdrüse,579,22.7,19.8
2024,Brandenburg,DE-BB,C51-C58,C51-C58 Bösartige Neubildungen der weiblichen Genitalorgane,,,
2024,Brandenburg,DE-BB,C54-C55,C54-C55 Bösartige Neubildung sonstiger Teile der Gebärmutter,,,
2024,Brandenburg,DE-BB,C60-C63,C60-C63 Bösartige Neubildungen der männlichen Genitalorgane,,,
2024,Brandenburg,DE-BB,C64-C68,C64-C68 Bösartige Neubildungen der Harnorgane,651,25.5,21.7
2024,Brandenburg,DE-BB,C69-C72,"C69-C72 Bösartige Neubildungen des Auges, des Gehirns und sonstiger Teile des Zentralnervensystems",239,9.4,8.4
2024,Brandenburg,DE-BB,C73-C75,C73-C75 Bösartige Neubildungen der Schilddrüse und sonstiger endokriner Drüsen,24,0.9,0.8
2024,Brandenburg,DE-BB,C76-C80,"C76-C80 Bösartige Neubildungen ungenau bezeichneter, sekundärer und nicht näher bezeichneter Lokalisationen",334,13.1,11.2
2024,Brandenburg,DE-BB,C81-C96,"C81-C96 Bösartige Neubildungen des lymphatischen, blutbildenden und verwandten Gewebes, als primär festgestellt oder vermutet",665,26.0,22.3
2024,Brandenburg,DE-BB,C91-C95,C91-C95 Leukämie,277,10.8,9.3
2024,Brandenburg,DE-BB,C97-C97,C97-C97 Bösartige Neubildungen als Primärtumoren an mehreren Lokalisationen,,,
2024,Brandenburg,DE-BB,D00-D09,D00-D09 In-situ-Neubildungen,,0.1,0.1
2024,Brandenburg,DE-BB,D10-D36,D10-D36 Gutartige Neubildungen,31,1.2,1.1
2024,Brandenburg,DE-BB,D37-D48,D37-D48 Neubildungen unsicheren oder unbekannten Verhaltens,239,9.4,7.9
2024,Brandenburg,DE-BB,D50-D90,D50-D90 Krankheiten des Blutes und der blutbildenden Organe sowie bestimmte Störungen mit Beteiligung des Immunsystems,140,5.5,4.7
2024,Brandenburg,DE-BB,D50-D53,D50-D53 Alimentäre Anämien,18,0.7,0.6
2024,Brandenburg,DE-BB,D55-D59,D55-D59 Hämolytische Anämien,4,0.2,0.1
2024,Brandenburg,DE-BB,D60-D64,D60-D64 Aplastische und sonstige Anämien,50,2.0,1.6
2024,Brandenburg,DE-BB,D65-D69,"D65-D69 Koagulopathien, Purpura und sonstige hämorrhagische Diathesen",45,1.8,1.5
2024,Brandenburg,DE-BB,D70-D77,D70-D77 Sonstige Krankheiten des Blutes und der blutbildenden Organe,10,0.4,0.3
2024,Brandenburg,DE-BB,D80-D90,D80-D90 Bestimmte Störungen mit Beteiligung des Immunsystems,13,0.5,0.5
2024,Brandenburg,DE-BB,E00-E90,"E00-E90 Endokrine, Ernährungs- und Stoffwechselkrankheiten",1133,44.3,38.1
2024,Brandenburg,DE-BB,E00-E07,E00-E07 Krankheiten der Schilddrüse,16,0.6,0.6
2024,Brandenburg,DE-BB,E10-E14,E10-E14 Diabetes mellitus,747,29.2,24.9
2024,Brandenburg,DE-BB,E15-E16,E15-E16 Sonstige Störungen der Blutglukose-Regulation und der inneren Sekretion des Pankreas,,0.0,0.0
2024,Brandenburg,DE-BB,E20-E35,E20-E35 Krankheiten sonstiger endokriner Drüsen,7,0.3,0.3
2024,Brandenburg,DE-BB,E40-E46,E40-E46 Mangelernährung,26,1.0,0.9
2024,Brandenburg,DE-BB,E50-E64,E50-E64 Sonstige alimentäre Mangelzustände,9,0.4,0.3
2024,Brandenburg,DE-BB,E65-E68,E65-E68 Adipositas und sonstige Überernährung,46,1.8,1.6
2024,Brandenburg,DE-BB,E70-E90,E70-E90 Stoffwechselstörungen,281,11.0,9.5
2024,Brandenburg,DE-BB,F00-F99,F00-F99 Psychische und Verhaltensstörungen,2010,78.7,67.0
2024,Brandenburg,DE-BB,F00-F09,"F00-F09 Organische, einschließlich symptomatischer psychischer Störungen",1837,71.9,60.9
2024,Brandenburg,DE-BB,F00-F03,F00-F03 Demenz,1828,71.5,60.7
2024,Brandenburg,DE-BB,F10-F19,F10-F19 Psychische und Verhaltensstörungen durch psychotrope Substanzen,130,5.1,4.6
2024,Brandenburg,DE-BB,F20-F29,"F20-F29 Schizophrenie, schizotype und wahnhafte Störungen",17,0.7,0.6
2024,Brandenburg,DE-BB,F30-F39,F30-F39 Affektive Störungen,18,0.7,0.6
2024,Brandenburg,DE-BB,F32-F34,F32-F34 Depression,16,0.6,0.5
2024,Brandenburg,DE-BB,F40-F48,"F40-F48 Neurotische, Belastungs- und somatoforme Störungen",,0.1,0.1
2024,Brandenburg,DE-BB,F40-F41,F40-F41 Phobische und andere Angststörungen,,0.0,0.0
2024,Brandenburg,DE-BB,F50-F59,F50-F59 Verhaltensauffälligkeiten mit körperlichen Störungen und Faktoren,4,0.2,0.1
2024,Brandenburg,DE-BB,F60-F69,F60-F69 Persönlichkeits- und Verhaltensstörungen,,,
2024,Brandenburg,DE-BB,F70-F79,F70-F79 Intelligenzminderung,,0.1,0.1
2024,Brandenburg,DE-BB,F80-F89,F80-F89 Entwicklungsstörungen,,,
2024,Brandenburg,DE-BB,F90-F98,F90-F98 Verhaltens- und emotionale Störungen mit Beginn in der Kindheit und Jugend,,,
2024,Brandenburg,DE-BB,F99-F99,F99-F99 Nicht näher bezeichnete psychische Störungen,,,
2024,Brandenburg,DE-BB,G00-H95,G00-H95 Krankheiten des Nervensystems und der Sinnesorgane,1265,49.5,43.0
2024,Brandenburg,DE-BB,G00-G99,G00-G99 Krankheiten des Nervensystems,1264,49.5,43.0
2024,Brandenburg,DE-BB,G00-G09,G00-G09 Entzündliche Krankheiten des Zentralnervensystems,27,1.1,1.0
2024,Brandenburg,DE-BB,G00-G03,G00-G03 Meningitis,8,0.3,0.3
2024,Brandenburg,DE-BB,G10-G14,"G10-G14 Systematrophien, die vorwiegend das Zentralnervensystem betreffen",100,3.9,3.4
2024,Brandenburg,DE-BB,G20-G26,G20-G26 Extrapyramidale Krankheiten und Bewegungsstörungen,408,16.0,13.7
2024,Brandenburg,DE-BB,G30-G32,G30-G32 Sonstige degenerative Krankheiten des Nervensystems,466,18.2,15.6
2024,Brandenburg,DE-BB,G35-G37,G35-G37 Demyelinisierende Krankheiten des Zentralnervensystems,34,1.3,1.1
2024,Brandenburg,DE-BB,G40-G47,G40-G47 Episodische und paroxysmale Krankheiten des Nervensystems,102,4.0,3.6
2024,Brandenburg,DE-BB,G40-G41,G40-G41 Epilepsie,97,3.8,3.4
2024,Brandenburg,DE-BB,G50-G59,"G50-G59 Krankheiten von Nerven, Nervenwurzeln und Nervenplexus",,0.0,0.0
2024,Brandenburg,DE-BB,G60-G64,G60-G64 Polyneuropathien und sonstige Krankheiten des peripheren Nervensystems,22,0.9,0.8
2024,Brandenburg,DE-BB,G70-G73,G70-G73 Krankheiten im Bereich der neuromuskulären Synapse und des Muskels,16,0.6,0.6
2024,Brandenburg,DE-BB,G80-G83,G80-G83 Zerebrale Lähmung und sonstige Lähmungssyndrome,41,1.6,1.5
2024,Brandenburg,DE-BB,G90-G99,G90-G99 Sonstige Krankheiten des Nervensystems,47,1.8,1.7
2024,Brandenburg,DE-BB,H00-H59,H00-H59 Krankheiten des Auges und der Augenanhangsgebilde,,,
2024,Brandenburg,DE-BB,H00-H06,"H00-H06 Affektionen des Augenlides, des Tränenapparates und der Orbita",,,
2024,Brandenburg,DE-BB,H10-H13,H10-H13 Affektionen der Konjunktiva,,,
2024,Brandenburg,DE-BB,H15-H22,"H15-H22 Affektionen der Sklera, der Hornhaut, der Iris und des Ziliarkörpers",,,
2024,Brandenburg,DE-BB,H25-H28,H25-H28 Affektionen der Linse,,,
2024,Brandenburg,DE-BB,H30-H36,H30-H36 Affektionen der Aderhaut und der Netzhaut,,,
2024,Brandenburg,DE-BB,H40-H42,H40-H42 Glaukom,,,
2024,Brandenburg,DE-BB,H43-H45,H43-H45 Affektionen des Glaskörpers und des Augapfels,,,
2024,Brandenburg,DE-BB,H46-H48,H46-H48 Affektionen des Nervus opticus und der Sehbahn,,,
2024,Brandenburg,DE-BB,H49-H52,"H49-H52 Affektionen der Augenmuskeln, Störungen der Blickbewegungen sowie Akkommodationsstörungen und Refraktionsfehler",,,
2024,Brandenburg,DE-BB,H53-H54,H53-H54 Sehstörungen und Blindheit,,,
2024,Brandenburg,DE-BB,H55-H59,H55-H59 Sonstige Affektionen des Auges und der Augenanhangsgebilde,,,
2024,Brandenburg,DE-BB,H60-H95,H60-H95 Krankheiten des Ohres und des Warzenfortsatzes,,0.0,0.0
2024,Brandenburg,DE-BB,H60-H62,H60-H62 Krankheiten des äußeren Ohres,,,
2024,Brandenburg,DE-BB,H65-H75,H65-H75 Krankheiten des Mittelohres und des Warzenfortsatzes,,0.0,0.0
2024,Brandenburg,DE-BB,H80-H83,H80-H83 Krankheiten des Innenohres,,,
2024,Brandenburg,DE-BB,H90-H95,H90-H95 Sonstige Krankheiten des Ohres,,,
2024,Brandenburg,DE-BB,H90-H91,H90-H91 Hörverlust,,,
2024,Brandenburg,DE-BB,I00-I99,I00-I99 Krankheiten des Kreislaufsystems,12379,484.4,413.5
2024,Brandenburg,DE-BB,I00-I02,I00-I02 Akutes rheumatisches Fieber,18,0.7,0.6
2024,Brandenburg,DE-BB,I05-I09,I05-I09 Chronische rheumatische Herzkrankheiten,207,8.1,6.8
2024,Brandenburg,DE-BB,I10-I15,I10-I15 Hypertonie (Hochdruckkrankheit),2077,81.3,69.1
2024,Brandenburg,DE-BB,I20-I25,I20-I25 Ischämische Herzkrankheiten,4531,177.3,151.4
2024,Brandenburg,DE-BB,I21-I22,I21-I22 Herzinfarkt,1801,70.5,60.5
2024,Brandenburg,DE-BB,I26-I28,I26-I28 Pulmonale Herzkrankheit und Krankheiten des Lungenkreislaufes,247,9.7,8.4
2024,Brandenburg,DE-BB,I30-I52,I30-I52 Sonstige Formen der Herzkrankheit,3252,127.2,108.6
2024,Brandenburg,DE-BB,I60-I69,I60-I69 Zerebrovaskuläre Krankheiten,1664,65.1,55.7
2024,Brandenburg,DE-BB,I60-I61,I60-I61 Subarachnoidalblutung und intrazerebrale Blutung,320,12.5,10.8
2024,Brandenburg,DE-BB,I70-I79,"I70-I79 Krankheiten der Arterien, Arteriolen und Kapillaren",332,13.0,11.1
2024,Brandenburg,DE-BB,I80-I89,"I80-I89 Krankheiten der Venen, der Lymphgefäße und der Lymphknoten andernorts nicht klassifiziert",49,1.9,1.7
2024,Brandenburg,DE-BB,I95-I99,I95-I99 Sonstige und nicht näher bezeichnete Krankheiten des Kreislaufsystems,,0.1,0.1
2024,Brandenburg,DE-BB,J00-J99,J00-J99 Krankheiten des Atmungssystems,2350,92.0,78.9
2024,Brandenburg,DE-BB,J00-J06,J00-J06 Akute Infektionen der oberen Atemwege,4,0.2,0.2
2024,Brandenburg,DE-BB,J09-J18,J09-J18 Grippe und Pneumonie,792,31.0,26.5
2024,Brandenburg,DE-BB,J09-J11,J09-J11 Grippe,87,3.4,2.9
2024,Brandenburg,DE-BB,J12-J18,J12-J18 Pneumonie,705,27.6,23.5
2024,Brandenburg,DE-BB,J20-J22,J20-J22 Sonstige akute Infektionen der unteren Atemwege,12,0.5,0.4
2024,Brandenburg,DE-BB,J30-J39,J30-J39 Sonstige Krankheiten der oberen Atemwege,3,0.1,0.1
2024,Brandenburg,DE-BB,J40-J47,J40-J47 Chronische Krankheiten der unteren Atemwege,1217,47.6,41.0
2024,Brandenburg,DE-BB,J45-J46,J45-J46 Asthma,30,1.2,1.0
2024,Brandenburg,DE-BB,J60-J70,J60-J70 Lungenkrankheiten durch exogene Substanzen,131,5.1,4.4
2024,Brandenburg,DE-BB,J80-J84,"J80-J84 Sonstige Krankheiten der Atmungsorgane, die hauptsächlich das Interstitium betreffen",116,4.5,3.9
2024,Brandenburg,DE-BB,J85-J86,J85-J86 Purulente und nekrotisierende Krankheitszustände der unteren Atemwege,22,0.9,0.7
2024,Brandenburg,DE-BB,J90-J94,J90-J94 Sonstige Krankheiten der Pleura,8,0.3,0.3
2024,Brandenburg,DE-BB,J95-J99,J95-J99 Sonstige Krankheiten des Atmungssystems,45,1.8,1.5
2024,Brandenburg,DE-BB,K00-K93,K00-K93 Krankheiten des Verdauungssystems,1735,67.9,58.9
2024,Brandenburg,DE-BB,K00-K14,"K00-K14 Krankheiten der Mundhöhle, der Speicheldrüsen und der Kiefer",10,0.4,0.3
2024,Brandenburg,DE-BB,K20-K31,"K20-K31 Krankheiten des Ösophagus, des Magens und des Duodenums",181,7.1,6.0
2024,Brandenburg,DE-BB,K25-K28,"K25-K28 Ulcus ventriculi, Ulcus duodeni, Ulcus pepticum",110,4.3,3.6
2024,Brandenburg,DE-BB,K35-K38,K35-K38 Krankheiten der Appendix,4,0.2,0.1
2024,Brandenburg,DE-BB,K40-K46,K40-K46 Hernien,49,1.9,1.7
2024,Brandenburg,DE-BB,K50-K52,K50-K52 Nichtinfektiöse Enteritis und Kolitis,26,1.0,0.9
2024,Brandenburg,DE-BB,K55-K64,K55-K64 Sonstige Krankheiten des Darmes,411,16.1,13.7
2024,Brandenburg,DE-BB,K65-K67,K65-K67 Krankheiten des Peritoneums,18,0.7,0.6
2024,Brandenburg,DE-BB,K70-K77,K70-K77 Krankheiten der Leber,685,26.8,23.8
2024,Brandenburg,DE-BB,K80-K87,"K80-K87 Krankheiten der Gallenblase, der Gallenwege und des Pankreas",196,7.7,6.7
2024,Brandenburg,DE-BB,K90-K93,K90-K93 Sonstige Krankheiten des Verdauungssystems,155,6.1,5.1
2024,Brandenburg,DE-BB,L00-L99,L00-L99 Krankheiten der Haut und der Unterhaut,68,2.7,2.3
2024,Brandenburg,DE-BB,L00-L08,L00-L08 Infektionen der Haut und der Unterhaut,27,1.1,0.9
2024,Brandenburg,DE-BB,L10-L14,L10-L14 Bullöse Dermatosen,,0.1,0.1
2024,Brandenburg,DE-BB,L20-L30,L20-L30 Dermatitis und Ekzem,,0.0,0.0
2024,Brandenburg,DE-BB,L40-L45,L40-L45 Papulosquamöse Hautkrankheiten,,0.1,0.1
2024,Brandenburg,DE-BB,L40-L42,L40-L42 Psoriasis,,0.1,0.1
2024,Brandenburg,DE-BB,L50-L54,L50-L54 Urtikaria und Erythem,,,
2024,Brandenburg,DE-BB,L55-L59,L55-L59 Krankheiten der Haut und der Unterhaut durch Strahleneinwirkung,,,
2024,Brandenburg,DE-BB,L60-L75,L60-L75 Krankheiten der Hautanhangsgebilde,,,
2024,Brandenburg,DE-BB,L80-L99,L80-L99 Sonstige Krankheiten der Haut und der Unterhaut,36,1.4,1.2
2024,Brandenburg,DE-BB,M00-M99,M00-M99 Krankheiten des Muskel-Skelett-Systems und des Bindegewebes,172,6.7,5.8
2024,Brandenburg,DE-BB,M00-M25,M00-M25 Arthropathien,46,1.8,1.6
2024,Brandenburg,DE-BB,M00-M03,M00-M03 Infektiöse Arthropathien,9,0.4,0.3
2024,Brandenburg,DE-BB,M05-M14,M05-M14 Entzündliche Polyarthropathien,22,0.9,0.8
2024,Brandenburg,DE-BB,M15-M19,M15-M19 Arthrose,12,0.5,0.4
2024,Brandenburg,DE-BB,M20-M25,M20-M25 Sonstige Gelenkkrankheiten,3,0.1,0.1
2024,Brandenburg,DE-BB,M30-M36,M30-M36 Systemkrankheiten des Bindegewebes,23,0.9,0.8
2024,Brandenburg,DE-BB,M40-M54,M40-M54 Krankheiten der Wirbelsäule und des Rückens,33,1.3,1.1
2024,Brandenburg,DE-BB,M40-M43,M40-M43 Deformitäten der Wirbelsäule und des Rückens,,0.1,0.1
2024,Brandenburg,DE-BB,M45-M54,M45-M54 Dorsopathien,31,1.2,1.0
2024,Brandenburg,DE-BB,M45-M49,M45-M49 Spondylopathien,29,1.1,1.0
2024,Brandenburg,DE-BB,M50-M54,M50-M54 Sonstige Krankheiten der Wirbelsäule und des Rückens,,0.1,0.1
2024,Brandenburg,DE-BB,M60-M79,M60-M79 Krankheiten der Weichteilgewebe,36,1.4,1.2
2024,Brandenburg,DE-BB,M60-M63,M60-M63 Krankheiten der Muskeln,25,1.0,0.8
2024,Brandenburg,DE-BB,M65-M68,M65-M68 Krankheiten der Synovialis und der Sehnen,,0.0,0.0
2024,Brandenburg,DE-BB,M70-M79,M70-M79 Sonstige Krankheiten des Weichteilgewebes,10,0.4,0.4
2024,Brandenburg,DE-BB,M80-M94,M80-M94 Osteopathien und Chondropathien,34,1.3,1.1
2024,Brandenburg,DE-BB,M80-M85,M80-M85 Veränderungen der Knochendichte und -struktur,21,0.8,0.7
2024,Brandenburg,DE-BB,M80-M82,M80-M82 Osteoporose,18,0.7,0.6
2024,Brandenburg,DE-BB,M86-M90,M86-M90 Sonstige Osteopathien,12,0.5,0.4
2024,Brandenburg,DE-BB,M91-M94,M91-M94 Chondropathien,,0.0,0.0
2024,Brandenburg,DE-BB,M95-M99,M95-M99 Sonstige Krankheiten des Muskel-Skelett-Systems und des Bindegewebes,,,
2024,Brandenburg,DE-BB,N00-N99,N00-N99 Krankheiten des Urogenitalsystems,1007,39.4,33.6
2024,Brandenburg,DE-BB,N00-N29,N00-N29 Krankheiten der Niere und des Ureters,664,26.0,22.1
2024,Brandenburg,DE-BB,N00-N08,N00-N08 Glomeruläre Krankheiten,7,0.3,0.2
2024,Brandenburg,DE-BB,N10-N16,N10-N16 Tubulointerstitielle Nierenkrankheiten,33,1.3,1.1
2024,Brandenburg,DE-BB,N17-N19,N17-N19 Niereninsuffizienz,596,23.3,19.8
2024,Brandenburg,DE-BB,N20-N23,N20-N23 Urolithiasis,13,0.5,0.4
2024,Brandenburg,DE-BB,N25-N29,N25-N29 Sonstige Krankheiten der Niere und des Ureters,15,0.6,0.5
2024,Brandenburg,DE-BB,N30-N39,N30-N39 Sonstige Krankheiten des Harnsystems,319,12.5,10.6
2024,Brandenburg,DE-BB,N40-N51,N40-N51 Krankheiten der männlichen Genitalorgane,,,
2024,Brandenburg,DE-BB,N60-N64,N60-N64 Krankheiten der Mamma (Brustdrüse),,,
2024,Brandenburg,DE-BB,N70-N77,N70-N77 Entzündliche Krankheiten der weiblichen Beckenorgane,,,
2024,Brandenburg,DE-BB,N80-N98,N80-N98 Nichtentzündliche Krankheiten des weiblichen Genitaltraktes,,,
2024,Brandenburg,DE-BB,O00-O99,"O00-O99 Schwangerschaft, Geburt und Wochenbett",,,
2024,Brandenburg,DE-BB,O00-O08,O00-O08 Schwangerschaft mit abortivem Ausgang,,,
2024,Brandenburg,DE-BB,O10-O16,"O10-O16 Ödeme, Proteinurie und Hypertonie während der Schwangerschaft, der Geburt und des Wochenbettes",,,
2024,Brandenburg,DE-BB,O20-O29,"O20-O29 Sonstige Krankheiten der Mutter, die vorwiegend mit der Schwangerschaft verbunden sind",,,
2024,Brandenburg,DE-BB,O30-O48,O30-O48 Betreuung der Mutter im Hinblick auf den Fetus und die Amnionhöhle sowie mögliche Entbindungskomplikationen,,,
2024,Brandenburg,DE-BB,O60-O75,O60-O75 Komplikationen bei Wehentätigkeit und Entbindung,,,
2024,Brandenburg,DE-BB,O80-O84,O80-O84 Entbindung,,,
2024,Brandenburg,DE-BB,O85-O92,"O85-O92 Komplikationen, die vorwiegend im Wochenbett auftreten",,,
2024,Brandenburg,DE-BB,O94-O99,"O94-O99 Sonstige Krankheitszustände während der Gestationsperiode, die andernorts nicht klassifiziert sind",,,
2024,Brandenburg,DE-BB,P00-P96,"P00-P96 Bestimmte Zustände, die ihren Ursprung in der Perinatalperiode haben",32,1.3,1.7
2024,Brandenburg,DE-BB,P00-P04,"P00-P04 Schädigung des Fetus und Neugeborenen durch mütterliche Faktoren und durch Komplikationen bei Schwangerschaft, Wehentätigkeit und Entbindung",,0.1,0.1
2024,Brandenburg,DE-BB,P05-P08,P05-P08 Störungen im Zusammenhang mit der Schwangerschaftsdauer und dem fetalen Wachstum,8,0.3,0.5
2024,Brandenburg,DE-BB,P10-P15,P10-P15 Geburtstrauma,,,
2024,Brandenburg,DE-BB,P20-P29,"P20-P29 Krankheiten des Atmungs- und Herz-Kreislaufsystems, die für die Perinatalperiode spezifisch sind",11,0.4,0.6
2024,Brandenburg,DE-BB,P35-P39,"P35-P39 Infektionen, die für die Perinatalperiode spezifisch sind",,0.1,0.1
2024,Brandenburg,DE-BB,P50-P61,P50-P61 Hämorrhagische und hämatologische Krankheiten beim Fetus und Neugeborenen,,0.1,0.1
2024,Brandenburg,DE-BB,P70-P74,"P70-P74 Transitorische endokrine und Stoffwechselstörungen, die für den Fetus und das Neugeborene spezifisch sind",,,
2024,Brandenburg,DE-BB,P75-P78,P75-P78 Krankheiten des Verdauungssystems beim Fetus und Neugeborenen,,0.0,0.1
2024,Brandenburg,DE-BB,P80-P83,P80-P83 Krankheitszustände mit Beteiligung der Haut und der Temperaturregulation beim Fetus und Neugeborenen,,,
2024,Brandenburg,DE-BB,P90-P96,"P90-P96 Sonstige Störungen, die ihren Ursprung in der Perinatalperiode haben",6,0.2,0.2
2024,Brandenburg,DE-BB,Q00-Q99,"Q00-Q99 Angeborene Fehlbildungen, Deformitäten und Chromosomenanomalien",58,2.3,2.3
2024,Brandenburg,DE-BB,Q00-Q07,Q00-Q07 Angeborene Fehlbildungen des Nervensystems,,0.0,0.1
2024,Brandenburg,DE-BB,Q10-Q18,"Q10-Q18 Angeborene Fehlbildungen des Auges, des Ohres, des Gesichtes und des Halses",,,
2024,Brandenburg,DE-BB,Q20-Q28,Q20-Q28 Angeborene Fehlbildungen des Kreislaufsystems,16,0.6,0.7
2024,Brandenburg,DE-BB,Q30-Q34,Q30-Q34 Angeborene Fehlbildungen des Atmungssystems,,0.0,0.1
2024,Brandenburg,DE-BB,Q35-Q37,"Q35-Q37 Lippen-, Kiefer- und Gaumenspalte",,,
2024,Brandenburg,DE-BB,Q38-Q45,Q38-Q45 Sonstige angeborene Fehlbildungen des Verdauungssystems,6,0.2,0.2
2024,Brandenburg,DE-BB,Q50-Q56,Q50-Q56 Angeborene Fehlbildungen der Genitalorgane,,,
2024,Brandenburg,DE-BB,Q60-Q64,Q60-Q64 Angeborene Fehlbildungen des Harnsystems,7,0.3,0.2
2024,Brandenburg,DE-BB,Q65-Q79,Q65-Q79 Angeborene Fehlbildung und Deformitäten des Muskel-Skelett-Systems,3,0.1,0.1
2024,Brandenburg,DE-BB,Q80-Q89,Q80-Q89 Sonstige angeborene Fehlbildungen,4,0.2,0.2
2024,Brandenburg,DE-BB,Q90-Q99,"Q90-Q99 Chromosomenanomalien, anderenorts nicht klassifiziert",20,0.8,0.8
2024,Brandenburg,DE-BB,R00-R99,"R00-R99 Symptome und abnorme klinische und Laborbefunde, die andernorts nicht klassifiziert sind",1409,55.1,49.3
2024,Brandenburg,DE-BB,R00-R09,"R00-R09 Symptome, die das Kreislaufsystem und das Atmungssystem betreffen",9,0.4,0.3
2024,Brandenburg,DE-BB,R10-R19,"R10-R19 Symptome, die das Verdauungssystem und das Abdomen betreffen",,0.0,0.0
2024,Brandenburg,DE-BB,R20-R23,"R20-R23 Symptome, die die Haut und das Unterhautgewebe betreffen",,0.0,0.0
2024,Brandenburg,DE-BB,R25-R29,"R25-R29 Symptome, die das Nervensystem und das Muskel-Skelett-System betreffen",,,
2024,Brandenburg,DE-BB,R30-R39,"R30-R39 Symptome, die das Harnsystem betreffen",,,
2024,Brandenburg,DE-BB,R40-R46,"R40-R46 Symptome, die das Erkennungs- und Wahrnehmungsvermögen, die Stimmung und das Verhalten betreffen",,,
2024,Brandenburg,DE-BB,R47-R49,"R47-R49 Symptome, die die Sprache und die Stimme betreffen",,,
2024,Brandenburg,DE-BB,R50-R69,R50-R69 Allgemeinsymptome,96,3.8,3.3
2024,Brandenburg,DE-BB,R70-R79,R70-R79 Abnorme Blutuntersuchungsbefunde ohne Vorliegen einer Diagnose,,,
2024,Brandenburg,DE-BB,R80-R82,R80-R82 Abnorme Urinuntersuchungsbefunde ohne Vorliegen einer Diagnose,,,
2024,Brandenburg,DE-BB,R83-R89,"R83-R89 Abnorme Befunde ohne Vorliegen einer Diagnose bei der Untersuchung anderer Körperflüssigkeiten, Substanzen und Gewebe",,,
2024,Brandenburg,DE-BB,R90-R94,R90-R94 Abnorme Befunde ohne Vorliegen einer Diagnose bei bildgebender Diagnostik und Funktionsprüfungen,,0.0,0.0
2024,Brandenburg,DE-BB,R95-R99,R95-R99 Ungenau bezeichnete und unbekannte Todesursachen,1301,50.9,45.6
2024,Brandenburg,DE-BB,R96-R99,R96-R99 Unbekannte Todesursache,1298,50.8,45.4
2024,Brandenburg,DE-BB,S00-T98,"S00-T98 Verletzungen, Vergiftungen und bestimmte andere Folgen äußerer Ursachen",1798,70.4,62.0
2024,Brandenburg,DE-BB,S00-T14,S00-T14 Verletzungen,1247,48.8,42.4
2024,Brandenburg,DE-BB,S00-S09,S00-S09 Verletzungen des Kopfes,411,16.1,13.9
2024,Brandenburg,DE-BB,S10-S19,S10-S19 Verletzungen des Halses,54,2.1,1.9
2024,Brandenburg,DE-BB,S20-S29,S20-S29 Verletzungen des Thorax,64,2.5,2.2
2024,Brandenburg,DE-BB,S30-S39,"S30-S39 Verletzungen des Abdomens, der Lumbosakralgegend, der Lendenwirbelsäule und des Beckens",67,2.6,2.3
2024,Brandenburg,DE-BB,S40-S49,S40-S49 Verletzungen der Schulter und des Oberarmes,36,1.4,1.2
2024,Brandenburg,DE-BB,S50-S59,S50-S59 Verletzungen des Ellenbogens und des Unterarmes,13,0.5,0.4
2024,Brandenburg,DE-BB,S60-S69,S60-S69 Verletzungen des Handgelenkes und der Hand,,0.1,0.1
2024,Brandenburg,DE-BB,S70-S79,S70-S79 Verletzungen der Hüfte und des Oberschenkels,332,13.0,11.0
2024,Brandenburg,DE-BB,S80-S89,S80-S89 Verletzungen des Knies und des Unterschenkels,14,0.5,0.5
2024,Brandenburg,DE-BB,S90-S99,S90-S99 Verletzungen der Knöchelregion und des Fußes,,0.1,0.1
2024,Brandenburg,DE-BB,T00-T07,T00-T07 Verletzungen mit Beteiligung mehrerer Körperregionen,75,2.9,2.8
2024,Brandenburg,DE-BB,T08-T14,"T08-T14 Verletzungen nicht näher bezeichneter Teile des Rumpfes, der Extremitäten oder anderer Körperregionen",177,6.9,6.1
2024,Brandenburg,DE-BB,T15-T19,T15-T19 Folgen des Eindringens eines Fremdkörpers durch eine natürliche Körperöffnung,45,1.8,1.5
2024,Brandenburg,DE-BB,T20-T32,T20-T32 Verbrennungen oder Verätzungen,19,0.7,0.7
2024,Brandenburg,DE-BB,T20-T25,"T20-T25 Verbrennungen oder Verätzungen der äußeren Körperoberfläche, Lokalisation bezeichnet",,0.1,0.1
2024,Brandenburg,DE-BB,T26-T28,"T26-T28 Verbrennungen oder Verätzungen, die auf das Auge und auf innere Organe begrenzt sind",,0.1,0.1
2024,Brandenburg,DE-BB,T29-T32,T29-T32 Verbrennungen oder Verätzungen mehrerer und nicht näher bezeichneter Körperregionen,15,0.6,0.5
2024,Brandenburg,DE-BB,T33-T35,T33-T35 Erfrierungen,,,
2024,Brandenburg,DE-BB,T36-T50,"T36-T50 Vergiftungen durch Arzneimittel, Drogen und biologisch aktive Substanzen",78,3.1,2.8
2024,Brandenburg,DE-BB,T51-T65,T51-T65 Toxische Wirkungen von vorwiegend nicht medizinisch verwendeten Substanzen,48,1.9,1.8
2024,Brandenburg,DE-BB,T66-T78,T66-T78 Sonstige und nicht näher bezeichnete Schäden durch äußere Ursachen,245,9.6,8.8
2024,Brandenburg,DE-BB,T79-T79,T79-T79 Bestimmte Frühkomplikationen eines Traumas,22,0.9,0.7
2024,Brandenburg,DE-BB,T80-T88,"T80-T88 Komplikationen bei chirurgischen Eingriffen und medizinischer Behandlung, anderenorts nicht klassifiziert",91,3.6,3.1
2024,Brandenburg,DE-BB,T90-T98,"T90-T98 Folgen von Verletzungen, Vergiftungen und sonstigen Auswirkungen äußerer Ursachen",3,0.1,0.1
2024,Brandenburg,DE-BB,U00-U99,U00-U99 Schlüsselnummern für besondere Zwecke,362,14.2,12.1
2024,Brandenburg,DE-BB,U00-U49,U00-U49 Vorläufige Zuordnungen für Krankheiten mit unklarer Ätiologie und nicht belegte Schlüsselnummern,362,14.2,12.1
2024,Bremen,DE-HB,,Alle Krankheiten und Folgen äußerer Ursachen,8395,1192.9,1271.6
2024,Bremen,DE-HB,A00-B99,A00-B99 Bestimmte infektiöse und parasitäre Krankheiten,164,23.3,24.8
2024,Bremen,DE-HB,A00-A09,A00-A09 Infektiöse Darmkrankheiten,32,4.5,4.9
2024,Bremen,DE-HB,A15-A19,A15-A19 Tuberkulose,,0.3,0.3
2024,Bremen,DE-HB,A20-A28,A20-A28 Bestimmte bakterielle Zoonosen,,,
2024,Bremen,DE-HB,A30-A49,A30-A49 Sonstige bakterielle Krankheiten,83,11.8,12.6
2024,Bremen,DE-HB,A50-A64,"A50-A64 Infektionen, vorwiegend durch Geschlechtsverkehr übertragen",,,
2024,Bremen,DE-HB,A65-A69,A65-A69 Sonstige Spirochätenkrankheiten,,,
2024,Bremen,DE-HB,A70-A74,A70-A74 Sonstige Krankheiten durch Chlamydien,,,
2024,Bremen,DE-HB,A75-A79,A75-A79 Rickettsiosen,,,
2024,Bremen,DE-HB,A80-A89,A80-A89 Virusinfektionen des Zentralnervensystems,,,
2024,Bremen,DE-HB,A90-A99,A90-A99 Durch Arthropoden übertragene Viruskrankheiten und virale hämorrhagische Fieber,,,
2024,Bremen,DE-HB,B00-B09,"B00-B09 Virusinfektionen, durch Haut- und Schleimhautläsionen gekennzeichnet",4,0.6,0.6
2024,Bremen,DE-HB,B15-B19,B15-B19 Virushepatitis,3,0.4,0.4
2024,Bremen,DE-HB,B20-B24,B20-B24 HIV-Krankheit (Humane Immundefizienz-Viruskrankheit),5,0.7,0.7
2024,Bremen,DE-HB,B25-B34,B25-B34 Sonstige Viruskrankheiten,3,0.4,0.4
2024,Bremen,DE-HB,B35-B49,B35-B49 Mykosen,3,0.4,0.4
2024,Bremen,DE-HB,B50-B64,B50-B64 Protozoenkrankheiten,,,
2024,Bremen,DE-HB,B65-B83,B65-B83 Helminthosen,,,
2024,Bremen,DE-HB,B85-B89,"B85-B89 Pedikulose, Akarinose und sonstiger Parasitenbefall der Haut",,,
2024,Bremen,DE-HB,B90-B94,B90-B94 Folgezustände von infektiösen und parasitären Krankheiten,,0.1,0.2
2024,Bremen,DE-HB,B99-B99,B99-B99 Sonstige Infektionskrankheiten,28,4.0,4.2
2024,Bremen,DE-HB,C00-D48,C00-D48 Neubildungen,2000,284.2,304.9
2024,Bremen,DE-HB,C00-C97,C00-C97 Bösartige Neubildungen,1944,276.2,296.5
2024,Bremen,DE-HB,C00-C75,"C00-C75 Bösartige Neubildungen an genau bezeichneten Lokalisationen, als primär festgestellt oder vermutet, ausgenommen lymphatisches, blutbildendes und verwandtes Gewebe",1661,236.0,253.7
2024,Bremen,DE-HB,C00-C14,"C00-C14 Bösartige Neubildungen der Lippe, der Mundhöhle und des Pharynx",46,6.5,7.1
2024,Bremen,DE-HB,C15-C26,C15-C26 Bösartige Neubildungen der Verdauungsorgane,509,72.3,77.5
2024,Bremen,DE-HB,C18-C21,"C18-C21 Bösartige Neubildung des Kolons, des Rektums und des Anus",164,23.3,24.7
2024,Bremen,DE-HB,C19-C21,C19-C21 Bösartige Neubildung des Rektums und des Anus,56,8.0,8.4
2024,Bremen,DE-HB,C30-C39,C30-C39 Bösartige Neubildungen der Atmungsorgane und sonstiger intrathorakaler Organe,470,66.8,72.1
2024,Bremen,DE-HB,C32-C34,"C32-C34 Bösartige Neubildung des Larynx, der Trachea, der Bronchien und der Lunge",466,66.2,71.5
2024,Bremen,DE-HB,C33-C34,"C33-C34 Bösartige Neubildung der Trachea, Bronchien und der Lunge",455,64.7,69.7
2024,Bremen,DE-HB,C40-C41,C40-C41 Bösartige Neubildungen des Knochens und des Gelenkknorpels,6,0.9,0.9
2024,Bremen,DE-HB,C43-C44,C43-C44 Melanom und sonstige bösartige Neubildungen der Haut,35,5.0,5.4
2024,Bremen,DE-HB,C45-C49,C45-C49 Bösartige Neubildungen des mesothelialen Gewebes und des Weichteilgewebes,38,5.4,5.8
2024,Bremen,DE-HB,C50-C50,C50-C50 Bösartige Neubildung der Brustdrüse,150,21.3,22.8
2024,Bremen,DE-HB,C51-C58,C51-C58 Bösartige Neubildungen der weiblichen Genitalorgane,,,
2024,Bremen,DE-HB,C54-C55,C54-C55 Bösartige Neubildung sonstiger Teile der Gebärmutter,,,
2024,Bremen,DE-HB,C60-C63,C60-C63 Bösartige Neubildungen der männlichen Genitalorgane,,,
2024,Bremen,DE-HB,C64-C68,C64-C68 Bösartige Neubildungen der Harnorgane,125,17.8,19.0
2024,Bremen,DE-HB,C69-C72,"C69-C72 Bösartige Neubildungen des Auges, des Gehirns und sonstiger Teile des Zentralnervensystems",41,5.8,6.3
2024,Bremen,DE-HB,C73-C75,C73-C75 Bösartige Neubildungen der Schilddrüse und sonstiger endokriner Drüsen,5,0.7,0.8
2024,Bremen,DE-HB,C76-C80,"C76-C80 Bösartige Neubildungen ungenau bezeichneter, sekundärer und nicht näher bezeichneter Lokalisationen",111,15.8,16.8
2024,Bremen,DE-HB,C81-C96,"C81-C96 Bösartige Neubildungen des lymphatischen, blutbildenden und verwandten Gewebes, als primär festgestellt oder vermutet",172,24.4,26.0
2024,Bremen,DE-HB,C91-C95,C91-C95 Leukämie,78,11.1,11.7
2024,Bremen,DE-HB,C97-C97,C97-C97 Bösartige Neubildungen als Primärtumoren an mehreren Lokalisationen,,,
2024,Bremen,DE-HB,D00-D09,D00-D09 In-situ-Neubildungen,,,
2024,Bremen,DE-HB,D10-D36,D10-D36 Gutartige Neubildungen,8,1.1,1.2
2024,Bremen,DE-HB,D37-D48,D37-D48 Neubildungen unsicheren oder unbekannten Verhaltens,48,6.8,7.2
2024,Bremen,DE-HB,D50-D90,D50-D90 Krankheiten des Blutes und der blutbildenden Organe sowie bestimmte Störungen mit Beteiligung des Immunsystems,68,9.7,10.3
2024,Bremen,DE-HB,D50-D53,D50-D53 Alimentäre Anämien,5,0.7,0.8
2024,Bremen,DE-HB,D55-D59,D55-D59 Hämolytische Anämien,,,
2024,Bremen,DE-HB,D60-D64,D60-D64 Aplastische und sonstige Anämien,17,2.4,2.5
2024,Bremen,DE-HB,D65-D69,"D65-D69 Koagulopathien, Purpura und sonstige hämorrhagische Diathesen",30,4.3,4.6
2024,Bremen,DE-HB,D70-D77,D70-D77 Sonstige Krankheiten des Blutes und der blutbildenden Organe,4,0.6,0.6
2024,Bremen,DE-HB,D80-D90,D80-D90 Bestimmte Störungen mit Beteiligung des Immunsystems,12,1.7,1.9
2024,Bremen,DE-HB,E00-E90,"E00-E90 Endokrine, Ernährungs- und Stoffwechselkrankheiten",362,51.4,54.7
2024,Bremen,DE-HB,E00-E07,E00-E07 Krankheiten der Schilddrüse,10,1.4,1.5
2024,Bremen,DE-HB,E10-E14,E10-E14 Diabetes mellitus,228,32.4,34.4
2024,Bremen,DE-HB,E15-E16,E15-E16 Sonstige Störungen der Blutglukose-Regulation und der inneren Sekretion des Pankreas,,0.1,0.2
2024,Bremen,DE-HB,E20-E35,E20-E35 Krankheiten sonstiger endokriner Drüsen,,,
2024,Bremen,DE-HB,E40-E46,E40-E46 Mangelernährung,4,0.6,0.6
2024,Bremen,DE-HB,E50-E64,E50-E64 Sonstige alimentäre Mangelzustände,,0.1,0.2
2024,Bremen,DE-HB,E65-E68,E65-E68 Adipositas und sonstige Überernährung,28,4.0,4.3
2024,Bremen,DE-HB,E70-E90,E70-E90 Stoffwechselstörungen,90,12.8,13.5
2024,Bremen,DE-HB,F00-F99,F00-F99 Psychische und Verhaltensstörungen,607,86.3,91.6
2024,Bremen,DE-HB,F00-F09,"F00-F09 Organische, einschließlich symptomatischer psychischer Störungen",504,71.6,75.7
2024,Bremen,DE-HB,F00-F03,F00-F03 Demenz,498,70.8,74.8
2024,Bremen,DE-HB,F10-F19,F10-F19 Psychische und Verhaltensstörungen durch psychotrope Substanzen,82,11.7,12.7
2024,Bremen,DE-HB,F20-F29,"F20-F29 Schizophrenie, schizotype und wahnhafte Störungen",11,1.6,1.7
2024,Bremen,DE-HB,F30-F39,F30-F39 Affektive Störungen,6,0.9,0.9
2024,Bremen,DE-HB,F32-F34,F32-F34 Depression,6,0.9,0.9
2024,Bremen,DE-HB,F40-F48,"F40-F48 Neurotische, Belastungs- und somatoforme Störungen",,,
2024,Bremen,DE-HB,F40-F41,F40-F41 Phobische und andere Angststörungen,,,
2024,Bremen,DE-HB,F50-F59,F50-F59 Verhaltensauffälligkeiten mit körperlichen Störungen und Faktoren,3,0.4,0.4
2024,Bremen,DE-HB,F60-F69,F60-F69 Persönlichkeits- und Verhaltensstörungen,,,
2024,Bremen,DE-HB,F70-F79,F70-F79 Intelligenzminderung,,,
2024,Bremen,DE-HB,F80-F89,F80-F89 Entwicklungsstörungen,,0.1,0.1
2024,Bremen,DE-HB,F90-F98,F90-F98 Verhaltens- und emotionale Störungen mit Beginn in der Kindheit und Jugend,,,
2024,Bremen,DE-HB,F99-F99,F99-F99 Nicht näher bezeichnete psychische Störungen,,,
2024,Bremen,DE-HB,G00-H95,G00-H95 Krankheiten des Nervensystems und der Sinnesorgane,306,43.5,46.5
2024,Bremen,DE-HB,G00-G99,G00-G99 Krankheiten des Nervensystems,305,43.3,46.3
2024,Bremen,DE-HB,G00-G09,G00-G09 Entzündliche Krankheiten des Zentralnervensystems,6,0.9,0.9
2024,Bremen,DE-HB,G00-G03,G00-G03 Meningitis,,0.3,0.3
2024,Bremen,DE-HB,G10-G14,"G10-G14 Systematrophien, die vorwiegend das Zentralnervensystem betreffen",14,2.0,2.2
2024,Bremen,DE-HB,G20-G26,G20-G26 Extrapyramidale Krankheiten und Bewegungsstörungen,121,17.2,18.3
2024,Bremen,DE-HB,G30-G32,G30-G32 Sonstige degenerative Krankheiten des Nervensystems,69,9.8,10.3
2024,Bremen,DE-HB,G35-G37,G35-G37 Demyelinisierende Krankheiten des Zentralnervensystems,14,2.0,2.2
2024,Bremen,DE-HB,G40-G47,G40-G47 Episodische und paroxysmale Krankheiten des Nervensystems,38,5.4,5.9
2024,Bremen,DE-HB,G40-G41,G40-G41 Epilepsie,35,5.0,5.5
2024,Bremen,DE-HB,G50-G59,"G50-G59 Krankheiten von Nerven, Nervenwurzeln und Nervenplexus",,0.1,0.1
2024,Bremen,DE-HB,G60-G64,G60-G64 Polyneuropathien und sonstige Krankheiten des peripheren Nervensystems,6,0.9,0.9
2024,Bremen,DE-HB,G70-G73,G70-G73 Krankheiten im Bereich der neuromuskulären Synapse und des Muskels,5,0.7,0.7
2024,Bremen,DE-HB,G80-G83,G80-G83 Zerebrale Lähmung und sonstige Lähmungssyndrome,11,1.6,1.7
2024,Bremen,DE-HB,G90-G99,G90-G99 Sonstige Krankheiten des Nervensystems,20,2.8,3.0
2024,Bremen,DE-HB,H00-H59,H00-H59 Krankheiten des Auges und der Augenanhangsgebilde,,,
2024,Bremen,DE-HB,H00-H06,"H00-H06 Affektionen des Augenlides, des Tränenapparates und der Orbita",,,
2024,Bremen,DE-HB,H10-H13,H10-H13 Affektionen der Konjunktiva,,,
2024,Bremen,DE-HB,H15-H22,"H15-H22 Affektionen der Sklera, der Hornhaut, der Iris und des Ziliarkörpers",,,
2024,Bremen,DE-HB,H25-H28,H25-H28 Affektionen der Linse,,,
2024,Bremen,DE-HB,H30-H36,H30-H36 Affektionen der Aderhaut und der Netzhaut,,,
2024,Bremen,DE-HB,H40-H42,H40-H42 Glaukom,,,
2024,Bremen,DE-HB,H43-H45,H43-H45 Affektionen des Glaskörpers und des Augapfels,,,
2024,Bremen,DE-HB,H46-H48,H46-H48 Affektionen des Nervus opticus und der Sehbahn,,,
2024,Bremen,DE-HB,H49-H52,"H49-H52 Affektionen der Augenmuskeln, Störungen der Blickbewegungen sowie Akkommodationsstörungen und Refraktionsfehler",,,
2024,Bremen,DE-HB,H53-H54,H53-H54 Sehstörungen und Blindheit,,,
2024,Bremen,DE-HB,H55-H59,H55-H59 Sonstige Affektionen des Auges und der Augenanhangsgebilde,,,
2024,Bremen,DE-HB,H60-H95,H60-H95 Krankheiten des Ohres und des Warzenfortsatzes,,0.1,0.2
2024,Bremen,DE-HB,H60-H62,H60-H62 Krankheiten des äußeren Ohres,,,
2024,Bremen,DE-HB,H65-H75,H65-H75 Krankheiten des Mittelohres und des Warzenfortsatzes,,0.1,0.2
2024,Bremen,DE-HB,H80-H83,H80-H83 Krankheiten des Innenohres,,,
2024,Bremen,DE-HB,H90-H95,H90-H95 Sonstige Krankheiten des Ohres,,,
2024,Bremen,DE-HB,H90-H91,H90-H91 Hörverlust,,,
2024,Bremen,DE-HB,I00-I99,I00-I99 Krankheiten des Kreislaufsystems,2794,397.0,422.4
2024,Bremen,DE-HB,I00-I02,I00-I02 Akutes rheumatisches Fieber,,,
2024,Bremen,DE-HB,I05-I09,I05-I09 Chronische rheumatische Herzkrankheiten,56,8.0,8.4
2024,Bremen,DE-HB,I10-I15,I10-I15 Hypertonie (Hochdruckkrankheit),365,51.9,55.4
2024,Bremen,DE-HB,I20-I25,I20-I25 Ischämische Herzkrankheiten,947,134.6,143.6
2024,Bremen,DE-HB,I21-I22,I21-I22 Herzinfarkt,402,57.1,61.4
2024,Bremen,DE-HB,I26-I28,I26-I28 Pulmonale Herzkrankheit und Krankheiten des Lungenkreislaufes,58,8.2,8.8
2024,Bremen,DE-HB,I30-I52,I30-I52 Sonstige Formen der Herzkrankheit,801,113.8,120.6
2024,Bremen,DE-HB,I60-I69,I60-I69 Zerebrovaskuläre Krankheiten,433,61.5,65.5
2024,Bremen,DE-HB,I60-I61,I60-I61 Subarachnoidalblutung und intrazerebrale Blutung,51,7.2,7.9
2024,Bremen,DE-HB,I70-I79,"I70-I79 Krankheiten der Arterien, Arteriolen und Kapillaren",110,15.6,16.6
2024,Bremen,DE-HB,I80-I89,"I80-I89 Krankheiten der Venen, der Lymphgefäße und der Lymphknoten andernorts nicht klassifiziert",24,3.4,3.6
2024,Bremen,DE-HB,I95-I99,I95-I99 Sonstige und nicht näher bezeichnete Krankheiten des Kreislaufsystems,,,
2024,Bremen,DE-HB,J00-J99,J00-J99 Krankheiten des Atmungssystems,647,91.9,98.0
2024,Bremen,DE-HB,J00-J06,J00-J06 Akute Infektionen der oberen Atemwege,,,
2024,Bremen,DE-HB,J09-J18,J09-J18 Grippe und Pneumonie,172,24.4,25.7
2024,Bremen,DE-HB,J09-J11,J09-J11 Grippe,25,3.6,3.8
2024,Bremen,DE-HB,J12-J18,J12-J18 Pneumonie,147,20.9,21.9
2024,Bremen,DE-HB,J20-J22,J20-J22 Sonstige akute Infektionen der unteren Atemwege,3,0.4,0.4
2024,Bremen,DE-HB,J30-J39,J30-J39 Sonstige Krankheiten der oberen Atemwege,,,
2024,Bremen,DE-HB,J40-J47,J40-J47 Chronische Krankheiten der unteren Atemwege,376,53.4,57.4
2024,Bremen,DE-HB,J45-J46,J45-J46 Asthma,11,1.6,1.6
2024,Bremen,DE-HB,J60-J70,J60-J70 Lungenkrankheiten durch exogene Substanzen,29,4.1,4.3
2024,Bremen,DE-HB,J80-J84,"J80-J84 Sonstige Krankheiten der Atmungsorgane, die hauptsächlich das Interstitium betreffen",36,5.1,5.5
2024,Bremen,DE-HB,J85-J86,J85-J86 Purulente und nekrotisierende Krankheitszustände der unteren Atemwege,8,1.1,1.2
2024,Bremen,DE-HB,J90-J94,J90-J94 Sonstige Krankheiten der Pleura,5,0.7,0.7
2024,Bremen,DE-HB,J95-J99,J95-J99 Sonstige Krankheiten des Atmungssystems,18,2.6,2.7
2024,Bremen,DE-HB,K00-K93,K00-K93 Krankheiten des Verdauungssystems,349,49.6,53.3
2024,Bremen,DE-HB,K00-K14,"K00-K14 Krankheiten der Mundhöhle, der Speicheldrüsen und der Kiefer",,0.1,0.1
2024,Bremen,DE-HB,K20-K31,"K20-K31 Krankheiten des Ösophagus, des Magens und des Duodenums",43,6.1,6.5
2024,Bremen,DE-HB,K25-K28,"K25-K28 Ulcus ventriculi, Ulcus duodeni, Ulcus pepticum",29,4.1,4.3
2024,Bremen,DE-HB,K35-K38,K35-K38 Krankheiten der Appendix,,0.1,0.2
2024,Bremen,DE-HB,K40-K46,K40-K46 Hernien,10,1.4,1.6
2024,Bremen,DE-HB,K50-K52,K50-K52 Nichtinfektiöse Enteritis und Kolitis,9,1.3,1.4
2024,Bremen,DE-HB,K55-K64,K55-K64 Sonstige Krankheiten des Darmes,68,9.7,10.2
2024,Bremen,DE-HB,K65-K67,K65-K67 Krankheiten des Peritoneums,,0.3,0.3
2024,Bremen,DE-HB,K70-K77,K70-K77 Krankheiten der Leber,134,19.0,20.7
2024,Bremen,DE-HB,K80-K87,"K80-K87 Krankheiten der Gallenblase, der Gallenwege und des Pankreas",33,4.7,4.9
2024,Bremen,DE-HB,K90-K93,K90-K93 Sonstige Krankheiten des Verdauungssystems,48,6.8,7.3
2024,Bremen,DE-HB,L00-L99,L00-L99 Krankheiten der Haut und der Unterhaut,19,2.7,2.8
2024,Bremen,DE-HB,L00-L08,L00-L08 Infektionen der Haut und der Unterhaut,4,0.6,0.6
2024,Bremen,DE-HB,L10-L14,L10-L14 Bullöse Dermatosen,,0.3,0.3
2024,Bremen,DE-HB,L20-L30,L20-L30 Dermatitis und Ekzem,,0.1,0.2
2024,Bremen,DE-HB,L40-L45,L40-L45 Papulosquamöse Hautkrankheiten,,,
2024,Bremen,DE-HB,L40-L42,L40-L42 Psoriasis,,,
2024,Bremen,DE-HB,L50-L54,L50-L54 Urtikaria und Erythem,,,
2024,Bremen,DE-HB,L55-L59,L55-L59 Krankheiten der Haut und der Unterhaut durch Strahleneinwirkung,,,
2024,Bremen,DE-HB,L60-L75,L60-L75 Krankheiten der Hautanhangsgebilde,,,
2024,Bremen,DE-HB,L80-L99,L80-L99 Sonstige Krankheiten der Haut und der Unterhaut,12,1.7,1.7
2024,Bremen,DE-HB,M00-M99,M00-M99 Krankheiten des Muskel-Skelett-Systems und des Bindegewebes,72,10.2,11.0
2024,Bremen,DE-HB,M00-M25,M00-M25 Arthropathien,18,2.6,2.6
2024,Bremen,DE-HB,M00-M03,M00-M03 Infektiöse Arthropathien,,0.3,0.3
2024,Bremen,DE-HB,M05-M14,M05-M14 Entzündliche Polyarthropathien,8,1.1,1.2
2024,Bremen,DE-HB,M15-M19,M15-M19 Arthrose,7,1.0,1.0
2024,Bremen,DE-HB,M20-M25,M20-M25 Sonstige Gelenkkrankheiten,,0.1,0.2
2024,Bremen,DE-HB,M30-M36,M30-M36 Systemkrankheiten des Bindegewebes,12,1.7,1.9
2024,Bremen,DE-HB,M40-M54,M40-M54 Krankheiten der Wirbelsäule und des Rückens,8,1.1,1.2
2024,Bremen,DE-HB,M40-M43,M40-M43 Deformitäten der Wirbelsäule und des Rückens,,0.1,0.2
2024,Bremen,DE-HB,M45-M54,M45-M54 Dorsopathien,7,1.0,1.1
2024,Bremen,DE-HB,M45-M49,M45-M49 Spondylopathien,6,0.9,0.9
2024,Bremen,DE-HB,M50-M54,M50-M54 Sonstige Krankheiten der Wirbelsäule und des Rückens,,0.1,0.2
2024,Bremen,DE-HB,M60-M79,M60-M79 Krankheiten der Weichteilgewebe,19,2.7,2.9
2024,Bremen,DE-HB,M60-M63,M60-M63 Krankheiten der Muskeln,10,1.4,1.6
2024,Bremen,DE-HB,M65-M68,M65-M68 Krankheiten der Synovialis und der Sehnen,,0.1,0.2
2024,Bremen,DE-HB,M70-M79,M70-M79 Sonstige Krankheiten des Weichteilgewebes,8,1.1,1.2
2024,Bremen,DE-HB,M80-M94,M80-M94 Osteopathien und Chondropathien,15,2.1,2.3
2024,Bremen,DE-HB,M80-M85,M80-M85 Veränderungen der Knochendichte und -struktur,13,1.8,2.0
2024,Bremen,DE-HB,M80-M82,M80-M82 Osteoporose,13,1.8,2.0
2024,Bremen,DE-HB,M86-M90,M86-M90 Sonstige Osteopathien,,0.3,0.3
2024,Bremen,DE-HB,M91-M94,M91-M94 Chondropathien,,,
2024,Bremen,DE-HB,M95-M99,M95-M99 Sonstige Krankheiten des Muskel-Skelett-Systems und des Bindegewebes,,,
2024,Bremen,DE-HB,N00-N99,N00-N99 Krankheiten des Urogenitalsystems,200,28.4,29.9
2024,Bremen,DE-HB,N00-N29,N00-N29 Krankheiten der Niere und des Ureters,127,18.0,19.0
2024,Bremen,DE-HB,N00-N08,N00-N08 Glomeruläre Krankheiten,,0.1,0.2
2024,Bremen,DE-HB,N10-N16,N10-N16 Tubulointerstitielle Nierenkrankheiten,10,1.4,1.5
2024,Bremen,DE-HB,N17-N19,N17-N19 Niereninsuffizienz,114,16.2,17.0
2024,Bremen,DE-HB,N20-N23,N20-N23 Urolithiasis,,0.3,0.3
2024,Bremen,DE-HB,N25-N29,N25-N29 Sonstige Krankheiten der Niere und des Ureters,,,
2024,Bremen,DE-HB,N30-N39,N30-N39 Sonstige Krankheiten des Harnsystems,68,9.7,10.2
2024,Bremen,DE-HB,N40-N51,N40-N51 Krankheiten der männlichen Genitalorgane,,,
2024,Bremen,DE-HB,N60-N64,N60-N64 Krankheiten der Mamma (Brustdrüse),,,
2024,Bremen,DE-HB,N70-N77,N70-N77 Entzündliche Krankheiten der weiblichen Beckenorgane,,,
2024,Bremen,DE-HB,N80-N98,N80-N98 Nichtentzündliche Krankheiten des weiblichen Genitaltraktes,,,
2024,Bremen,DE-HB,O00-O99,"O00-O99 Schwangerschaft, Geburt und Wochenbett",,,
2024,Bremen,DE-HB,O00-O08,O00-O08 Schwangerschaft mit abortivem Ausgang,,,
2024,Bremen,DE-HB,O10-O16,"O10-O16 Ödeme, Proteinurie und Hypertonie während der Schwangerschaft, der Geburt und des Wochenbettes",,,
2024,Bremen,DE-HB,O20-O29,"O20-O29 Sonstige Krankheiten der Mutter, die vorwiegend mit der Schwangerschaft verbunden sind",,,
2024,Bremen,DE-HB,O30-O48,O30-O48 Betreuung der Mutter im Hinblick auf den Fetus und die Amnionhöhle sowie mögliche Entbindungskomplikationen,,,
2024,Bremen,DE-HB,O60-O75,O60-O75 Komplikationen bei Wehentätigkeit und Entbindung,,,
2024,Bremen,DE-HB,O80-O84,O80-O84 Entbindung,,,
2024,Bremen,DE-HB,O85-O92,"O85-O92 Komplikationen, die vorwiegend im Wochenbett auftreten",,,
2024,Bremen,DE-HB,O94-O99,"O94-O99 Sonstige Krankheitszustände während der Gestationsperiode, die andernorts nicht klassifiziert sind",,,
2024,Bremen,DE-HB,P00-P96,"P00-P96 Bestimmte Zustände, die ihren Ursprung in der Perinatalperiode haben",15,2.1,2.2
2024,Bremen,DE-HB,P00-P04,"P00-P04 Schädigung des Fetus und Neugeborenen durch mütterliche Faktoren und durch Komplikationen bei Schwangerschaft, Wehentätigkeit und Entbindung",,,
2024,Bremen,DE-HB,P05-P08,P05-P08 Störungen im Zusammenhang mit der Schwangerschaftsdauer und dem fetalen Wachstum,12,1.7,1.7
2024,Bremen,DE-HB,P10-P15,P10-P15 Geburtstrauma,,,
2024,Bremen,DE-HB,P20-P29,"P20-P29 Krankheiten des Atmungs- und Herz-Kreislaufsystems, die für die Perinatalperiode spezifisch sind",3,0.4,0.4
2024,Bremen,DE-HB,P35-P39,"P35-P39 Infektionen, die für die Perinatalperiode spezifisch sind",,,
2024,Bremen,DE-HB,P50-P61,P50-P61 Hämorrhagische und hämatologische Krankheiten beim Fetus und Neugeborenen,,,
2024,Bremen,DE-HB,P70-P74,"P70-P74 Transitorische endokrine und Stoffwechselstörungen, die für den Fetus und das Neugeborene spezifisch sind",,,
2024,Bremen,DE-HB,P75-P78,P75-P78 Krankheiten des Verdauungssystems beim Fetus und Neugeborenen,,,
2024,Bremen,DE-HB,P80-P83,P80-P83 Krankheitszustände mit Beteiligung der Haut und der Temperaturregulation beim Fetus und Neugeborenen,,,
2024,Bremen,DE-HB,P90-P96,"P90-P96 Sonstige Störungen, die ihren Ursprung in der Perinatalperiode haben",,,
2024,Bremen,DE-HB,Q00-Q99,"Q00-Q99 Angeborene Fehlbildungen, Deformitäten und Chromosomenanomalien",28,4.0,4.2
2024,Bremen,DE-HB,Q00-Q07,Q00-Q07 Angeborene Fehlbildungen des Nervensystems,3,0.4,0.4
2024,Bremen,DE-HB,Q10-Q18,"Q10-Q18 Angeborene Fehlbildungen des Auges, des Ohres, des Gesichtes und des Halses",,,
2024,Bremen,DE-HB,Q20-Q28,Q20-Q28 Angeborene Fehlbildungen des Kreislaufsystems,6,0.9,0.9
2024,Bremen,DE-HB,Q30-Q34,Q30-Q34 Angeborene Fehlbildungen des Atmungssystems,,,
2024,Bremen,DE-HB,Q35-Q37,"Q35-Q37 Lippen-, Kiefer- und Gaumenspalte",,,
2024,Bremen,DE-HB,Q38-Q45,Q38-Q45 Sonstige angeborene Fehlbildungen des Verdauungssystems,,0.1,0.1
2024,Bremen,DE-HB,Q50-Q56,Q50-Q56 Angeborene Fehlbildungen der Genitalorgane,,,
2024,Bremen,DE-HB,Q60-Q64,Q60-Q64 Angeborene Fehlbildungen des Harnsystems,3,0.4,0.5
2024,Bremen,DE-HB,Q65-Q79,Q65-Q79 Angeborene Fehlbildung und Deformitäten des Muskel-Skelett-Systems,3,0.4,0.4
2024,Bremen,DE-HB,Q80-Q89,Q80-Q89 Sonstige angeborene Fehlbildungen,4,0.6,0.6
2024,Bremen,DE-HB,Q90-Q99,"Q90-Q99 Chromosomenanomalien, anderenorts nicht klassifiziert",8,1.1,1.2
2024,Bremen,DE-HB,R00-R99,"R00-R99 Symptome und abnorme klinische und Laborbefunde, die andernorts nicht klassifiziert sind",295,41.9,44.6
2024,Bremen,DE-HB,R00-R09,"R00-R09 Symptome, die das Kreislaufsystem und das Atmungssystem betreffen",5,0.7,0.7
2024,Bremen,DE-HB,R10-R19,"R10-R19 Symptome, die das Verdauungssystem und das Abdomen betreffen",,0.1,0.2
2024,Bremen,DE-HB,R20-R23,"R20-R23 Symptome, die die Haut und das Unterhautgewebe betreffen",,,
2024,Bremen,DE-HB,R25-R29,"R25-R29 Symptome, die das Nervensystem und das Muskel-Skelett-System betreffen",,,
2024,Bremen,DE-HB,R30-R39,"R30-R39 Symptome, die das Harnsystem betreffen",,,
2024,Bremen,DE-HB,R40-R46,"R40-R46 Symptome, die das Erkennungs- und Wahrnehmungsvermögen, die Stimmung und das Verhalten betreffen",,,
2024,Bremen,DE-HB,R47-R49,"R47-R49 Symptome, die die Sprache und die Stimme betreffen",,,
2024,Bremen,DE-HB,R50-R69,R50-R69 Allgemeinsymptome,46,6.5,7.0
2024,Bremen,DE-HB,R70-R79,R70-R79 Abnorme Blutuntersuchungsbefunde ohne Vorliegen einer Diagnose,,,
2024,Bremen,DE-HB,R80-R82,R80-R82 Abnorme Urinuntersuchungsbefunde ohne Vorliegen einer Diagnose,,,
2024,Bremen,DE-HB,R83-R89,"R83-R89 Abnorme Befunde ohne Vorliegen einer Diagnose bei der Untersuchung anderer Körperflüssigkeiten, Substanzen und Gewebe",,,
2024,Bremen,DE-HB,R90-R94,R90-R94 Abnorme Befunde ohne Vorliegen einer Diagnose bei bildgebender Diagnostik und Funktionsprüfungen,,,
2024,Bremen,DE-HB,R95-R99,R95-R99 Ungenau bezeichnete und unbekannte Todesursachen,243,34.5,36.7
2024,Bremen,DE-HB,R96-R99,R96-R99 Unbekannte Todesursache,243,34.5,36.7
2024,Bremen,DE-HB,S00-T98,"S00-T98 Verletzungen, Vergiftungen und bestimmte andere Folgen äußerer Ursachen",378,53.7,56.3
2024,Bremen,DE-HB,S00-T14,S00-T14 Verletzungen,207,29.4,30.9
2024,Bremen,DE-HB,S00-S09,S00-S09 Verletzungen des Kopfes,79,11.2,11.7
2024,Bremen,DE-HB,S10-S19,S10-S19 Verletzungen des Halses,10,1.4,1.4
2024,Bremen,DE-HB,S20-S29,S20-S29 Verletzungen des Thorax,21,3.0,3.2
2024,Bremen,DE-HB,S30-S39,"S30-S39 Verletzungen des Abdomens, der Lumbosakralgegend, der Lendenwirbelsäule und des Beckens",9,1.3,1.3
2024,Bremen,DE-HB,S40-S49,S40-S49 Verletzungen der Schulter und des Oberarmes,6,0.9,0.9
2024,Bremen,DE-HB,S50-S59,S50-S59 Verletzungen des Ellenbogens und des Unterarmes,,0.1,0.1
2024,Bremen,DE-HB,S60-S69,S60-S69 Verletzungen des Handgelenkes und der Hand,,0.1,0.2
2024,Bremen,DE-HB,S70-S79,S70-S79 Verletzungen der Hüfte und des Oberschenkels,47,6.7,7.1
2024,Bremen,DE-HB,S80-S89,S80-S89 Verletzungen des Knies und des Unterschenkels,5,0.7,0.8
2024,Bremen,DE-HB,S90-S99,S90-S99 Verletzungen der Knöchelregion und des Fußes,,,
2024,Bremen,DE-HB,T00-T07,T00-T07 Verletzungen mit Beteiligung mehrerer Körperregionen,8,1.1,1.2
2024,Bremen,DE-HB,T08-T14,"T08-T14 Verletzungen nicht näher bezeichneter Teile des Rumpfes, der Extremitäten oder anderer Körperregionen",20,2.8,3.1
2024,Bremen,DE-HB,T15-T19,T15-T19 Folgen des Eindringens eines Fremdkörpers durch eine natürliche Körperöffnung,9,1.3,1.3
2024,Bremen,DE-HB,T20-T32,T20-T32 Verbrennungen oder Verätzungen,,0.3,0.3
2024,Bremen,DE-HB,T20-T25,"T20-T25 Verbrennungen oder Verätzungen der äußeren Körperoberfläche, Lokalisation bezeichnet",,,
2024,Bremen,DE-HB,T26-T28,"T26-T28 Verbrennungen oder Verätzungen, die auf das Auge und auf innere Organe begrenzt sind",,,
2024,Bremen,DE-HB,T29-T32,T29-T32 Verbrennungen oder Verätzungen mehrerer und nicht näher bezeichneter Körperregionen,,0.3,0.3
2024,Bremen,DE-HB,T33-T35,T33-T35 Erfrierungen,,,
2024,Bremen,DE-HB,T36-T50,"T36-T50 Vergiftungen durch Arzneimittel, Drogen und biologisch aktive Substanzen",59,8.4,8.9
2024,Bremen,DE-HB,T51-T65,T51-T65 Toxische Wirkungen von vorwiegend nicht medizinisch verwendeten Substanzen,31,4.4,4.7
2024,Bremen,DE-HB,T66-T78,T66-T78 Sonstige und nicht näher bezeichnete Schäden durch äußere Ursachen,54,7.7,7.8
2024,Bremen,DE-HB,T79-T79,T79-T79 Bestimmte Frühkomplikationen eines Traumas,6,0.9,0.9
2024,Bremen,DE-HB,T80-T88,"T80-T88 Komplikationen bei chirurgischen Eingriffen und medizinischer Behandlung, anderenorts nicht klassifiziert",8,1.1,1.3
2024,Bremen,DE-HB,T90-T98,"T90-T98 Folgen von Verletzungen, Vergiftungen und sonstigen Auswirkungen äußerer Ursachen",,0.3,0.3
2024,Bremen,DE-HB,U00-U99,U00-U99 Schlüsselnummern für besondere Zwecke,91,12.9,14.0
2024,Bremen,DE-HB,U00-U49,U00-U49 Vorläufige Zuordnungen für Krankheiten mit unklarer Ätiologie und nicht belegte Schlüsselnummern,91,12.9,14.0
2024,Hamburg,DE-HH,,Alle Krankheiten und Folgen äußerer Ursachen,18591,1001.1,1168.1
2024,Hamburg,DE-HH,A00-B99,A00-B99 Bestimmte infektiöse und parasitäre Krankheiten,303,16.3,18.8
2024,Hamburg,DE-HH,A00-A09,A00-A09 Infektiöse Darmkrankheiten,80,4.3,5.0
2024,Hamburg,DE-HH,A15-A19,A15-A19 Tuberkulose,6,0.3,0.4
2024,Hamburg,DE-HH,A20-A28,A20-A28 Bestimmte bakterielle Zoonosen,,,
2024,Hamburg,DE-HH,A30-A49,A30-A49 Sonstige bakterielle Krankheiten,124,6.7,7.7
2024,Hamburg,DE-HH,A50-A64,"A50-A64 Infektionen, vorwiegend durch Geschlechtsverkehr übertragen",,0.1,0.1
2024,Hamburg,DE-HH,A65-A69,A65-A69 Sonstige Spirochätenkrankheiten,,,
2024,Hamburg,DE-HH,A70-A74,A70-A74 Sonstige Krankheiten durch Chlamydien,,,
2024,Hamburg,DE-HH,A75-A79,A75-A79 Rickettsiosen,,,
2024,Hamburg,DE-HH,A80-A89,A80-A89 Virusinfektionen des Zentralnervensystems,5,0.3,0.3
2024,Hamburg,DE-HH,A90-A99,A90-A99 Durch Arthropoden übertragene Viruskrankheiten und virale hämorrhagische Fieber,,,
2024,Hamburg,DE-HH,B00-B09,"B00-B09 Virusinfektionen, durch Haut- und Schleimhautläsionen gekennzeichnet",8,0.4,0.5
2024,Hamburg,DE-HH,B15-B19,B15-B19 Virushepatitis,6,0.3,0.4
2024,Hamburg,DE-HH,B20-B24,B20-B24 HIV-Krankheit (Humane Immundefizienz-Viruskrankheit),15,0.8,0.9
2024,Hamburg,DE-HH,B25-B34,B25-B34 Sonstige Viruskrankheiten,4,0.2,0.2
2024,Hamburg,DE-HH,B35-B49,B35-B49 Mykosen,8,0.4,0.5
2024,Hamburg,DE-HH,B50-B64,B50-B64 Protozoenkrankheiten,,,
2024,Hamburg,DE-HH,B65-B83,B65-B83 Helminthosen,,,
2024,Hamburg,DE-HH,B85-B89,"B85-B89 Pedikulose, Akarinose und sonstiger Parasitenbefall der Haut",,,
2024,Hamburg,DE-HH,B90-B94,B90-B94 Folgezustände von infektiösen und parasitären Krankheiten,5,0.3,0.3
2024,Hamburg,DE-HH,B99-B99,B99-B99 Sonstige Infektionskrankheiten,41,2.2,2.6
2024,Hamburg,DE-HH,C00-D48,C00-D48 Neubildungen,4562,245.7,291.4
2024,Hamburg,DE-HH,C00-C97,C00-C97 Bösartige Neubildungen,4448,239.5,284.3
2024,Hamburg,DE-HH,C00-C75,"C00-C75 Bösartige Neubildungen an genau bezeichneten Lokalisationen, als primär festgestellt oder vermutet, ausgenommen lymphatisches, blutbildendes und verwandtes Gewebe",3835,206.5,245.2
2024,Hamburg,DE-HH,C00-C14,"C00-C14 Bösartige Neubildungen der Lippe, der Mundhöhle und des Pharynx",112,6.0,7.3
2024,Hamburg,DE-HH,C15-C26,C15-C26 Bösartige Neubildungen der Verdauungsorgane,1257,67.7,80.0
2024,Hamburg,DE-HH,C18-C21,"C18-C21 Bösartige Neubildung des Kolons, des Rektums und des Anus",380,20.5,23.9
2024,Hamburg,DE-HH,C19-C21,C19-C21 Bösartige Neubildung des Rektums und des Anus,152,8.2,9.6
2024,Hamburg,DE-HH,C30-C39,C30-C39 Bösartige Neubildungen der Atmungsorgane und sonstiger intrathorakaler Organe,1038,55.9,67.7
2024,Hamburg,DE-HH,C32-C34,"C32-C34 Bösartige Neubildung des Larynx, der Trachea, der Bronchien und der Lunge",1021,55.0,66.6
2024,Hamburg,DE-HH,C33-C34,"C33-C34 Bösartige Neubildung der Trachea, Bronchien und der Lunge",1002,54.0,65.4
2024,Hamburg,DE-HH,C40-C41,C40-C41 Bösartige Neubildungen des Knochens und des Gelenkknorpels,9,0.5,0.5
2024,Hamburg,DE-HH,C43-C44,C43-C44 Melanom und sonstige bösartige Neubildungen der Haut,66,3.6,4.1
2024,Hamburg,DE-HH,C45-C49,C45-C49 Bösartige Neubildungen des mesothelialen Gewebes und des Weichteilgewebes,83,4.5,5.3
2024,Hamburg,DE-HH,C50-C50,C50-C50 Bösartige Neubildung der Brustdrüse,342,18.4,21.5
2024,Hamburg,DE-HH,C51-C58,C51-C58 Bösartige Neubildungen der weiblichen Genitalorgane,,,
2024,Hamburg,DE-HH,C54-C55,C54-C55 Bösartige Neubildung sonstiger Teile der Gebärmutter,,,
2024,Hamburg,DE-HH,C60-C63,C60-C63 Bösartige Neubildungen der männlichen Genitalorgane,,,
2024,Hamburg,DE-HH,C64-C68,C64-C68 Bösartige Neubildungen der Harnorgane,294,15.8,18.7
2024,Hamburg,DE-HH,C69-C72,"C69-C72 Bösartige Neubildungen des Auges, des Gehirns und sonstiger Teile des Zentralnervensystems",132,7.1,8.3
2024,Hamburg,DE-HH,C73-C75,C73-C75 Bösartige Neubildungen der Schilddrüse und sonstiger endokriner Drüsen,18,1.0,1.1
2024,Hamburg,DE-HH,C76-C80,"C76-C80 Bösartige Neubildungen ungenau bezeichneter, sekundärer und nicht näher bezeichneter Lokalisationen",252,13.6,16.1
2024,Hamburg,DE-HH,C81-C96,"C81-C96 Bösartige Neubildungen des lymphatischen, blutbildenden und verwandten Gewebes, als primär festgestellt oder vermutet",361,19.4,23.0
2024,Hamburg,DE-HH,C91-C95,C91-C95 Leukämie,152,8.2,9.6
2024,Hamburg,DE-HH,C97-C97,C97-C97 Bösartige Neubildungen als Primärtumoren an mehreren Lokalisationen,,,
2024,Hamburg,DE-HH,D00-D09,D00-D09 In-situ-Neubildungen,,,
2024,Hamburg,DE-HH,D10-D36,D10-D36 Gutartige Neubildungen,10,0.5,0.7
2024,Hamburg,DE-HH,D37-D48,D37-D48 Neubildungen unsicheren oder unbekannten Verhaltens,104,5.6,6.5
2024,Hamburg,DE-HH,D50-D90,D50-D90 Krankheiten des Blutes und der blutbildenden Organe sowie bestimmte Störungen mit Beteiligung des Immunsystems,63,3.4,3.9
2024,Hamburg,DE-HH,D50-D53,D50-D53 Alimentäre Anämien,,0.1,0.1
2024,Hamburg,DE-HH,D55-D59,D55-D59 Hämolytische Anämien,,0.1,0.1
2024,Hamburg,DE-HH,D60-D64,D60-D64 Aplastische und sonstige Anämien,35,1.9,2.1
2024,Hamburg,DE-HH,D65-D69,"D65-D69 Koagulopathien, Purpura und sonstige hämorrhagische Diathesen",21,1.1,1.3
2024,Hamburg,DE-HH,D70-D77,D70-D77 Sonstige Krankheiten des Blutes und der blutbildenden Organe,,0.1,0.1
2024,Hamburg,DE-HH,D80-D90,D80-D90 Bestimmte Störungen mit Beteiligung des Immunsystems,3,0.2,0.2
2024,Hamburg,DE-HH,E00-E90,"E00-E90 Endokrine, Ernährungs- und Stoffwechselkrankheiten",640,34.5,40.0
2024,Hamburg,DE-HH,E00-E07,E00-E07 Krankheiten der Schilddrüse,15,0.8,1.0
2024,Hamburg,DE-HH,E10-E14,E10-E14 Diabetes mellitus,311,16.7,19.8
2024,Hamburg,DE-HH,E15-E16,E15-E16 Sonstige Störungen der Blutglukose-Regulation und der inneren Sekretion des Pankreas,5,0.3,0.3
2024,Hamburg,DE-HH,E20-E35,E20-E35 Krankheiten sonstiger endokriner Drüsen,3,0.2,0.2
2024,Hamburg,DE-HH,E40-E46,E40-E46 Mangelernährung,16,0.9,1.0
2024,Hamburg,DE-HH,E50-E64,E50-E64 Sonstige alimentäre Mangelzustände,5,0.3,0.3
2024,Hamburg,DE-HH,E65-E68,E65-E68 Adipositas und sonstige Überernährung,37,2.0,2.4
2024,Hamburg,DE-HH,E70-E90,E70-E90 Stoffwechselstörungen,248,13.4,15.1
2024,Hamburg,DE-HH,F00-F99,F00-F99 Psychische und Verhaltensstörungen,1625,87.5,100.4
2024,Hamburg,DE-HH,F00-F09,"F00-F09 Organische, einschließlich symptomatischer psychischer Störungen",1287,69.3,79.1
2024,Hamburg,DE-HH,F00-F03,F00-F03 Demenz,1280,68.9,78.7
2024,Hamburg,DE-HH,F10-F19,F10-F19 Psychische und Verhaltensstörungen durch psychotrope Substanzen,262,14.1,16.4
2024,Hamburg,DE-HH,F20-F29,"F20-F29 Schizophrenie, schizotype und wahnhafte Störungen",15,0.8,1.0
2024,Hamburg,DE-HH,F30-F39,F30-F39 Affektive Störungen,45,2.4,2.9
2024,Hamburg,DE-HH,F32-F34,F32-F34 Depression,40,2.2,2.6
2024,Hamburg,DE-HH,F40-F48,"F40-F48 Neurotische, Belastungs- und somatoforme Störungen",,0.1,0.1
2024,Hamburg,DE-HH,F40-F41,F40-F41 Phobische und andere Angststörungen,,0.1,0.1
2024,Hamburg,DE-HH,F50-F59,F50-F59 Verhaltensauffälligkeiten mit körperlichen Störungen und Faktoren,4,0.2,0.3
2024,Hamburg,DE-HH,F60-F69,F60-F69 Persönlichkeits- und Verhaltensstörungen,3,0.2,0.2
2024,Hamburg,DE-HH,F70-F79,F70-F79 Intelligenzminderung,,0.1,0.1
2024,Hamburg,DE-HH,F80-F89,F80-F89 Entwicklungsstörungen,,,
2024,Hamburg,DE-HH,F90-F98,F90-F98 Verhaltens- und emotionale Störungen mit Beginn in der Kindheit und Jugend,,,
2024,Hamburg,DE-HH,F99-F99,F99-F99 Nicht näher bezeichnete psychische Störungen,7,0.4,0.4
2024,Hamburg,DE-HH,G00-H95,G00-H95 Krankheiten des Nervensystems und der Sinnesorgane,679,36.6,42.7
2024,Hamburg,DE-HH,G00-G99,G00-G99 Krankheiten des Nervensystems,673,36.2,42.3
2024,Hamburg,DE-HH,G00-G09,G00-G09 Entzündliche Krankheiten des Zentralnervensystems,10,0.5,0.6
2024,Hamburg,DE-HH,G00-G03,G00-G03 Meningitis,3,0.2,0.2
2024,Hamburg,DE-HH,G10-G14,"G10-G14 Systematrophien, die vorwiegend das Zentralnervensystem betreffen",52,2.8,3.4
2024,Hamburg,DE-HH,G20-G26,G20-G26 Extrapyramidale Krankheiten und Bewegungsstörungen,281,15.1,17.7
2024,Hamburg,DE-HH,G30-G32,G30-G32 Sonstige degenerative Krankheiten des Nervensystems,159,8.6,10.0
2024,Hamburg,DE-HH,G35-G37,G35-G37 Demyelinisierende Krankheiten des Zentralnervensystems,37,2.0,2.4
2024,Hamburg,DE-HH,G40-G47,G40-G47 Episodische und paroxysmale Krankheiten des Nervensystems,64,3.4,4.0
2024,Hamburg,DE-HH,G40-G41,G40-G41 Epilepsie,59,3.2,3.7
2024,Hamburg,DE-HH,G50-G59,"G50-G59 Krankheiten von Nerven, Nervenwurzeln und Nervenplexus",,,
2024,Hamburg,DE-HH,G60-G64,G60-G64 Polyneuropathien und sonstige Krankheiten des peripheren Nervensystems,5,0.3,0.3
2024,Hamburg,DE-HH,G70-G73,G70-G73 Krankheiten im Bereich der neuromuskulären Synapse und des Muskels,17,0.9,1.0
2024,Hamburg,DE-HH,G80-G83,G80-G83 Zerebrale Lähmung und sonstige Lähmungssyndrome,13,0.7,0.8
2024,Hamburg,DE-HH,G90-G99,G90-G99 Sonstige Krankheiten des Nervensystems,35,1.9,2.1
2024,Hamburg,DE-HH,H00-H59,H00-H59 Krankheiten des Auges und der Augenanhangsgebilde,4,0.2,0.2
2024,Hamburg,DE-HH,H00-H06,"H00-H06 Affektionen des Augenlides, des Tränenapparates und der Orbita",,,
2024,Hamburg,DE-HH,H10-H13,H10-H13 Affektionen der Konjunktiva,,,
2024,Hamburg,DE-HH,H15-H22,"H15-H22 Affektionen der Sklera, der Hornhaut, der Iris und des Ziliarkörpers",,,
2024,Hamburg,DE-HH,H25-H28,H25-H28 Affektionen der Linse,,,
2024,Hamburg,DE-HH,H30-H36,H30-H36 Affektionen der Aderhaut und der Netzhaut,,,
2024,Hamburg,DE-HH,H40-H42,H40-H42 Glaukom,,,
2024,Hamburg,DE-HH,H43-H45,H43-H45 Affektionen des Glaskörpers und des Augapfels,,,
2024,Hamburg,DE-HH,H46-H48,H46-H48 Affektionen des Nervus opticus und der Sehbahn,,0.1,0.1
2024,Hamburg,DE-HH,H49-H52,"H49-H52 Affektionen der Augenmuskeln, Störungen der Blickbewegungen sowie Akkommodationsstörungen und Refraktionsfehler",,0.1,0.0
2024,Hamburg,DE-HH,H53-H54,H53-H54 Sehstörungen und Blindheit,,,
2024,Hamburg,DE-HH,H55-H59,H55-H59 Sonstige Affektionen des Auges und der Augenanhangsgebilde,,0.1,0.1
2024,Hamburg,DE-HH,H60-H95,H60-H95 Krankheiten des Ohres und des Warzenfortsatzes,,0.1,0.1
2024,Hamburg,DE-HH,H60-H62,H60-H62 Krankheiten des äußeren Ohres,,,
2024,Hamburg,DE-HH,H65-H75,H65-H75 Krankheiten des Mittelohres und des Warzenfortsatzes,,0.1,0.1
2024,Hamburg,DE-HH,H80-H83,H80-H83 Krankheiten des Innenohres,,,
2024,Hamburg,DE-HH,H90-H95,H90-H95 Sonstige Krankheiten des Ohres,,,
2024,Hamburg,DE-HH,H90-H91,H90-H91 Hörverlust,,,
2024,Hamburg,DE-HH,I00-I99,I00-I99 Krankheiten des Kreislaufsystems,4966,267.4,310.6
2024,Hamburg,DE-HH,I00-I02,I00-I02 Akutes rheumatisches Fieber,,,
2024,Hamburg,DE-HH,I05-I09,I05-I09 Chronische rheumatische Herzkrankheiten,115,6.2,7.2
2024,Hamburg,DE-HH,I10-I15,I10-I15 Hypertonie (Hochdruckkrankheit),740,39.8,45.8
2024,Hamburg,DE-HH,I20-I25,I20-I25 Ischämische Herzkrankheiten,1456,78.4,91.0
2024,Hamburg,DE-HH,I21-I22,I21-I22 Herzinfarkt,467,25.1,29.5
2024,Hamburg,DE-HH,I26-I28,I26-I28 Pulmonale Herzkrankheit und Krankheiten des Lungenkreislaufes,98,5.3,6.1
2024,Hamburg,DE-HH,I30-I52,I30-I52 Sonstige Formen der Herzkrankheit,1366,73.6,85.3
2024,Hamburg,DE-HH,I60-I69,I60-I69 Zerebrovaskuläre Krankheiten,905,48.7,57.1
2024,Hamburg,DE-HH,I60-I61,I60-I61 Subarachnoidalblutung und intrazerebrale Blutung,175,9.4,11.1
2024,Hamburg,DE-HH,I70-I79,"I70-I79 Krankheiten der Arterien, Arteriolen und Kapillaren",211,11.4,13.4
2024,Hamburg,DE-HH,I80-I89,"I80-I89 Krankheiten der Venen, der Lymphgefäße und der Lymphknoten andernorts nicht klassifiziert",68,3.7,4.3
2024,Hamburg,DE-HH,I95-I99,I95-I99 Sonstige und nicht näher bezeichnete Krankheiten des Kreislaufsystems,7,0.4,0.4
2024,Hamburg,DE-HH,J00-J99,J00-J99 Krankheiten des Atmungssystems,1587,85.5,100.9
2024,Hamburg,DE-HH,J00-J06,J00-J06 Akute Infektionen der oberen Atemwege,11,0.6,0.6
2024,Hamburg,DE-HH,J09-J18,J09-J18 Grippe und Pneumonie,544,29.3,33.9
2024,Hamburg,DE-HH,J09-J11,J09-J11 Grippe,41,2.2,2.6
2024,Hamburg,DE-HH,J12-J18,J12-J18 Pneumonie,503,27.1,31.3
2024,Hamburg,DE-HH,J20-J22,J20-J22 Sonstige akute Infektionen der unteren Atemwege,8,0.4,0.5
2024,Hamburg,DE-HH,J30-J39,J30-J39 Sonstige Krankheiten der oberen Atemwege,3,0.2,0.2
2024,Hamburg,DE-HH,J40-J47,J40-J47 Chronische Krankheiten der unteren Atemwege,740,39.8,48.0
2024,Hamburg,DE-HH,J45-J46,J45-J46 Asthma,41,2.2,2.6
2024,Hamburg,DE-HH,J60-J70,J60-J70 Lungenkrankheiten durch exogene Substanzen,165,8.9,10.4
2024,Hamburg,DE-HH,J80-J84,"J80-J84 Sonstige Krankheiten der Atmungsorgane, die hauptsächlich das Interstitium betreffen",62,3.3,4.0
2024,Hamburg,DE-HH,J85-J86,J85-J86 Purulente und nekrotisierende Krankheitszustände der unteren Atemwege,12,0.6,0.8
2024,Hamburg,DE-HH,J90-J94,J90-J94 Sonstige Krankheiten der Pleura,7,0.4,0.4
2024,Hamburg,DE-HH,J95-J99,J95-J99 Sonstige Krankheiten des Atmungssystems,35,1.9,2.2
2024,Hamburg,DE-HH,K00-K93,K00-K93 Krankheiten des Verdauungssystems,792,42.6,49.9
2024,Hamburg,DE-HH,K00-K14,"K00-K14 Krankheiten der Mundhöhle, der Speicheldrüsen und der Kiefer",3,0.2,0.2
2024,Hamburg,DE-HH,K20-K31,"K20-K31 Krankheiten des Ösophagus, des Magens und des Duodenums",79,4.3,5.0
2024,Hamburg,DE-HH,K25-K28,"K25-K28 Ulcus ventriculi, Ulcus duodeni, Ulcus pepticum",47,2.5,2.9
2024,Hamburg,DE-HH,K35-K38,K35-K38 Krankheiten der Appendix,6,0.3,0.4
2024,Hamburg,DE-HH,K40-K46,K40-K46 Hernien,34,1.8,2.2
2024,Hamburg,DE-HH,K50-K52,K50-K52 Nichtinfektiöse Enteritis und Kolitis,14,0.8,0.9
2024,Hamburg,DE-HH,K55-K64,K55-K64 Sonstige Krankheiten des Darmes,247,13.3,15.7
2024,Hamburg,DE-HH,K65-K67,K65-K67 Krankheiten des Peritoneums,13,0.7,0.8
2024,Hamburg,DE-HH,K70-K77,K70-K77 Krankheiten der Leber,226,12.2,14.3
2024,Hamburg,DE-HH,K80-K87,"K80-K87 Krankheiten der Gallenblase, der Gallenwege und des Pankreas",83,4.5,5.1
2024,Hamburg,DE-HH,K90-K93,K90-K93 Sonstige Krankheiten des Verdauungssystems,87,4.7,5.4
2024,Hamburg,DE-HH,L00-L99,L00-L99 Krankheiten der Haut und der Unterhaut,58,3.1,3.6
2024,Hamburg,DE-HH,L00-L08,L00-L08 Infektionen der Haut und der Unterhaut,13,0.7,0.8
2024,Hamburg,DE-HH,L10-L14,L10-L14 Bullöse Dermatosen,,0.1,0.1
2024,Hamburg,DE-HH,L20-L30,L20-L30 Dermatitis und Ekzem,,0.1,0.1
2024,Hamburg,DE-HH,L40-L45,L40-L45 Papulosquamöse Hautkrankheiten,,0.1,0.1
2024,Hamburg,DE-HH,L40-L42,L40-L42 Psoriasis,,0.1,0.1
2024,Hamburg,DE-HH,L50-L54,L50-L54 Urtikaria und Erythem,,,
2024,Hamburg,DE-HH,L55-L59,L55-L59 Krankheiten der Haut und der Unterhaut durch Strahleneinwirkung,,,
2024,Hamburg,DE-HH,L60-L75,L60-L75 Krankheiten der Hautanhangsgebilde,,,
2024,Hamburg,DE-HH,L80-L99,L80-L99 Sonstige Krankheiten der Haut und der Unterhaut,40,2.2,2.5
2024,Hamburg,DE-HH,M00-M99,M00-M99 Krankheiten des Muskel-Skelett-Systems und des Bindegewebes,132,7.1,8.3
2024,Hamburg,DE-HH,M00-M25,M00-M25 Arthropathien,32,1.7,2.0
2024,Hamburg,DE-HH,M00-M03,M00-M03 Infektiöse Arthropathien,3,0.2,0.2
2024,Hamburg,DE-HH,M05-M14,M05-M14 Entzündliche Polyarthropathien,12,0.6,0.8
2024,Hamburg,DE-HH,M15-M19,M15-M19 Arthrose,14,0.8,0.9
2024,Hamburg,DE-HH,M20-M25,M20-M25 Sonstige Gelenkkrankheiten,3,0.2,0.2
2024,Hamburg,DE-HH,M30-M36,M30-M36 Systemkrankheiten des Bindegewebes,9,0.5,0.6
2024,Hamburg,DE-HH,M40-M54,M40-M54 Krankheiten der Wirbelsäule und des Rückens,24,1.3,1.5
2024,Hamburg,DE-HH,M40-M43,M40-M43 Deformitäten der Wirbelsäule und des Rückens,4,0.2,0.2
2024,Hamburg,DE-HH,M45-M54,M45-M54 Dorsopathien,20,1.1,1.3
2024,Hamburg,DE-HH,M45-M49,M45-M49 Spondylopathien,16,0.9,1.0
2024,Hamburg,DE-HH,M50-M54,M50-M54 Sonstige Krankheiten der Wirbelsäule und des Rückens,4,0.2,0.3
2024,Hamburg,DE-HH,M60-M79,M60-M79 Krankheiten der Weichteilgewebe,53,2.9,3.4
2024,Hamburg,DE-HH,M60-M63,M60-M63 Krankheiten der Muskeln,32,1.7,2.1
2024,Hamburg,DE-HH,M65-M68,M65-M68 Krankheiten der Synovialis und der Sehnen,,,
2024,Hamburg,DE-HH,M70-M79,M70-M79 Sonstige Krankheiten des Weichteilgewebes,21,1.1,1.3
2024,Hamburg,DE-HH,M80-M94,M80-M94 Osteopathien und Chondropathien,14,0.8,0.9
2024,Hamburg,DE-HH,M80-M85,M80-M85 Veränderungen der Knochendichte und -struktur,12,0.6,0.7
2024,Hamburg,DE-HH,M80-M82,M80-M82 Osteoporose,11,0.6,0.7
2024,Hamburg,DE-HH,M86-M90,M86-M90 Sonstige Osteopathien,,0.1,0.1
2024,Hamburg,DE-HH,M91-M94,M91-M94 Chondropathien,,,
2024,Hamburg,DE-HH,M95-M99,M95-M99 Sonstige Krankheiten des Muskel-Skelett-Systems und des Bindegewebes,,,
2024,Hamburg,DE-HH,N00-N99,N00-N99 Krankheiten des Urogenitalsystems,587,31.6,36.6
2024,Hamburg,DE-HH,N00-N29,N00-N29 Krankheiten der Niere und des Ureters,298,16.0,18.6
2024,Hamburg,DE-HH,N00-N08,N00-N08 Glomeruläre Krankheiten,7,0.4,0.5
2024,Hamburg,DE-HH,N10-N16,N10-N16 Tubulointerstitielle Nierenkrankheiten,21,1.1,1.3
2024,Hamburg,DE-HH,N17-N19,N17-N19 Niereninsuffizienz,242,13.0,15.0
2024,Hamburg,DE-HH,N20-N23,N20-N23 Urolithiasis,9,0.5,0.6
2024,Hamburg,DE-HH,N25-N29,N25-N29 Sonstige Krankheiten der Niere und des Ureters,19,1.0,1.2
2024,Hamburg,DE-HH,N30-N39,N30-N39 Sonstige Krankheiten des Harnsystems,259,13.9,16.1
2024,Hamburg,DE-HH,N40-N51,N40-N51 Krankheiten der männlichen Genitalorgane,,,
2024,Hamburg,DE-HH,N60-N64,N60-N64 Krankheiten der Mamma (Brustdrüse),,,
2024,Hamburg,DE-HH,N70-N77,N70-N77 Entzündliche Krankheiten der weiblichen Beckenorgane,,,
2024,Hamburg,DE-HH,N80-N98,N80-N98 Nichtentzündliche Krankheiten des weiblichen Genitaltraktes,,,
2024,Hamburg,DE-HH,O00-O99,"O00-O99 Schwangerschaft, Geburt und Wochenbett",,,
2024,Hamburg,DE-HH,O00-O08,O00-O08 Schwangerschaft mit abortivem Ausgang,,,
2024,Hamburg,DE-HH,O10-O16,"O10-O16 Ödeme, Proteinurie und Hypertonie während der Schwangerschaft, der Geburt und des Wochenbettes",,,
2024,Hamburg,DE-HH,O20-O29,"O20-O29 Sonstige Krankheiten der Mutter, die vorwiegend mit der Schwangerschaft verbunden sind",,,
2024,Hamburg,DE-HH,O30-O48,O30-O48 Betreuung der Mutter im Hinblick auf den Fetus und die Amnionhöhle sowie mögliche Entbindungskomplikationen,,,
2024,Hamburg,DE-HH,O60-O75,O60-O75 Komplikationen bei Wehentätigkeit und Entbindung,,,
2024,Hamburg,DE-HH,O80-O84,O80-O84 Entbindung,,,
2024,Hamburg,DE-HH,O85-O92,"O85-O92 Komplikationen, die vorwiegend im Wochenbett auftreten",,,
2024,Hamburg,DE-HH,O94-O99,"O94-O99 Sonstige Krankheitszustände während der Gestationsperiode, die andernorts nicht klassifiziert sind",,,
2024,Hamburg,DE-HH,P00-P96,"P00-P96 Bestimmte Zustände, die ihren Ursprung in der Perinatalperiode haben",39,2.1,2.0
2024,Hamburg,DE-HH,P00-P04,"P00-P04 Schädigung des Fetus und Neugeborenen durch mütterliche Faktoren und durch Komplikationen bei Schwangerschaft, Wehentätigkeit und Entbindung",,0.1,0.1
2024,Hamburg,DE-HH,P05-P08,P05-P08 Störungen im Zusammenhang mit der Schwangerschaftsdauer und dem fetalen Wachstum,24,1.3,1.2
2024,Hamburg,DE-HH,P10-P15,P10-P15 Geburtstrauma,,,
2024,Hamburg,DE-HH,P20-P29,"P20-P29 Krankheiten des Atmungs- und Herz-Kreislaufsystems, die für die Perinatalperiode spezifisch sind",8,0.4,0.4
2024,Hamburg,DE-HH,P35-P39,"P35-P39 Infektionen, die für die Perinatalperiode spezifisch sind",,0.1,0.1
2024,Hamburg,DE-HH,P50-P61,P50-P61 Hämorrhagische und hämatologische Krankheiten beim Fetus und Neugeborenen,,0.1,0.1
2024,Hamburg,DE-HH,P70-P74,"P70-P74 Transitorische endokrine und Stoffwechselstörungen, die für den Fetus und das Neugeborene spezifisch sind",,,
2024,Hamburg,DE-HH,P75-P78,P75-P78 Krankheiten des Verdauungssystems beim Fetus und Neugeborenen,,,
2024,Hamburg,DE-HH,P80-P83,P80-P83 Krankheitszustände mit Beteiligung der Haut und der Temperaturregulation beim Fetus und Neugeborenen,,,
2024,Hamburg,DE-HH,P90-P96,"P90-P96 Sonstige Störungen, die ihren Ursprung in der Perinatalperiode haben",,0.1,0.1
2024,Hamburg,DE-HH,Q00-Q99,"Q00-Q99 Angeborene Fehlbildungen, Deformitäten und Chromosomenanomalien",57,3.1,3.1
2024,Hamburg,DE-HH,Q00-Q07,Q00-Q07 Angeborene Fehlbildungen des Nervensystems,,0.1,0.1
2024,Hamburg,DE-HH,Q10-Q18,"Q10-Q18 Angeborene Fehlbildungen des Auges, des Ohres, des Gesichtes und des Halses",,,
2024,Hamburg,DE-HH,Q20-Q28,Q20-Q28 Angeborene Fehlbildungen des Kreislaufsystems,14,0.8,0.8
2024,Hamburg,DE-HH,Q30-Q34,Q30-Q34 Angeborene Fehlbildungen des Atmungssystems,,0.1,0.1
2024,Hamburg,DE-HH,Q35-Q37,"Q35-Q37 Lippen-, Kiefer- und Gaumenspalte",,,
2024,Hamburg,DE-HH,Q38-Q45,Q38-Q45 Sonstige angeborene Fehlbildungen des Verdauungssystems,3,0.2,0.2
2024,Hamburg,DE-HH,Q50-Q56,Q50-Q56 Angeborene Fehlbildungen der Genitalorgane,,,
2024,Hamburg,DE-HH,Q60-Q64,Q60-Q64 Angeborene Fehlbildungen des Harnsystems,,0.1,0.1
2024,Hamburg,DE-HH,Q65-Q79,Q65-Q79 Angeborene Fehlbildung und Deformitäten des Muskel-Skelett-Systems,5,0.3,0.3
2024,Hamburg,DE-HH,Q80-Q89,Q80-Q89 Sonstige angeborene Fehlbildungen,8,0.4,0.4
2024,Hamburg,DE-HH,Q90-Q99,"Q90-Q99 Chromosomenanomalien, anderenorts nicht klassifiziert",22,1.2,1.2
2024,Hamburg,DE-HH,R00-R99,"R00-R99 Symptome und abnorme klinische und Laborbefunde, die andernorts nicht klassifiziert sind",955,51.4,60.7
2024,Hamburg,DE-HH,R00-R09,"R00-R09 Symptome, die das Kreislaufsystem und das Atmungssystem betreffen",9,0.5,0.6
2024,Hamburg,DE-HH,R10-R19,"R10-R19 Symptome, die das Verdauungssystem und das Abdomen betreffen",4,0.2,0.2
2024,Hamburg,DE-HH,R20-R23,"R20-R23 Symptome, die die Haut und das Unterhautgewebe betreffen",,,
2024,Hamburg,DE-HH,R25-R29,"R25-R29 Symptome, die das Nervensystem und das Muskel-Skelett-System betreffen",,0.1,0.1
2024,Hamburg,DE-HH,R30-R39,"R30-R39 Symptome, die das Harnsystem betreffen",,0.1,0.1
2024,Hamburg,DE-HH,R40-R46,"R40-R46 Symptome, die das Erkennungs- und Wahrnehmungsvermögen, die Stimmung und das Verhalten betreffen",,0.1,0.1
2024,Hamburg,DE-HH,R47-R49,"R47-R49 Symptome, die die Sprache und die Stimme betreffen",,,
2024,Hamburg,DE-HH,R50-R69,R50-R69 Allgemeinsymptome,95,5.1,6.0
2024,Hamburg,DE-HH,R70-R79,R70-R79 Abnorme Blutuntersuchungsbefunde ohne Vorliegen einer Diagnose,,,
2024,Hamburg,DE-HH,R80-R82,R80-R82 Abnorme Urinuntersuchungsbefunde ohne Vorliegen einer Diagnose,,,
2024,Hamburg,DE-HH,R83-R89,"R83-R89 Abnorme Befunde ohne Vorliegen einer Diagnose bei der Untersuchung anderer Körperflüssigkeiten, Substanzen und Gewebe",,,
2024,Hamburg,DE-HH,R90-R94,R90-R94 Abnorme Befunde ohne Vorliegen einer Diagnose bei bildgebender Diagnostik und Funktionsprüfungen,,,
2024,Hamburg,DE-HH,R95-R99,R95-R99 Ungenau bezeichnete und unbekannte Todesursachen,841,45.3,53.5
2024,Hamburg,DE-HH,R96-R99,R96-R99 Unbekannte Todesursache,839,45.2,53.4
2024,Hamburg,DE-HH,S00-T98,"S00-T98 Verletzungen, Vergiftungen und bestimmte andere Folgen äußerer Ursachen",1288,69.4,78.7
2024,Hamburg,DE-HH,S00-T14,S00-T14 Verletzungen,877,47.2,53.8
2024,Hamburg,DE-HH,S00-S09,S00-S09 Verletzungen des Kopfes,240,12.9,14.7
2024,Hamburg,DE-HH,S10-S19,S10-S19 Verletzungen des Halses,26,1.4,1.6
2024,Hamburg,DE-HH,S20-S29,S20-S29 Verletzungen des Thorax,43,2.3,2.6
2024,Hamburg,DE-HH,S30-S39,"S30-S39 Verletzungen des Abdomens, der Lumbosakralgegend, der Lendenwirbelsäule und des Beckens",62,3.3,3.8
2024,Hamburg,DE-HH,S40-S49,S40-S49 Verletzungen der Schulter und des Oberarmes,28,1.5,1.8
2024,Hamburg,DE-HH,S50-S59,S50-S59 Verletzungen des Ellenbogens und des Unterarmes,9,0.5,0.6
2024,Hamburg,DE-HH,S60-S69,S60-S69 Verletzungen des Handgelenkes und der Hand,8,0.4,0.5
2024,Hamburg,DE-HH,S70-S79,S70-S79 Verletzungen der Hüfte und des Oberschenkels,262,14.1,16.1
2024,Hamburg,DE-HH,S80-S89,S80-S89 Verletzungen des Knies und des Unterschenkels,11,0.6,0.7
2024,Hamburg,DE-HH,S90-S99,S90-S99 Verletzungen der Knöchelregion und des Fußes,,,
2024,Hamburg,DE-HH,T00-T07,T00-T07 Verletzungen mit Beteiligung mehrerer Körperregionen,68,3.7,3.9
2024,Hamburg,DE-HH,T08-T14,"T08-T14 Verletzungen nicht näher bezeichneter Teile des Rumpfes, der Extremitäten oder anderer Körperregionen",120,6.5,7.5
2024,Hamburg,DE-HH,T15-T19,T15-T19 Folgen des Eindringens eines Fremdkörpers durch eine natürliche Körperöffnung,67,3.6,4.2
2024,Hamburg,DE-HH,T20-T32,T20-T32 Verbrennungen oder Verätzungen,3,0.2,0.2
2024,Hamburg,DE-HH,T20-T25,"T20-T25 Verbrennungen oder Verätzungen der äußeren Körperoberfläche, Lokalisation bezeichnet",,,
2024,Hamburg,DE-HH,T26-T28,"T26-T28 Verbrennungen oder Verätzungen, die auf das Auge und auf innere Organe begrenzt sind",,0.1,0.1
2024,Hamburg,DE-HH,T29-T32,T29-T32 Verbrennungen oder Verätzungen mehrerer und nicht näher bezeichneter Körperregionen,,0.1,0.1
2024,Hamburg,DE-HH,T33-T35,T33-T35 Erfrierungen,,,
2024,Hamburg,DE-HH,T36-T50,"T36-T50 Vergiftungen durch Arzneimittel, Drogen und biologisch aktive Substanzen",95,5.1,5.7
2024,Hamburg,DE-HH,T51-T65,T51-T65 Toxische Wirkungen von vorwiegend nicht medizinisch verwendeten Substanzen,52,2.8,2.9
2024,Hamburg,DE-HH,T66-T78,T66-T78 Sonstige und nicht näher bezeichnete Schäden durch äußere Ursachen,111,6.0,6.7
2024,Hamburg,DE-HH,T79-T79,T79-T79 Bestimmte Frühkomplikationen eines Traumas,19,1.0,1.2
2024,Hamburg,DE-HH,T80-T88,"T80-T88 Komplikationen bei chirurgischen Eingriffen und medizinischer Behandlung, anderenorts nicht klassifiziert",40,2.2,2.5
2024,Hamburg,DE-HH,T90-T98,"T90-T98 Folgen von Verletzungen, Vergiftungen und sonstigen Auswirkungen äußerer Ursachen",24,1.3,1.5
2024,Hamburg,DE-HH,U00-U99,U00-U99 Schlüsselnummern für besondere Zwecke,257,13.8,16.2
2024,Hamburg,DE-HH,U00-U49,U00-U49 Vorläufige Zuordnungen für Krankheiten mit unklarer Ätiologie und nicht belegte Schlüsselnummern,257,13.8,16.2
2024,Hessen,DE-HE,,Alle Krankheiten und Folgen äußerer Ursachen,71547,1140.3,1184.0
2024,Hessen,DE-HE,A00-B99,A00-B99 Bestimmte infektiöse und parasitäre Krankheiten,1295,20.6,21.5
2024,Hessen,DE-HE,A00-A09,A00-A09 Infektiöse Darmkrankheiten,268,4.3,4.5
2024,Hessen,DE-HE,A15-A19,A15-A19 Tuberkulose,11,0.2,0.2
2024,Hessen,DE-HE,A20-A28,A20-A28 Bestimmte bakterielle Zoonosen,,,
2024,Hessen,DE-HE,A30-A49,A30-A49 Sonstige bakterielle Krankheiten,664,10.6,11.0
2024,Hessen,DE-HE,A50-A64,"A50-A64 Infektionen, vorwiegend durch Geschlechtsverkehr übertragen",,0.0,0.0
2024,Hessen,DE-HE,A65-A69,A65-A69 Sonstige Spirochätenkrankheiten,,0.0,0.0
2024,Hessen,DE-HE,A70-A74,A70-A74 Sonstige Krankheiten durch Chlamydien,,,
2024,Hessen,DE-HE,A75-A79,A75-A79 Rickettsiosen,,,
2024,Hessen,DE-HE,A80-A89,A80-A89 Virusinfektionen des Zentralnervensystems,28,0.4,0.5
2024,Hessen,DE-HE,A90-A99,A90-A99 Durch Arthropoden übertragene Viruskrankheiten und virale hämorrhagische Fieber,,,
2024,Hessen,DE-HE,B00-B09,"B00-B09 Virusinfektionen, durch Haut- und Schleimhautläsionen gekennzeichnet",25,0.4,0.4
2024,Hessen,DE-HE,B15-B19,B15-B19 Virushepatitis,30,0.5,0.5
2024,Hessen,DE-HE,B20-B24,B20-B24 HIV-Krankheit (Humane Immundefizienz-Viruskrankheit),21,0.3,0.3
2024,Hessen,DE-HE,B25-B34,B25-B34 Sonstige Viruskrankheiten,6,0.1,0.1
2024,Hessen,DE-HE,B35-B49,B35-B49 Mykosen,19,0.3,0.3
2024,Hessen,DE-HE,B50-B64,B50-B64 Protozoenkrankheiten,,0.0,0.0
2024,Hessen,DE-HE,B65-B83,B65-B83 Helminthosen,,,
2024,Hessen,DE-HE,B85-B89,"B85-B89 Pedikulose, Akarinose und sonstiger Parasitenbefall der Haut",,,
2024,Hessen,DE-HE,B90-B94,B90-B94 Folgezustände von infektiösen und parasitären Krankheiten,9,0.1,0.2
2024,Hessen,DE-HE,B99-B99,B99-B99 Sonstige Infektionskrankheiten,211,3.4,3.5
2024,Hessen,DE-HE,C00-D48,C00-D48 Neubildungen,16777,267.4,277.0
2024,Hessen,DE-HE,C00-C97,C00-C97 Bösartige Neubildungen,16210,258.4,267.7
2024,Hessen,DE-HE,C00-C75,"C00-C75 Bösartige Neubildungen an genau bezeichneten Lokalisationen, als primär festgestellt oder vermutet, ausgenommen lymphatisches, blutbildendes und verwandtes Gewebe",14038,223.7,231.6
2024,Hessen,DE-HE,C00-C14,"C00-C14 Bösartige Neubildungen der Lippe, der Mundhöhle und des Pharynx",350,5.6,5.7
2024,Hessen,DE-HE,C15-C26,C15-C26 Bösartige Neubildungen der Verdauungsorgane,5015,79.9,82.7
2024,Hessen,DE-HE,C18-C21,"C18-C21 Bösartige Neubildung des Kolons, des Rektums und des Anus",1595,25.4,26.3
2024,Hessen,DE-HE,C19-C21,C19-C21 Bösartige Neubildung des Rektums und des Anus,581,9.3,9.6
2024,Hessen,DE-HE,C30-C39,C30-C39 Bösartige Neubildungen der Atmungsorgane und sonstiger intrathorakaler Organe,3173,50.6,52.3
2024,Hessen,DE-HE,C32-C34,"C32-C34 Bösartige Neubildung des Larynx, der Trachea, der Bronchien und der Lunge",3143,50.1,51.8
2024,Hessen,DE-HE,C33-C34,"C33-C34 Bösartige Neubildung der Trachea, Bronchien und der Lunge",3079,49.1,50.7
2024,Hessen,DE-HE,C40-C41,C40-C41 Bösartige Neubildungen des Knochens und des Gelenkknorpels,34,0.5,0.6
2024,Hessen,DE-HE,C43-C44,C43-C44 Melanom und sonstige bösartige Neubildungen der Haut,337,5.4,5.6
2024,Hessen,DE-HE,C45-C49,C45-C49 Bösartige Neubildungen des mesothelialen Gewebes und des Weichteilgewebes,232,3.7,3.9
2024,Hessen,DE-HE,C50-C50,C50-C50 Bösartige Neubildung der Brustdrüse,1388,22.1,22.9
2024,Hessen,DE-HE,C51-C58,C51-C58 Bösartige Neubildungen der weiblichen Genitalorgane,,,
2024,Hessen,DE-HE,C54-C55,C54-C55 Bösartige Neubildung sonstiger Teile der Gebärmutter,,,
2024,Hessen,DE-HE,C60-C63,C60-C63 Bösartige Neubildungen der männlichen Genitalorgane,,,
2024,Hessen,DE-HE,C64-C68,C64-C68 Bösartige Neubildungen der Harnorgane,1138,18.1,18.8
2024,Hessen,DE-HE,C69-C72,"C69-C72 Bösartige Neubildungen des Auges, des Gehirns und sonstiger Teile des Zentralnervensystems",465,7.4,7.6
2024,Hessen,DE-HE,C73-C75,C73-C75 Bösartige Neubildungen der Schilddrüse und sonstiger endokriner Drüsen,55,0.9,0.9
2024,Hessen,DE-HE,C76-C80,"C76-C80 Bösartige Neubildungen ungenau bezeichneter, sekundärer und nicht näher bezeichneter Lokalisationen",749,11.9,12.4
2024,Hessen,DE-HE,C81-C96,"C81-C96 Bösartige Neubildungen des lymphatischen, blutbildenden und verwandten Gewebes, als primär festgestellt oder vermutet",1423,22.7,23.6
2024,Hessen,DE-HE,C91-C95,C91-C95 Leukämie,590,9.4,9.8
2024,Hessen,DE-HE,C97-C97,C97-C97 Bösartige Neubildungen als Primärtumoren an mehreren Lokalisationen,,,
2024,Hessen,DE-HE,D00-D09,D00-D09 In-situ-Neubildungen,,,
2024,Hessen,DE-HE,D10-D36,D10-D36 Gutartige Neubildungen,53,0.8,0.9
2024,Hessen,DE-HE,D37-D48,D37-D48 Neubildungen unsicheren oder unbekannten Verhaltens,514,8.2,8.5
2024,Hessen,DE-HE,D50-D90,D50-D90 Krankheiten des Blutes und der blutbildenden Organe sowie bestimmte Störungen mit Beteiligung des Immunsystems,305,4.9,5.0
2024,Hessen,DE-HE,D50-D53,D50-D53 Alimentäre Anämien,7,0.1,0.1
2024,Hessen,DE-HE,D55-D59,D55-D59 Hämolytische Anämien,9,0.1,0.2
2024,Hessen,DE-HE,D60-D64,D60-D64 Aplastische und sonstige Anämien,72,1.1,1.2
2024,Hessen,DE-HE,D65-D69,"D65-D69 Koagulopathien, Purpura und sonstige hämorrhagische Diathesen",171,2.7,2.8
2024,Hessen,DE-HE,D70-D77,D70-D77 Sonstige Krankheiten des Blutes und der blutbildenden Organe,17,0.3,0.3
2024,Hessen,DE-HE,D80-D90,D80-D90 Bestimmte Störungen mit Beteiligung des Immunsystems,29,0.5,0.5
2024,Hessen,DE-HE,E00-E90,"E00-E90 Endokrine, Ernährungs- und Stoffwechselkrankheiten",2791,44.5,46.2
2024,Hessen,DE-HE,E00-E07,E00-E07 Krankheiten der Schilddrüse,32,0.5,0.5
2024,Hessen,DE-HE,E10-E14,E10-E14 Diabetes mellitus,1921,30.6,31.7
2024,Hessen,DE-HE,E15-E16,E15-E16 Sonstige Störungen der Blutglukose-Regulation und der inneren Sekretion des Pankreas,6,0.1,0.1
2024,Hessen,DE-HE,E20-E35,E20-E35 Krankheiten sonstiger endokriner Drüsen,11,0.2,0.2
2024,Hessen,DE-HE,E40-E46,E40-E46 Mangelernährung,56,0.9,0.9
2024,Hessen,DE-HE,E50-E64,E50-E64 Sonstige alimentäre Mangelzustände,8,0.1,0.1
2024,Hessen,DE-HE,E65-E68,E65-E68 Adipositas und sonstige Überernährung,156,2.5,2.5
2024,Hessen,DE-HE,E70-E90,E70-E90 Stoffwechselstörungen,601,9.6,10.0
2024,Hessen,DE-HE,F00-F99,F00-F99 Psychische und Verhaltensstörungen,4794,76.4,79.6
2024,Hessen,DE-HE,F00-F09,"F00-F09 Organische, einschließlich symptomatischer psychischer Störungen",4199,66.9,69.9
2024,Hessen,DE-HE,F00-F03,F00-F03 Demenz,4162,66.3,69.3
2024,Hessen,DE-HE,F10-F19,F10-F19 Psychische und Verhaltensstörungen durch psychotrope Substanzen,493,7.9,8.0
2024,Hessen,DE-HE,F20-F29,"F20-F29 Schizophrenie, schizotype und wahnhafte Störungen",27,0.4,0.4
2024,Hessen,DE-HE,F30-F39,F30-F39 Affektive Störungen,56,0.9,0.9
2024,Hessen,DE-HE,F32-F34,F32-F34 Depression,52,0.8,0.9
2024,Hessen,DE-HE,F40-F48,"F40-F48 Neurotische, Belastungs- und somatoforme Störungen",4,0.1,0.1
2024,Hessen,DE-HE,F40-F41,F40-F41 Phobische und andere Angststörungen,3,0.0,0.0
2024,Hessen,DE-HE,F50-F59,F50-F59 Verhaltensauffälligkeiten mit körperlichen Störungen und Faktoren,4,0.1,0.1
2024,Hessen,DE-HE,F60-F69,F60-F69 Persönlichkeits- und Verhaltensstörungen,4,0.1,0.1
2024,Hessen,DE-HE,F70-F79,F70-F79 Intelligenzminderung,,0.0,0.0
2024,Hessen,DE-HE,F80-F89,F80-F89 Entwicklungsstörungen,4,0.1,0.1
2024,Hessen,DE-HE,F90-F98,F90-F98 Verhaltens- und emotionale Störungen mit Beginn in der Kindheit und Jugend,,0.0,0.0
2024,Hessen,DE-HE,F99-F99,F99-F99 Nicht näher bezeichnete psychische Störungen,,,
2024,Hessen,DE-HE,G00-H95,G00-H95 Krankheiten des Nervensystems und der Sinnesorgane,2727,43.5,45.3
2024,Hessen,DE-HE,G00-G99,G00-G99 Krankheiten des Nervensystems,2722,43.4,45.2
2024,Hessen,DE-HE,G00-G09,G00-G09 Entzündliche Krankheiten des Zentralnervensystems,48,0.8,0.8
2024,Hessen,DE-HE,G00-G03,G00-G03 Meningitis,23,0.4,0.4
2024,Hessen,DE-HE,G10-G14,"G10-G14 Systematrophien, die vorwiegend das Zentralnervensystem betreffen",201,3.2,3.3
2024,Hessen,DE-HE,G20-G26,G20-G26 Extrapyramidale Krankheiten und Bewegungsstörungen,1096,17.5,18.3
2024,Hessen,DE-HE,G30-G32,G30-G32 Sonstige degenerative Krankheiten des Nervensystems,653,10.4,10.9
2024,Hessen,DE-HE,G35-G37,G35-G37 Demyelinisierende Krankheiten des Zentralnervensystems,148,2.4,2.4
2024,Hessen,DE-HE,G40-G47,G40-G47 Episodische und paroxysmale Krankheiten des Nervensystems,321,5.1,5.3
2024,Hessen,DE-HE,G40-G41,G40-G41 Epilepsie,298,4.7,4.9
2024,Hessen,DE-HE,G50-G59,"G50-G59 Krankheiten von Nerven, Nervenwurzeln und Nervenplexus",,0.0,0.0
2024,Hessen,DE-HE,G60-G64,G60-G64 Polyneuropathien und sonstige Krankheiten des peripheren Nervensystems,43,0.7,0.7
2024,Hessen,DE-HE,G70-G73,G70-G73 Krankheiten im Bereich der neuromuskulären Synapse und des Muskels,54,0.9,0.9
2024,Hessen,DE-HE,G80-G83,G80-G83 Zerebrale Lähmung und sonstige Lähmungssyndrome,35,0.6,0.6
2024,Hessen,DE-HE,G90-G99,G90-G99 Sonstige Krankheiten des Nervensystems,122,1.9,2.0
2024,Hessen,DE-HE,H00-H59,H00-H59 Krankheiten des Auges und der Augenanhangsgebilde,,0.0,0.0
2024,Hessen,DE-HE,H00-H06,"H00-H06 Affektionen des Augenlides, des Tränenapparates und der Orbita",,,
2024,Hessen,DE-HE,H10-H13,H10-H13 Affektionen der Konjunktiva,,,
2024,Hessen,DE-HE,H15-H22,"H15-H22 Affektionen der Sklera, der Hornhaut, der Iris und des Ziliarkörpers",,,
2024,Hessen,DE-HE,H25-H28,H25-H28 Affektionen der Linse,,,
2024,Hessen,DE-HE,H30-H36,H30-H36 Affektionen der Aderhaut und der Netzhaut,,0.0,0.0
2024,Hessen,DE-HE,H40-H42,H40-H42 Glaukom,,,
2024,Hessen,DE-HE,H43-H45,H43-H45 Affektionen des Glaskörpers und des Augapfels,,,
2024,Hessen,DE-HE,H46-H48,H46-H48 Affektionen des Nervus opticus und der Sehbahn,,,
2024,Hessen,DE-HE,H49-H52,"H49-H52 Affektionen der Augenmuskeln, Störungen der Blickbewegungen sowie Akkommodationsstörungen und Refraktionsfehler",,,
2024,Hessen,DE-HE,H53-H54,H53-H54 Sehstörungen und Blindheit,,,
2024,Hessen,DE-HE,H55-H59,H55-H59 Sonstige Affektionen des Auges und der Augenanhangsgebilde,,,
2024,Hessen,DE-HE,H60-H95,H60-H95 Krankheiten des Ohres und des Warzenfortsatzes,4,0.1,0.1
2024,Hessen,DE-HE,H60-H62,H60-H62 Krankheiten des äußeren Ohres,,,
2024,Hessen,DE-HE,H65-H75,H65-H75 Krankheiten des Mittelohres und des Warzenfortsatzes,3,0.0,0.1
2024,Hessen,DE-HE,H80-H83,H80-H83 Krankheiten des Innenohres,,0.0,0.0
2024,Hessen,DE-HE,H90-H95,H90-H95 Sonstige Krankheiten des Ohres,,,
2024,Hessen,DE-HE,H90-H91,H90-H91 Hörverlust,,,
2024,Hessen,DE-HE,I00-I99,I00-I99 Krankheiten des Kreislaufsystems,25446,405.6,421.7
2024,Hessen,DE-HE,I00-I02,I00-I02 Akutes rheumatisches Fieber,4,0.1,0.1
2024,Hessen,DE-HE,I05-I09,I05-I09 Chronische rheumatische Herzkrankheiten,504,8.0,8.3
2024,Hessen,DE-HE,I10-I15,I10-I15 Hypertonie (Hochdruckkrankheit),4303,68.6,71.5
2024,Hessen,DE-HE,I20-I25,I20-I25 Ischämische Herzkrankheiten,8752,139.5,144.7
2024,Hessen,DE-HE,I21-I22,I21-I22 Herzinfarkt,3204,51.1,52.9
2024,Hessen,DE-HE,I26-I28,I26-I28 Pulmonale Herzkrankheit und Krankheiten des Lungenkreislaufes,471,7.5,7.8
2024,Hessen,DE-HE,I30-I52,I30-I52 Sonstige Formen der Herzkrankheit,6501,103.6,107.8
2024,Hessen,DE-HE,I60-I69,I60-I69 Zerebrovaskuläre Krankheiten,3799,60.5,63.2
2024,Hessen,DE-HE,I60-I61,I60-I61 Subarachnoidalblutung und intrazerebrale Blutung,757,12.1,12.6
2024,Hessen,DE-HE,I70-I79,"I70-I79 Krankheiten der Arterien, Arteriolen und Kapillaren",926,14.8,15.3
2024,Hessen,DE-HE,I80-I89,"I80-I89 Krankheiten der Venen, der Lymphgefäße und der Lymphknoten andernorts nicht klassifiziert",178,2.8,3.0
2024,Hessen,DE-HE,I95-I99,I95-I99 Sonstige und nicht näher bezeichnete Krankheiten des Kreislaufsystems,8,0.1,0.1
2024,Hessen,DE-HE,J00-J99,J00-J99 Krankheiten des Atmungssystems,5532,88.2,91.6
2024,Hessen,DE-HE,J00-J06,J00-J06 Akute Infektionen der oberen Atemwege,14,0.2,0.2
2024,Hessen,DE-HE,J09-J18,J09-J18 Grippe und Pneumonie,1847,29.4,30.6
2024,Hessen,DE-HE,J09-J11,J09-J11 Grippe,240,3.8,4.0
2024,Hessen,DE-HE,J12-J18,J12-J18 Pneumonie,1607,25.6,26.7
2024,Hessen,DE-HE,J20-J22,J20-J22 Sonstige akute Infektionen der unteren Atemwege,10,0.2,0.2
2024,Hessen,DE-HE,J30-J39,J30-J39 Sonstige Krankheiten der oberen Atemwege,6,0.1,0.1
2024,Hessen,DE-HE,J40-J47,J40-J47 Chronische Krankheiten der unteren Atemwege,2729,43.5,45.1
2024,Hessen,DE-HE,J45-J46,J45-J46 Asthma,83,1.3,1.4
2024,Hessen,DE-HE,J60-J70,J60-J70 Lungenkrankheiten durch exogene Substanzen,428,6.8,7.1
2024,Hessen,DE-HE,J80-J84,"J80-J84 Sonstige Krankheiten der Atmungsorgane, die hauptsächlich das Interstitium betreffen",329,5.2,5.4
2024,Hessen,DE-HE,J85-J86,J85-J86 Purulente und nekrotisierende Krankheitszustände der unteren Atemwege,59,0.9,1.0
2024,Hessen,DE-HE,J90-J94,J90-J94 Sonstige Krankheiten der Pleura,33,0.5,0.6
2024,Hessen,DE-HE,J95-J99,J95-J99 Sonstige Krankheiten des Atmungssystems,77,1.2,1.3
2024,Hessen,DE-HE,K00-K93,K00-K93 Krankheiten des Verdauungssystems,3056,48.7,50.4
2024,Hessen,DE-HE,K00-K14,"K00-K14 Krankheiten der Mundhöhle, der Speicheldrüsen und der Kiefer",9,0.1,0.2
2024,Hessen,DE-HE,K20-K31,"K20-K31 Krankheiten des Ösophagus, des Magens und des Duodenums",349,5.6,5.8
2024,Hessen,DE-HE,K25-K28,"K25-K28 Ulcus ventriculi, Ulcus duodeni, Ulcus pepticum",242,3.9,4.0
2024,Hessen,DE-HE,K35-K38,K35-K38 Krankheiten der Appendix,9,0.1,0.2
2024,Hessen,DE-HE,K40-K46,K40-K46 Hernien,54,0.9,0.9
2024,Hessen,DE-HE,K50-K52,K50-K52 Nichtinfektiöse Enteritis und Kolitis,43,0.7,0.7
2024,Hessen,DE-HE,K55-K64,K55-K64 Sonstige Krankheiten des Darmes,729,11.6,12.1
2024,Hessen,DE-HE,K65-K67,K65-K67 Krankheiten des Peritoneums,45,0.7,0.7
2024,Hessen,DE-HE,K70-K77,K70-K77 Krankheiten der Leber,974,15.5,15.9
2024,Hessen,DE-HE,K80-K87,"K80-K87 Krankheiten der Gallenblase, der Gallenwege und des Pankreas",361,5.8,6.0
2024,Hessen,DE-HE,K90-K93,K90-K93 Sonstige Krankheiten des Verdauungssystems,483,7.7,8.0
2024,Hessen,DE-HE,L00-L99,L00-L99 Krankheiten der Haut und der Unterhaut,155,2.5,2.6
2024,Hessen,DE-HE,L00-L08,L00-L08 Infektionen der Haut und der Unterhaut,42,0.7,0.7
2024,Hessen,DE-HE,L10-L14,L10-L14 Bullöse Dermatosen,9,0.1,0.1
2024,Hessen,DE-HE,L20-L30,L20-L30 Dermatitis und Ekzem,,0.0,0.0
2024,Hessen,DE-HE,L40-L45,L40-L45 Papulosquamöse Hautkrankheiten,,0.0,0.0
2024,Hessen,DE-HE,L40-L42,L40-L42 Psoriasis,,0.0,0.0
2024,Hessen,DE-HE,L50-L54,L50-L54 Urtikaria und Erythem,,0.0,0.0
2024,Hessen,DE-HE,L55-L59,L55-L59 Krankheiten der Haut und der Unterhaut durch Strahleneinwirkung,,,
2024,Hessen,DE-HE,L60-L75,L60-L75 Krankheiten der Hautanhangsgebilde,,,
2024,Hessen,DE-HE,L80-L99,L80-L99 Sonstige Krankheiten der Haut und der Unterhaut,100,1.6,1.7
2024,Hessen,DE-HE,M00-M99,M00-M99 Krankheiten des Muskel-Skelett-Systems und des Bindegewebes,357,5.7,5.9
2024,Hessen,DE-HE,M00-M25,M00-M25 Arthropathien,93,1.5,1.5
2024,Hessen,DE-HE,M00-M03,M00-M03 Infektiöse Arthropathien,12,0.2,0.2
2024,Hessen,DE-HE,M05-M14,M05-M14 Entzündliche Polyarthropathien,50,0.8,0.8
2024,Hessen,DE-HE,M15-M19,M15-M19 Arthrose,27,0.4,0.4
2024,Hessen,DE-HE,M20-M25,M20-M25 Sonstige Gelenkkrankheiten,4,0.1,0.1
2024,Hessen,DE-HE,M30-M36,M30-M36 Systemkrankheiten des Bindegewebes,38,0.6,0.6
2024,Hessen,DE-HE,M40-M54,M40-M54 Krankheiten der Wirbelsäule und des Rückens,71,1.1,1.2
2024,Hessen,DE-HE,M40-M43,M40-M43 Deformitäten der Wirbelsäule und des Rückens,5,0.1,0.1
2024,Hessen,DE-HE,M45-M54,M45-M54 Dorsopathien,66,1.1,1.1
2024,Hessen,DE-HE,M45-M49,M45-M49 Spondylopathien,60,1.0,1.0
2024,Hessen,DE-HE,M50-M54,M50-M54 Sonstige Krankheiten der Wirbelsäule und des Rückens,6,0.1,0.1
2024,Hessen,DE-HE,M60-M79,M60-M79 Krankheiten der Weichteilgewebe,90,1.4,1.5
2024,Hessen,DE-HE,M60-M63,M60-M63 Krankheiten der Muskeln,42,0.7,0.7
2024,Hessen,DE-HE,M65-M68,M65-M68 Krankheiten der Synovialis und der Sehnen,,0.0,0.0
2024,Hessen,DE-HE,M70-M79,M70-M79 Sonstige Krankheiten des Weichteilgewebes,47,0.7,0.8
2024,Hessen,DE-HE,M80-M94,M80-M94 Osteopathien und Chondropathien,64,1.0,1.1
2024,Hessen,DE-HE,M80-M85,M80-M85 Veränderungen der Knochendichte und -struktur,37,0.6,0.6
2024,Hessen,DE-HE,M80-M82,M80-M82 Osteoporose,37,0.6,0.6
2024,Hessen,DE-HE,M86-M90,M86-M90 Sonstige Osteopathien,26,0.4,0.4
2024,Hessen,DE-HE,M91-M94,M91-M94 Chondropathien,,0.0,0.0
2024,Hessen,DE-HE,M95-M99,M95-M99 Sonstige Krankheiten des Muskel-Skelett-Systems und des Bindegewebes,,0.0,0.0
2024,Hessen,DE-HE,N00-N99,N00-N99 Krankheiten des Urogenitalsystems,2293,36.5,38.1
2024,Hessen,DE-HE,N00-N29,N00-N29 Krankheiten der Niere und des Ureters,1523,24.3,25.4
2024,Hessen,DE-HE,N00-N08,N00-N08 Glomeruläre Krankheiten,21,0.3,0.4
2024,Hessen,DE-HE,N10-N16,N10-N16 Tubulointerstitielle Nierenkrankheiten,68,1.1,1.1
2024,Hessen,DE-HE,N17-N19,N17-N19 Niereninsuffizienz,1391,22.2,23.2
2024,Hessen,DE-HE,N20-N23,N20-N23 Urolithiasis,22,0.4,0.4
2024,Hessen,DE-HE,N25-N29,N25-N29 Sonstige Krankheiten der Niere und des Ureters,21,0.3,0.3
2024,Hessen,DE-HE,N30-N39,N30-N39 Sonstige Krankheiten des Harnsystems,699,11.1,11.6
2024,Hessen,DE-HE,N40-N51,N40-N51 Krankheiten der männlichen Genitalorgane,,,
2024,Hessen,DE-HE,N60-N64,N60-N64 Krankheiten der Mamma (Brustdrüse),,0.0,0.0
2024,Hessen,DE-HE,N70-N77,N70-N77 Entzündliche Krankheiten der weiblichen Beckenorgane,,,
2024,Hessen,DE-HE,N80-N98,N80-N98 Nichtentzündliche Krankheiten des weiblichen Genitaltraktes,,,
2024,Hessen,DE-HE,O00-O99,"O00-O99 Schwangerschaft, Geburt und Wochenbett",,,
2024,Hessen,DE-HE,O00-O08,O00-O08 Schwangerschaft mit abortivem Ausgang,,,
2024,Hessen,DE-HE,O10-O16,"O10-O16 Ödeme, Proteinurie und Hypertonie während der Schwangerschaft, der Geburt und des Wochenbettes",,,
2024,Hessen,DE-HE,O20-O29,"O20-O29 Sonstige Krankheiten der Mutter, die vorwiegend mit der Schwangerschaft verbunden sind",,,
2024,Hessen,DE-HE,O30-O48,O30-O48 Betreuung der Mutter im Hinblick auf den Fetus und die Amnionhöhle sowie mögliche Entbindungskomplikationen,,,
2024,Hessen,DE-HE,O60-O75,O60-O75 Komplikationen bei Wehentätigkeit und Entbindung,,,
2024,Hessen,DE-HE,O80-O84,O80-O84 Entbindung,,,
2024,Hessen,DE-HE,O85-O92,"O85-O92 Komplikationen, die vorwiegend im Wochenbett auftreten",,,
2024,Hessen,DE-HE,O94-O99,"O94-O99 Sonstige Krankheitszustände während der Gestationsperiode, die andernorts nicht klassifiziert sind",,,
2024,Hessen,DE-HE,P00-P96,"P00-P96 Bestimmte Zustände, die ihren Ursprung in der Perinatalperiode haben",103,1.6,1.7
2024,Hessen,DE-HE,P00-P04,"P00-P04 Schädigung des Fetus und Neugeborenen durch mütterliche Faktoren und durch Komplikationen bei Schwangerschaft, Wehentätigkeit und Entbindung",9,0.1,0.2
2024,Hessen,DE-HE,P05-P08,P05-P08 Störungen im Zusammenhang mit der Schwangerschaftsdauer und dem fetalen Wachstum,31,0.5,0.5
2024,Hessen,DE-HE,P10-P15,P10-P15 Geburtstrauma,,,
2024,Hessen,DE-HE,P20-P29,"P20-P29 Krankheiten des Atmungs- und Herz-Kreislaufsystems, die für die Perinatalperiode spezifisch sind",27,0.4,0.5
2024,Hessen,DE-HE,P35-P39,"P35-P39 Infektionen, die für die Perinatalperiode spezifisch sind",6,0.1,0.1
2024,Hessen,DE-HE,P50-P61,P50-P61 Hämorrhagische und hämatologische Krankheiten beim Fetus und Neugeborenen,,,
2024,Hessen,DE-HE,P70-P74,"P70-P74 Transitorische endokrine und Stoffwechselstörungen, die für den Fetus und das Neugeborene spezifisch sind",,,
2024,Hessen,DE-HE,P75-P78,P75-P78 Krankheiten des Verdauungssystems beim Fetus und Neugeborenen,5,0.1,0.1
2024,Hessen,DE-HE,P80-P83,P80-P83 Krankheitszustände mit Beteiligung der Haut und der Temperaturregulation beim Fetus und Neugeborenen,,0.0,0.0
2024,Hessen,DE-HE,P90-P96,"P90-P96 Sonstige Störungen, die ihren Ursprung in der Perinatalperiode haben",24,0.4,0.4
2024,Hessen,DE-HE,Q00-Q99,"Q00-Q99 Angeborene Fehlbildungen, Deformitäten und Chromosomenanomalien",161,2.6,2.7
2024,Hessen,DE-HE,Q00-Q07,Q00-Q07 Angeborene Fehlbildungen des Nervensystems,20,0.3,0.3
2024,Hessen,DE-HE,Q10-Q18,"Q10-Q18 Angeborene Fehlbildungen des Auges, des Ohres, des Gesichtes und des Halses",,,
2024,Hessen,DE-HE,Q20-Q28,Q20-Q28 Angeborene Fehlbildungen des Kreislaufsystems,45,0.7,0.7
2024,Hessen,DE-HE,Q30-Q34,Q30-Q34 Angeborene Fehlbildungen des Atmungssystems,,0.0,0.0
2024,Hessen,DE-HE,Q35-Q37,"Q35-Q37 Lippen-, Kiefer- und Gaumenspalte",,,
2024,Hessen,DE-HE,Q38-Q45,Q38-Q45 Sonstige angeborene Fehlbildungen des Verdauungssystems,4,0.1,0.1
2024,Hessen,DE-HE,Q50-Q56,Q50-Q56 Angeborene Fehlbildungen der Genitalorgane,,,
2024,Hessen,DE-HE,Q60-Q64,Q60-Q64 Angeborene Fehlbildungen des Harnsystems,8,0.1,0.1
2024,Hessen,DE-HE,Q65-Q79,Q65-Q79 Angeborene Fehlbildung und Deformitäten des Muskel-Skelett-Systems,8,0.1,0.1
2024,Hessen,DE-HE,Q80-Q89,Q80-Q89 Sonstige angeborene Fehlbildungen,19,0.3,0.3
2024,Hessen,DE-HE,Q90-Q99,"Q90-Q99 Chromosomenanomalien, anderenorts nicht klassifiziert",56,0.9,0.9
2024,Hessen,DE-HE,R00-R99,"R00-R99 Symptome und abnorme klinische und Laborbefunde, die andernorts nicht klassifiziert sind",1433,22.8,23.5
2024,Hessen,DE-HE,R00-R09,"R00-R09 Symptome, die das Kreislaufsystem und das Atmungssystem betreffen",21,0.3,0.3
2024,Hessen,DE-HE,R10-R19,"R10-R19 Symptome, die das Verdauungssystem und das Abdomen betreffen",7,0.1,0.1
2024,Hessen,DE-HE,R20-R23,"R20-R23 Symptome, die die Haut und das Unterhautgewebe betreffen",,,
2024,Hessen,DE-HE,R25-R29,"R25-R29 Symptome, die das Nervensystem und das Muskel-Skelett-System betreffen",3,0.0,0.0
2024,Hessen,DE-HE,R30-R39,"R30-R39 Symptome, die das Harnsystem betreffen",,0.0,0.0
2024,Hessen,DE-HE,R40-R46,"R40-R46 Symptome, die das Erkennungs- und Wahrnehmungsvermögen, die Stimmung und das Verhalten betreffen",3,0.0,0.0
2024,Hessen,DE-HE,R47-R49,"R47-R49 Symptome, die die Sprache und die Stimme betreffen",,,
2024,Hessen,DE-HE,R50-R69,R50-R69 Allgemeinsymptome,125,2.0,2.1
2024,Hessen,DE-HE,R70-R79,R70-R79 Abnorme Blutuntersuchungsbefunde ohne Vorliegen einer Diagnose,,0.0,0.0
2024,Hessen,DE-HE,R80-R82,R80-R82 Abnorme Urinuntersuchungsbefunde ohne Vorliegen einer Diagnose,,,
2024,Hessen,DE-HE,R83-R89,"R83-R89 Abnorme Befunde ohne Vorliegen einer Diagnose bei der Untersuchung anderer Körperflüssigkeiten, Substanzen und Gewebe",,,
2024,Hessen,DE-HE,R90-R94,R90-R94 Abnorme Befunde ohne Vorliegen einer Diagnose bei bildgebender Diagnostik und Funktionsprüfungen,,0.0,0.0
2024,Hessen,DE-HE,R95-R99,R95-R99 Ungenau bezeichnete und unbekannte Todesursachen,1270,20.2,20.8
2024,Hessen,DE-HE,R96-R99,R96-R99 Unbekannte Todesursache,1264,20.1,20.7
2024,Hessen,DE-HE,S00-T98,"S00-T98 Verletzungen, Vergiftungen und bestimmte andere Folgen äußerer Ursachen",3270,52.1,53.7
2024,Hessen,DE-HE,S00-T14,S00-T14 Verletzungen,2219,35.4,36.6
2024,Hessen,DE-HE,S00-S09,S00-S09 Verletzungen des Kopfes,750,12.0,12.3
2024,Hessen,DE-HE,S10-S19,S10-S19 Verletzungen des Halses,117,1.9,1.9
2024,Hessen,DE-HE,S20-S29,S20-S29 Verletzungen des Thorax,134,2.1,2.2
2024,Hessen,DE-HE,S30-S39,"S30-S39 Verletzungen des Abdomens, der Lumbosakralgegend, der Lendenwirbelsäule und des Beckens",107,1.7,1.8
2024,Hessen,DE-HE,S40-S49,S40-S49 Verletzungen der Schulter und des Oberarmes,42,0.7,0.7
2024,Hessen,DE-HE,S50-S59,S50-S59 Verletzungen des Ellenbogens und des Unterarmes,8,0.1,0.1
2024,Hessen,DE-HE,S60-S69,S60-S69 Verletzungen des Handgelenkes und der Hand,17,0.3,0.3
2024,Hessen,DE-HE,S70-S79,S70-S79 Verletzungen der Hüfte und des Oberschenkels,616,9.8,10.2
2024,Hessen,DE-HE,S80-S89,S80-S89 Verletzungen des Knies und des Unterschenkels,39,0.6,0.6
2024,Hessen,DE-HE,S90-S99,S90-S99 Verletzungen der Knöchelregion und des Fußes,,,
2024,Hessen,DE-HE,T00-T07,T00-T07 Verletzungen mit Beteiligung mehrerer Körperregionen,227,3.6,3.6
2024,Hessen,DE-HE,T08-T14,"T08-T14 Verletzungen nicht näher bezeichneter Teile des Rumpfes, der Extremitäten oder anderer Körperregionen",162,2.6,2.7
2024,Hessen,DE-HE,T15-T19,T15-T19 Folgen des Eindringens eines Fremdkörpers durch eine natürliche Körperöffnung,129,2.1,2.2
2024,Hessen,DE-HE,T20-T32,T20-T32 Verbrennungen oder Verätzungen,33,0.5,0.5
2024,Hessen,DE-HE,T20-T25,"T20-T25 Verbrennungen oder Verätzungen der äußeren Körperoberfläche, Lokalisation bezeichnet",,0.0,0.0
2024,Hessen,DE-HE,T26-T28,"T26-T28 Verbrennungen oder Verätzungen, die auf das Auge und auf innere Organe begrenzt sind",,0.0,0.0
2024,Hessen,DE-HE,T29-T32,T29-T32 Verbrennungen oder Verätzungen mehrerer und nicht näher bezeichneter Körperregionen,29,0.5,0.5
2024,Hessen,DE-HE,T33-T35,T33-T35 Erfrierungen,4,0.1,0.1
2024,Hessen,DE-HE,T36-T50,"T36-T50 Vergiftungen durch Arzneimittel, Drogen und biologisch aktive Substanzen",239,3.8,3.9
2024,Hessen,DE-HE,T51-T65,T51-T65 Toxische Wirkungen von vorwiegend nicht medizinisch verwendeten Substanzen,89,1.4,1.4
2024,Hessen,DE-HE,T66-T78,T66-T78 Sonstige und nicht näher bezeichnete Schäden durch äußere Ursachen,391,6.2,6.3
2024,Hessen,DE-HE,T79-T79,T79-T79 Bestimmte Frühkomplikationen eines Traumas,11,0.2,0.2
2024,Hessen,DE-HE,T80-T88,"T80-T88 Komplikationen bei chirurgischen Eingriffen und medizinischer Behandlung, anderenorts nicht klassifiziert",95,1.5,1.6
2024,Hessen,DE-HE,T90-T98,"T90-T98 Folgen von Verletzungen, Vergiftungen und sonstigen Auswirkungen äußerer Ursachen",60,1.0,1.0
2024,Hessen,DE-HE,U00-U99,U00-U99 Schlüsselnummern für besondere Zwecke,1050,16.7,17.5
2024,Hessen,DE-HE,U00-U49,U00-U49 Vorläufige Zuordnungen für Krankheiten mit unklarer Ätiologie und nicht belegte Schlüsselnummern,1050,16.7,17.5
2024,Mecklenburg-Vorpommern,DE-MV,,Alle Krankheiten und Folgen äußerer Ursachen,23927,1518.4,1280.6
2024,Mecklenburg-Vorpommern,DE-MV,A00-B99,A00-B99 Bestimmte infektiöse und parasitäre Krankheiten,385,24.4,20.8
2024,Mecklenburg-Vorpommern,DE-MV,A00-A09,A00-A09 Infektiöse Darmkrankheiten,121,7.7,6.4
2024,Mecklenburg-Vorpommern,DE-MV,A15-A19,A15-A19 Tuberkulose,4,0.3,0.3
2024,Mecklenburg-Vorpommern,DE-MV,A20-A28,A20-A28 Bestimmte bakterielle Zoonosen,,,
2024,Mecklenburg-Vorpommern,DE-MV,A30-A49,A30-A49 Sonstige bakterielle Krankheiten,186,11.8,10.1
2024,Mecklenburg-Vorpommern,DE-MV,A50-A64,"A50-A64 Infektionen, vorwiegend durch Geschlechtsverkehr übertragen",,,
2024,Mecklenburg-Vorpommern,DE-MV,A65-A69,A65-A69 Sonstige Spirochätenkrankheiten,,,
2024,Mecklenburg-Vorpommern,DE-MV,A70-A74,A70-A74 Sonstige Krankheiten durch Chlamydien,,,
2024,Mecklenburg-Vorpommern,DE-MV,A75-A79,A75-A79 Rickettsiosen,,,
2024,Mecklenburg-Vorpommern,DE-MV,A80-A89,A80-A89 Virusinfektionen des Zentralnervensystems,8,0.5,0.4
2024,Mecklenburg-Vorpommern,DE-MV,A90-A99,A90-A99 Durch Arthropoden übertragene Viruskrankheiten und virale hämorrhagische Fieber,,,
2024,Mecklenburg-Vorpommern,DE-MV,B00-B09,"B00-B09 Virusinfektionen, durch Haut- und Schleimhautläsionen gekennzeichnet",7,0.4,0.4
2024,Mecklenburg-Vorpommern,DE-MV,B15-B19,B15-B19 Virushepatitis,8,0.5,0.5
2024,Mecklenburg-Vorpommern,DE-MV,B20-B24,B20-B24 HIV-Krankheit (Humane Immundefizienz-Viruskrankheit),6,0.4,0.4
2024,Mecklenburg-Vorpommern,DE-MV,B25-B34,B25-B34 Sonstige Viruskrankheiten,,0.1,0.1
2024,Mecklenburg-Vorpommern,DE-MV,B35-B49,B35-B49 Mykosen,8,0.5,0.4
2024,Mecklenburg-Vorpommern,DE-MV,B50-B64,B50-B64 Protozoenkrankheiten,,,
2024,Mecklenburg-Vorpommern,DE-MV,B65-B83,B65-B83 Helminthosen,,,
2024,Mecklenburg-Vorpommern,DE-MV,B85-B89,"B85-B89 Pedikulose, Akarinose und sonstiger Parasitenbefall der Haut",,,
2024,Mecklenburg-Vorpommern,DE-MV,B90-B94,B90-B94 Folgezustände von infektiösen und parasitären Krankheiten,5,0.3,0.3
2024,Mecklenburg-Vorpommern,DE-MV,B99-B99,B99-B99 Sonstige Infektionskrankheiten,31,2.0,1.7
2024,Mecklenburg-Vorpommern,DE-MV,C00-D48,C00-D48 Neubildungen,6182,392.3,330.6
2024,Mecklenburg-Vorpommern,DE-MV,C00-C97,C00-C97 Bösartige Neubildungen,6020,382.0,322.2
2024,Mecklenburg-Vorpommern,DE-MV,C00-C75,"C00-C75 Bösartige Neubildungen an genau bezeichneten Lokalisationen, als primär festgestellt oder vermutet, ausgenommen lymphatisches, blutbildendes und verwandtes Gewebe",5253,333.4,281.3
2024,Mecklenburg-Vorpommern,DE-MV,C00-C14,"C00-C14 Bösartige Neubildungen der Lippe, der Mundhöhle und des Pharynx",206,13.1,11.0
2024,Mecklenburg-Vorpommern,DE-MV,C15-C26,C15-C26 Bösartige Neubildungen der Verdauungsorgane,1904,120.8,102.2
2024,Mecklenburg-Vorpommern,DE-MV,C18-C21,"C18-C21 Bösartige Neubildung des Kolons, des Rektums und des Anus",579,36.7,31.4
2024,Mecklenburg-Vorpommern,DE-MV,C19-C21,C19-C21 Bösartige Neubildung des Rektums und des Anus,208,13.2,11.3
2024,Mecklenburg-Vorpommern,DE-MV,C30-C39,C30-C39 Bösartige Neubildungen der Atmungsorgane und sonstiger intrathorakaler Organe,1216,77.2,64.5
2024,Mecklenburg-Vorpommern,DE-MV,C32-C34,"C32-C34 Bösartige Neubildung des Larynx, der Trachea, der Bronchien und der Lunge",1199,76.1,63.6
2024,Mecklenburg-Vorpommern,DE-MV,C33-C34,"C33-C34 Bösartige Neubildung der Trachea, Bronchien und der Lunge",1163,73.8,61.7
2024,Mecklenburg-Vorpommern,DE-MV,C40-C41,C40-C41 Bösartige Neubildungen des Knochens und des Gelenkknorpels,13,0.8,0.7
2024,Mecklenburg-Vorpommern,DE-MV,C43-C44,C43-C44 Melanom und sonstige bösartige Neubildungen der Haut,130,8.2,6.9
2024,Mecklenburg-Vorpommern,DE-MV,C45-C49,C45-C49 Bösartige Neubildungen des mesothelialen Gewebes und des Weichteilgewebes,53,3.4,3.0
2024,Mecklenburg-Vorpommern,DE-MV,C50-C50,C50-C50 Bösartige Neubildung der Brustdrüse,431,27.4,23.3
2024,Mecklenburg-Vorpommern,DE-MV,C51-C58,C51-C58 Bösartige Neubildungen der weiblichen Genitalorgane,,,
2024,Mecklenburg-Vorpommern,DE-MV,C54-C55,C54-C55 Bösartige Neubildung sonstiger Teile der Gebärmutter,,,
2024,Mecklenburg-Vorpommern,DE-MV,C60-C63,C60-C63 Bösartige Neubildungen der männlichen Genitalorgane,,,
2024,Mecklenburg-Vorpommern,DE-MV,C64-C68,C64-C68 Bösartige Neubildungen der Harnorgane,462,29.3,24.2
2024,Mecklenburg-Vorpommern,DE-MV,C69-C72,"C69-C72 Bösartige Neubildungen des Auges, des Gehirns und sonstiger Teile des Zentralnervensystems",161,10.2,8.9
2024,Mecklenburg-Vorpommern,DE-MV,C73-C75,C73-C75 Bösartige Neubildungen der Schilddrüse und sonstiger endokriner Drüsen,20,1.3,1.1
2024,Mecklenburg-Vorpommern,DE-MV,C76-C80,"C76-C80 Bösartige Neubildungen ungenau bezeichneter, sekundärer und nicht näher bezeichneter Lokalisationen",278,17.6,14.8
2024,Mecklenburg-Vorpommern,DE-MV,C81-C96,"C81-C96 Bösartige Neubildungen des lymphatischen, blutbildenden und verwandten Gewebes, als primär festgestellt oder vermutet",489,31.0,26.2
2024,Mecklenburg-Vorpommern,DE-MV,C91-C95,C91-C95 Leukämie,200,12.7,10.8
2024,Mecklenburg-Vorpommern,DE-MV,C97-C97,C97-C97 Bösartige Neubildungen als Primärtumoren an mehreren Lokalisationen,,,
2024,Mecklenburg-Vorpommern,DE-MV,D00-D09,D00-D09 In-situ-Neubildungen,,,
2024,Mecklenburg-Vorpommern,DE-MV,D10-D36,D10-D36 Gutartige Neubildungen,20,1.3,1.1
2024,Mecklenburg-Vorpommern,DE-MV,D37-D48,D37-D48 Neubildungen unsicheren oder unbekannten Verhaltens,142,9.0,7.4
2024,Mecklenburg-Vorpommern,DE-MV,D50-D90,D50-D90 Krankheiten des Blutes und der blutbildenden Organe sowie bestimmte Störungen mit Beteiligung des Immunsystems,69,4.4,3.7
2024,Mecklenburg-Vorpommern,DE-MV,D50-D53,D50-D53 Alimentäre Anämien,9,0.6,0.4
2024,Mecklenburg-Vorpommern,DE-MV,D55-D59,D55-D59 Hämolytische Anämien,,0.1,0.0
2024,Mecklenburg-Vorpommern,DE-MV,D60-D64,D60-D64 Aplastische und sonstige Anämien,25,1.6,1.3
2024,Mecklenburg-Vorpommern,DE-MV,D65-D69,"D65-D69 Koagulopathien, Purpura und sonstige hämorrhagische Diathesen",16,1.0,0.9
2024,Mecklenburg-Vorpommern,DE-MV,D70-D77,D70-D77 Sonstige Krankheiten des Blutes und der blutbildenden Organe,3,0.2,0.1
2024,Mecklenburg-Vorpommern,DE-MV,D80-D90,D80-D90 Bestimmte Störungen mit Beteiligung des Immunsystems,15,1.0,0.8
2024,Mecklenburg-Vorpommern,DE-MV,E00-E90,"E00-E90 Endokrine, Ernährungs- und Stoffwechselkrankheiten",901,57.2,48.3
2024,Mecklenburg-Vorpommern,DE-MV,E00-E07,E00-E07 Krankheiten der Schilddrüse,7,0.4,0.4
2024,Mecklenburg-Vorpommern,DE-MV,E10-E14,E10-E14 Diabetes mellitus,683,43.3,36.4
2024,Mecklenburg-Vorpommern,DE-MV,E15-E16,E15-E16 Sonstige Störungen der Blutglukose-Regulation und der inneren Sekretion des Pankreas,,0.1,0.1
2024,Mecklenburg-Vorpommern,DE-MV,E20-E35,E20-E35 Krankheiten sonstiger endokriner Drüsen,5,0.3,0.3
2024,Mecklenburg-Vorpommern,DE-MV,E40-E46,E40-E46 Mangelernährung,8,0.5,0.4
2024,Mecklenburg-Vorpommern,DE-MV,E50-E64,E50-E64 Sonstige alimentäre Mangelzustände,4,0.3,0.2
2024,Mecklenburg-Vorpommern,DE-MV,E65-E68,E65-E68 Adipositas und sonstige Überernährung,43,2.7,2.4
2024,Mecklenburg-Vorpommern,DE-MV,E70-E90,E70-E90 Stoffwechselstörungen,150,9.5,8.1
2024,Mecklenburg-Vorpommern,DE-MV,F00-F99,F00-F99 Psychische und Verhaltensstörungen,1766,112.1,94.7
2024,Mecklenburg-Vorpommern,DE-MV,F00-F09,"F00-F09 Organische, einschließlich symptomatischer psychischer Störungen",1490,94.6,78.6
2024,Mecklenburg-Vorpommern,DE-MV,F00-F03,F00-F03 Demenz,1484,94.2,78.3
2024,Mecklenburg-Vorpommern,DE-MV,F10-F19,F10-F19 Psychische und Verhaltensstörungen durch psychotrope Substanzen,237,15.0,13.9
2024,Mecklenburg-Vorpommern,DE-MV,F20-F29,"F20-F29 Schizophrenie, schizotype und wahnhafte Störungen",6,0.4,0.3
2024,Mecklenburg-Vorpommern,DE-MV,F30-F39,F30-F39 Affektive Störungen,27,1.7,1.4
2024,Mecklenburg-Vorpommern,DE-MV,F32-F34,F32-F34 Depression,25,1.6,1.3
2024,Mecklenburg-Vorpommern,DE-MV,F40-F48,"F40-F48 Neurotische, Belastungs- und somatoforme Störungen",,0.1,0.1
2024,Mecklenburg-Vorpommern,DE-MV,F40-F41,F40-F41 Phobische und andere Angststörungen,,0.1,0.1
2024,Mecklenburg-Vorpommern,DE-MV,F50-F59,F50-F59 Verhaltensauffälligkeiten mit körperlichen Störungen und Faktoren,3,0.2,0.2
2024,Mecklenburg-Vorpommern,DE-MV,F60-F69,F60-F69 Persönlichkeits- und Verhaltensstörungen,,,
2024,Mecklenburg-Vorpommern,DE-MV,F70-F79,F70-F79 Intelligenzminderung,,0.1,0.1
2024,Mecklenburg-Vorpommern,DE-MV,F80-F89,F80-F89 Entwicklungsstörungen,,,
2024,Mecklenburg-Vorpommern,DE-MV,F90-F98,F90-F98 Verhaltens- und emotionale Störungen mit Beginn in der Kindheit und Jugend,,,
2024,Mecklenburg-Vorpommern,DE-MV,F99-F99,F99-F99 Nicht näher bezeichnete psychische Störungen,,,
2024,Mecklenburg-Vorpommern,DE-MV,G00-H95,G00-H95 Krankheiten des Nervensystems und der Sinnesorgane,866,55.0,46.3
2024,Mecklenburg-Vorpommern,DE-MV,G00-G99,G00-G99 Krankheiten des Nervensystems,864,54.8,46.2
2024,Mecklenburg-Vorpommern,DE-MV,G00-G09,G00-G09 Entzündliche Krankheiten des Zentralnervensystems,27,1.7,1.4
2024,Mecklenburg-Vorpommern,DE-MV,G00-G03,G00-G03 Meningitis,,0.1,0.1
2024,Mecklenburg-Vorpommern,DE-MV,G10-G14,"G10-G14 Systematrophien, die vorwiegend das Zentralnervensystem betreffen",76,4.8,4.0
2024,Mecklenburg-Vorpommern,DE-MV,G20-G26,G20-G26 Extrapyramidale Krankheiten und Bewegungsstörungen,295,18.7,15.7
2024,Mecklenburg-Vorpommern,DE-MV,G30-G32,G30-G32 Sonstige degenerative Krankheiten des Nervensystems,274,17.4,14.6
2024,Mecklenburg-Vorpommern,DE-MV,G35-G37,G35-G37 Demyelinisierende Krankheiten des Zentralnervensystems,29,1.8,1.6
2024,Mecklenburg-Vorpommern,DE-MV,G40-G47,G40-G47 Episodische und paroxysmale Krankheiten des Nervensystems,91,5.8,5.1
2024,Mecklenburg-Vorpommern,DE-MV,G40-G41,G40-G41 Epilepsie,88,5.6,4.9
2024,Mecklenburg-Vorpommern,DE-MV,G50-G59,"G50-G59 Krankheiten von Nerven, Nervenwurzeln und Nervenplexus",,,
2024,Mecklenburg-Vorpommern,DE-MV,G60-G64,G60-G64 Polyneuropathien und sonstige Krankheiten des peripheren Nervensystems,12,0.8,0.6
2024,Mecklenburg-Vorpommern,DE-MV,G70-G73,G70-G73 Krankheiten im Bereich der neuromuskulären Synapse und des Muskels,10,0.6,0.5
2024,Mecklenburg-Vorpommern,DE-MV,G80-G83,G80-G83 Zerebrale Lähmung und sonstige Lähmungssyndrome,20,1.3,1.0
2024,Mecklenburg-Vorpommern,DE-MV,G90-G99,G90-G99 Sonstige Krankheiten des Nervensystems,30,1.9,1.6
2024,Mecklenburg-Vorpommern,DE-MV,H00-H59,H00-H59 Krankheiten des Auges und der Augenanhangsgebilde,,,
2024,Mecklenburg-Vorpommern,DE-MV,H00-H06,"H00-H06 Affektionen des Augenlides, des Tränenapparates und der Orbita",,,
2024,Mecklenburg-Vorpommern,DE-MV,H10-H13,H10-H13 Affektionen der Konjunktiva,,,
2024,Mecklenburg-Vorpommern,DE-MV,H15-H22,"H15-H22 Affektionen der Sklera, der Hornhaut, der Iris und des Ziliarkörpers",,,
2024,Mecklenburg-Vorpommern,DE-MV,H25-H28,H25-H28 Affektionen der Linse,,,
2024,Mecklenburg-Vorpommern,DE-MV,H30-H36,H30-H36 Affektionen der Aderhaut und der Netzhaut,,,
2024,Mecklenburg-Vorpommern,DE-MV,H40-H42,H40-H42 Glaukom,,,
2024,Mecklenburg-Vorpommern,DE-MV,H43-H45,H43-H45 Affektionen des Glaskörpers und des Augapfels,,,
2024,Mecklenburg-Vorpommern,DE-MV,H46-H48,H46-H48 Affektionen des Nervus opticus und der Sehbahn,,,
2024,Mecklenburg-Vorpommern,DE-MV,H49-H52,"H49-H52 Affektionen der Augenmuskeln, Störungen der Blickbewegungen sowie Akkommodationsstörungen und Refraktionsfehler",,,
2024,Mecklenburg-Vorpommern,DE-MV,H53-H54,H53-H54 Sehstörungen und Blindheit,,,
2024,Mecklenburg-Vorpommern,DE-MV,H55-H59,H55-H59 Sonstige Affektionen des Auges und der Augenanhangsgebilde,,,
2024,Mecklenburg-Vorpommern,DE-MV,H60-H95,H60-H95 Krankheiten des Ohres und des Warzenfortsatzes,,0.1,0.1
2024,Mecklenburg-Vorpommern,DE-MV,H60-H62,H60-H62 Krankheiten des äußeren Ohres,,,
2024,Mecklenburg-Vorpommern,DE-MV,H65-H75,H65-H75 Krankheiten des Mittelohres und des Warzenfortsatzes,,0.1,0.1
2024,Mecklenburg-Vorpommern,DE-MV,H80-H83,H80-H83 Krankheiten des Innenohres,,,
2024,Mecklenburg-Vorpommern,DE-MV,H90-H95,H90-H95 Sonstige Krankheiten des Ohres,,0.1,0.1
2024,Mecklenburg-Vorpommern,DE-MV,H90-H91,H90-H91 Hörverlust,,0.1,0.1
2024,Mecklenburg-Vorpommern,DE-MV,I00-I99,I00-I99 Krankheiten des Kreislaufsystems,8430,535.0,445.7
2024,Mecklenburg-Vorpommern,DE-MV,I00-I02,I00-I02 Akutes rheumatisches Fieber,,0.1,0.1
2024,Mecklenburg-Vorpommern,DE-MV,I05-I09,I05-I09 Chronische rheumatische Herzkrankheiten,105,6.7,5.6
2024,Mecklenburg-Vorpommern,DE-MV,I10-I15,I10-I15 Hypertonie (Hochdruckkrankheit),1332,84.5,70.1
2024,Mecklenburg-Vorpommern,DE-MV,I20-I25,I20-I25 Ischämische Herzkrankheiten,3276,207.9,173.3
2024,Mecklenburg-Vorpommern,DE-MV,I21-I22,I21-I22 Herzinfarkt,1344,85.3,71.5
2024,Mecklenburg-Vorpommern,DE-MV,I26-I28,I26-I28 Pulmonale Herzkrankheit und Krankheiten des Lungenkreislaufes,118,7.5,6.4
2024,Mecklenburg-Vorpommern,DE-MV,I30-I52,I30-I52 Sonstige Formen der Herzkrankheit,2138,135.7,113.0
2024,Mecklenburg-Vorpommern,DE-MV,I60-I69,I60-I69 Zerebrovaskuläre Krankheiten,1195,75.8,63.1
2024,Mecklenburg-Vorpommern,DE-MV,I60-I61,I60-I61 Subarachnoidalblutung und intrazerebrale Blutung,201,12.8,10.7
2024,Mecklenburg-Vorpommern,DE-MV,I70-I79,"I70-I79 Krankheiten der Arterien, Arteriolen und Kapillaren",215,13.6,11.5
2024,Mecklenburg-Vorpommern,DE-MV,I80-I89,"I80-I89 Krankheiten der Venen, der Lymphgefäße und der Lymphknoten andernorts nicht klassifiziert",50,3.2,2.7
2024,Mecklenburg-Vorpommern,DE-MV,I95-I99,I95-I99 Sonstige und nicht näher bezeichnete Krankheiten des Kreislaufsystems,,,
2024,Mecklenburg-Vorpommern,DE-MV,J00-J99,J00-J99 Krankheiten des Atmungssystems,1490,94.6,79.2
2024,Mecklenburg-Vorpommern,DE-MV,J00-J06,J00-J06 Akute Infektionen der oberen Atemwege,,0.1,0.1
2024,Mecklenburg-Vorpommern,DE-MV,J09-J18,J09-J18 Grippe und Pneumonie,515,32.7,27.5
2024,Mecklenburg-Vorpommern,DE-MV,J09-J11,J09-J11 Grippe,64,4.1,3.5
2024,Mecklenburg-Vorpommern,DE-MV,J12-J18,J12-J18 Pneumonie,451,28.6,24.0
2024,Mecklenburg-Vorpommern,DE-MV,J20-J22,J20-J22 Sonstige akute Infektionen der unteren Atemwege,12,0.8,0.6
2024,Mecklenburg-Vorpommern,DE-MV,J30-J39,J30-J39 Sonstige Krankheiten der oberen Atemwege,5,0.3,0.3
2024,Mecklenburg-Vorpommern,DE-MV,J40-J47,J40-J47 Chronische Krankheiten der unteren Atemwege,773,49.1,40.7
2024,Mecklenburg-Vorpommern,DE-MV,J45-J46,J45-J46 Asthma,29,1.8,1.6
2024,Mecklenburg-Vorpommern,DE-MV,J60-J70,J60-J70 Lungenkrankheiten durch exogene Substanzen,44,2.8,2.3
2024,Mecklenburg-Vorpommern,DE-MV,J80-J84,"J80-J84 Sonstige Krankheiten der Atmungsorgane, die hauptsächlich das Interstitium betreffen",78,4.9,4.3
2024,Mecklenburg-Vorpommern,DE-MV,J85-J86,J85-J86 Purulente und nekrotisierende Krankheitszustände der unteren Atemwege,11,0.7,0.6
2024,Mecklenburg-Vorpommern,DE-MV,J90-J94,J90-J94 Sonstige Krankheiten der Pleura,6,0.4,0.3
2024,Mecklenburg-Vorpommern,DE-MV,J95-J99,J95-J99 Sonstige Krankheiten des Atmungssystems,45,2.9,2.4
2024,Mecklenburg-Vorpommern,DE-MV,K00-K93,K00-K93 Krankheiten des Verdauungssystems,1307,82.9,71.5
2024,Mecklenburg-Vorpommern,DE-MV,K00-K14,"K00-K14 Krankheiten der Mundhöhle, der Speicheldrüsen und der Kiefer",,,
2024,Mecklenburg-Vorpommern,DE-MV,K20-K31,"K20-K31 Krankheiten des Ösophagus, des Magens und des Duodenums",114,7.2,6.1
2024,Mecklenburg-Vorpommern,DE-MV,K25-K28,"K25-K28 Ulcus ventriculi, Ulcus duodeni, Ulcus pepticum",67,4.3,3.6
2024,Mecklenburg-Vorpommern,DE-MV,K35-K38,K35-K38 Krankheiten der Appendix,4,0.3,0.2
2024,Mecklenburg-Vorpommern,DE-MV,K40-K46,K40-K46 Hernien,25,1.6,1.4
2024,Mecklenburg-Vorpommern,DE-MV,K50-K52,K50-K52 Nichtinfektiöse Enteritis und Kolitis,11,0.7,0.6
2024,Mecklenburg-Vorpommern,DE-MV,K55-K64,K55-K64 Sonstige Krankheiten des Darmes,262,16.6,14.0
2024,Mecklenburg-Vorpommern,DE-MV,K65-K67,K65-K67 Krankheiten des Peritoneums,14,0.9,0.7
2024,Mecklenburg-Vorpommern,DE-MV,K70-K77,K70-K77 Krankheiten der Leber,610,38.7,33.8
2024,Mecklenburg-Vorpommern,DE-MV,K80-K87,"K80-K87 Krankheiten der Gallenblase, der Gallenwege und des Pankreas",140,8.9,7.7
2024,Mecklenburg-Vorpommern,DE-MV,K90-K93,K90-K93 Sonstige Krankheiten des Verdauungssystems,127,8.1,6.9
2024,Mecklenburg-Vorpommern,DE-MV,L00-L99,L00-L99 Krankheiten der Haut und der Unterhaut,36,2.3,1.9
2024,Mecklenburg-Vorpommern,DE-MV,L00-L08,L00-L08 Infektionen der Haut und der Unterhaut,9,0.6,0.5
2024,Mecklenburg-Vorpommern,DE-MV,L10-L14,L10-L14 Bullöse Dermatosen,5,0.3,0.3
2024,Mecklenburg-Vorpommern,DE-MV,L20-L30,L20-L30 Dermatitis und Ekzem,,0.1,0.1
2024,Mecklenburg-Vorpommern,DE-MV,L40-L45,L40-L45 Papulosquamöse Hautkrankheiten,,,
2024,Mecklenburg-Vorpommern,DE-MV,L40-L42,L40-L42 Psoriasis,,,
2024,Mecklenburg-Vorpommern,DE-MV,L50-L54,L50-L54 Urtikaria und Erythem,,0.1,0.1
2024,Mecklenburg-Vorpommern,DE-MV,L55-L59,L55-L59 Krankheiten der Haut und der Unterhaut durch Strahleneinwirkung,,,
2024,Mecklenburg-Vorpommern,DE-MV,L60-L75,L60-L75 Krankheiten der Hautanhangsgebilde,,,
2024,Mecklenburg-Vorpommern,DE-MV,L80-L99,L80-L99 Sonstige Krankheiten der Haut und der Unterhaut,20,1.3,1.0
2024,Mecklenburg-Vorpommern,DE-MV,M00-M99,M00-M99 Krankheiten des Muskel-Skelett-Systems und des Bindegewebes,115,7.3,6.3
2024,Mecklenburg-Vorpommern,DE-MV,M00-M25,M00-M25 Arthropathien,37,2.3,2.0
2024,Mecklenburg-Vorpommern,DE-MV,M00-M03,M00-M03 Infektiöse Arthropathien,,0.1,0.1
2024,Mecklenburg-Vorpommern,DE-MV,M05-M14,M05-M14 Entzündliche Polyarthropathien,20,1.3,1.1
2024,Mecklenburg-Vorpommern,DE-MV,M15-M19,M15-M19 Arthrose,14,0.9,0.8
2024,Mecklenburg-Vorpommern,DE-MV,M20-M25,M20-M25 Sonstige Gelenkkrankheiten,,0.1,0.1
2024,Mecklenburg-Vorpommern,DE-MV,M30-M36,M30-M36 Systemkrankheiten des Bindegewebes,10,0.6,0.6
2024,Mecklenburg-Vorpommern,DE-MV,M40-M54,M40-M54 Krankheiten der Wirbelsäule und des Rückens,33,2.1,1.8
2024,Mecklenburg-Vorpommern,DE-MV,M40-M43,M40-M43 Deformitäten der Wirbelsäule und des Rückens,,0.1,0.1
2024,Mecklenburg-Vorpommern,DE-MV,M45-M54,M45-M54 Dorsopathien,32,2.0,1.7
2024,Mecklenburg-Vorpommern,DE-MV,M45-M49,M45-M49 Spondylopathien,30,1.9,1.6
2024,Mecklenburg-Vorpommern,DE-MV,M50-M54,M50-M54 Sonstige Krankheiten der Wirbelsäule und des Rückens,,0.1,0.1
2024,Mecklenburg-Vorpommern,DE-MV,M60-M79,M60-M79 Krankheiten der Weichteilgewebe,12,0.8,0.7
2024,Mecklenburg-Vorpommern,DE-MV,M60-M63,M60-M63 Krankheiten der Muskeln,8,0.5,0.5
2024,Mecklenburg-Vorpommern,DE-MV,M65-M68,M65-M68 Krankheiten der Synovialis und der Sehnen,,,
2024,Mecklenburg-Vorpommern,DE-MV,M70-M79,M70-M79 Sonstige Krankheiten des Weichteilgewebes,4,0.3,0.2
2024,Mecklenburg-Vorpommern,DE-MV,M80-M94,M80-M94 Osteopathien und Chondropathien,23,1.5,1.2
2024,Mecklenburg-Vorpommern,DE-MV,M80-M85,M80-M85 Veränderungen der Knochendichte und -struktur,13,0.8,0.7
2024,Mecklenburg-Vorpommern,DE-MV,M80-M82,M80-M82 Osteoporose,12,0.8,0.6
2024,Mecklenburg-Vorpommern,DE-MV,M86-M90,M86-M90 Sonstige Osteopathien,10,0.6,0.5
2024,Mecklenburg-Vorpommern,DE-MV,M91-M94,M91-M94 Chondropathien,,,
2024,Mecklenburg-Vorpommern,DE-MV,M95-M99,M95-M99 Sonstige Krankheiten des Muskel-Skelett-Systems und des Bindegewebes,,,
2024,Mecklenburg-Vorpommern,DE-MV,N00-N99,N00-N99 Krankheiten des Urogenitalsystems,560,35.5,29.5
2024,Mecklenburg-Vorpommern,DE-MV,N00-N29,N00-N29 Krankheiten der Niere und des Ureters,344,21.8,18.2
2024,Mecklenburg-Vorpommern,DE-MV,N00-N08,N00-N08 Glomeruläre Krankheiten,3,0.2,0.2
2024,Mecklenburg-Vorpommern,DE-MV,N10-N16,N10-N16 Tubulointerstitielle Nierenkrankheiten,20,1.3,1.0
2024,Mecklenburg-Vorpommern,DE-MV,N17-N19,N17-N19 Niereninsuffizienz,305,19.4,16.2
2024,Mecklenburg-Vorpommern,DE-MV,N20-N23,N20-N23 Urolithiasis,11,0.7,0.6
2024,Mecklenburg-Vorpommern,DE-MV,N25-N29,N25-N29 Sonstige Krankheiten der Niere und des Ureters,5,0.3,0.3
2024,Mecklenburg-Vorpommern,DE-MV,N30-N39,N30-N39 Sonstige Krankheiten des Harnsystems,198,12.6,10.3
2024,Mecklenburg-Vorpommern,DE-MV,N40-N51,N40-N51 Krankheiten der männlichen Genitalorgane,,,
2024,Mecklenburg-Vorpommern,DE-MV,N60-N64,N60-N64 Krankheiten der Mamma (Brustdrüse),,,
2024,Mecklenburg-Vorpommern,DE-MV,N70-N77,N70-N77 Entzündliche Krankheiten der weiblichen Beckenorgane,,,
2024,Mecklenburg-Vorpommern,DE-MV,N80-N98,N80-N98 Nichtentzündliche Krankheiten des weiblichen Genitaltraktes,,,
2024,Mecklenburg-Vorpommern,DE-MV,O00-O99,"O00-O99 Schwangerschaft, Geburt und Wochenbett",,,
2024,Mecklenburg-Vorpommern,DE-MV,O00-O08,O00-O08 Schwangerschaft mit abortivem Ausgang,,,
2024,Mecklenburg-Vorpommern,DE-MV,O10-O16,"O10-O16 Ödeme, Proteinurie und Hypertonie während der Schwangerschaft, der Geburt und des Wochenbettes",,,
2024,Mecklenburg-Vorpommern,DE-MV,O20-O29,"O20-O29 Sonstige Krankheiten der Mutter, die vorwiegend mit der Schwangerschaft verbunden sind",,,
2024,Mecklenburg-Vorpommern,DE-MV,O30-O48,O30-O48 Betreuung der Mutter im Hinblick auf den Fetus und die Amnionhöhle sowie mögliche Entbindungskomplikationen,,,
2024,Mecklenburg-Vorpommern,DE-MV,O60-O75,O60-O75 Komplikationen bei Wehentätigkeit und Entbindung,,,
2024,Mecklenburg-Vorpommern,DE-MV,O80-O84,O80-O84 Entbindung,,,
2024,Mecklenburg-Vorpommern,DE-MV,O85-O92,"O85-O92 Komplikationen, die vorwiegend im Wochenbett auftreten",,,
2024,Mecklenburg-Vorpommern,DE-MV,O94-O99,"O94-O99 Sonstige Krankheitszustände während der Gestationsperiode, die andernorts nicht klassifiziert sind",,,
2024,Mecklenburg-Vorpommern,DE-MV,P00-P96,"P00-P96 Bestimmte Zustände, die ihren Ursprung in der Perinatalperiode haben",14,0.9,1.3
2024,Mecklenburg-Vorpommern,DE-MV,P00-P04,"P00-P04 Schädigung des Fetus und Neugeborenen durch mütterliche Faktoren und durch Komplikationen bei Schwangerschaft, Wehentätigkeit und Entbindung",,0.1,0.1
2024,Mecklenburg-Vorpommern,DE-MV,P05-P08,P05-P08 Störungen im Zusammenhang mit der Schwangerschaftsdauer und dem fetalen Wachstum,10,0.6,1.0
2024,Mecklenburg-Vorpommern,DE-MV,P10-P15,P10-P15 Geburtstrauma,,,
2024,Mecklenburg-Vorpommern,DE-MV,P20-P29,"P20-P29 Krankheiten des Atmungs- und Herz-Kreislaufsystems, die für die Perinatalperiode spezifisch sind",,0.1,0.1
2024,Mecklenburg-Vorpommern,DE-MV,P35-P39,"P35-P39 Infektionen, die für die Perinatalperiode spezifisch sind",,,
2024,Mecklenburg-Vorpommern,DE-MV,P50-P61,P50-P61 Hämorrhagische und hämatologische Krankheiten beim Fetus und Neugeborenen,,0.1,0.1
2024,Mecklenburg-Vorpommern,DE-MV,P70-P74,"P70-P74 Transitorische endokrine und Stoffwechselstörungen, die für den Fetus und das Neugeborene spezifisch sind",,,
2024,Mecklenburg-Vorpommern,DE-MV,P75-P78,P75-P78 Krankheiten des Verdauungssystems beim Fetus und Neugeborenen,,,
2024,Mecklenburg-Vorpommern,DE-MV,P80-P83,P80-P83 Krankheitszustände mit Beteiligung der Haut und der Temperaturregulation beim Fetus und Neugeborenen,,,
2024,Mecklenburg-Vorpommern,DE-MV,P90-P96,"P90-P96 Sonstige Störungen, die ihren Ursprung in der Perinatalperiode haben",,0.1,0.1
2024,Mecklenburg-Vorpommern,DE-MV,Q00-Q99,"Q00-Q99 Angeborene Fehlbildungen, Deformitäten und Chromosomenanomalien",37,2.3,2.5
2024,Mecklenburg-Vorpommern,DE-MV,Q00-Q07,Q00-Q07 Angeborene Fehlbildungen des Nervensystems,4,0.3,0.3
2024,Mecklenburg-Vorpommern,DE-MV,Q10-Q18,"Q10-Q18 Angeborene Fehlbildungen des Auges, des Ohres, des Gesichtes und des Halses",,,
2024,Mecklenburg-Vorpommern,DE-MV,Q20-Q28,Q20-Q28 Angeborene Fehlbildungen des Kreislaufsystems,13,0.8,0.9
2024,Mecklenburg-Vorpommern,DE-MV,Q30-Q34,Q30-Q34 Angeborene Fehlbildungen des Atmungssystems,,,
2024,Mecklenburg-Vorpommern,DE-MV,Q35-Q37,"Q35-Q37 Lippen-, Kiefer- und Gaumenspalte",,,
2024,Mecklenburg-Vorpommern,DE-MV,Q38-Q45,Q38-Q45 Sonstige angeborene Fehlbildungen des Verdauungssystems,,,
2024,Mecklenburg-Vorpommern,DE-MV,Q50-Q56,Q50-Q56 Angeborene Fehlbildungen der Genitalorgane,,,
2024,Mecklenburg-Vorpommern,DE-MV,Q60-Q64,Q60-Q64 Angeborene Fehlbildungen des Harnsystems,4,0.3,0.2
2024,Mecklenburg-Vorpommern,DE-MV,Q65-Q79,Q65-Q79 Angeborene Fehlbildung und Deformitäten des Muskel-Skelett-Systems,,0.1,0.2
2024,Mecklenburg-Vorpommern,DE-MV,Q80-Q89,Q80-Q89 Sonstige angeborene Fehlbildungen,4,0.3,0.3
2024,Mecklenburg-Vorpommern,DE-MV,Q90-Q99,"Q90-Q99 Chromosomenanomalien, anderenorts nicht klassifiziert",10,0.6,0.6
2024,Mecklenburg-Vorpommern,DE-MV,R00-R99,"R00-R99 Symptome und abnorme klinische und Laborbefunde, die andernorts nicht klassifiziert sind",441,28.0,25.2
2024,Mecklenburg-Vorpommern,DE-MV,R00-R09,"R00-R09 Symptome, die das Kreislaufsystem und das Atmungssystem betreffen",,0.1,0.1
2024,Mecklenburg-Vorpommern,DE-MV,R10-R19,"R10-R19 Symptome, die das Verdauungssystem und das Abdomen betreffen",,0.1,0.1
2024,Mecklenburg-Vorpommern,DE-MV,R20-R23,"R20-R23 Symptome, die die Haut und das Unterhautgewebe betreffen",,,
2024,Mecklenburg-Vorpommern,DE-MV,R25-R29,"R25-R29 Symptome, die das Nervensystem und das Muskel-Skelett-System betreffen",,0.1,0.1
2024,Mecklenburg-Vorpommern,DE-MV,R30-R39,"R30-R39 Symptome, die das Harnsystem betreffen",,,
2024,Mecklenburg-Vorpommern,DE-MV,R40-R46,"R40-R46 Symptome, die das Erkennungs- und Wahrnehmungsvermögen, die Stimmung und das Verhalten betreffen",,,
2024,Mecklenburg-Vorpommern,DE-MV,R47-R49,"R47-R49 Symptome, die die Sprache und die Stimme betreffen",,,
2024,Mecklenburg-Vorpommern,DE-MV,R50-R69,R50-R69 Allgemeinsymptome,40,2.5,2.1
2024,Mecklenburg-Vorpommern,DE-MV,R70-R79,R70-R79 Abnorme Blutuntersuchungsbefunde ohne Vorliegen einer Diagnose,,,
2024,Mecklenburg-Vorpommern,DE-MV,R80-R82,R80-R82 Abnorme Urinuntersuchungsbefunde ohne Vorliegen einer Diagnose,,,
2024,Mecklenburg-Vorpommern,DE-MV,R83-R89,"R83-R89 Abnorme Befunde ohne Vorliegen einer Diagnose bei der Untersuchung anderer Körperflüssigkeiten, Substanzen und Gewebe",,,
2024,Mecklenburg-Vorpommern,DE-MV,R90-R94,R90-R94 Abnorme Befunde ohne Vorliegen einer Diagnose bei bildgebender Diagnostik und Funktionsprüfungen,,,
2024,Mecklenburg-Vorpommern,DE-MV,R95-R99,R95-R99 Ungenau bezeichnete und unbekannte Todesursachen,397,25.2,22.9
2024,Mecklenburg-Vorpommern,DE-MV,R96-R99,R96-R99 Unbekannte Todesursache,396,25.1,22.9
2024,Mecklenburg-Vorpommern,DE-MV,S00-T98,"S00-T98 Verletzungen, Vergiftungen und bestimmte andere Folgen äußerer Ursachen",1032,65.5,57.4
2024,Mecklenburg-Vorpommern,DE-MV,S00-T14,S00-T14 Verletzungen,691,43.9,37.8
2024,Mecklenburg-Vorpommern,DE-MV,S00-S09,S00-S09 Verletzungen des Kopfes,255,16.2,14.1
2024,Mecklenburg-Vorpommern,DE-MV,S10-S19,S10-S19 Verletzungen des Halses,29,1.8,1.6
2024,Mecklenburg-Vorpommern,DE-MV,S20-S29,S20-S29 Verletzungen des Thorax,45,2.9,2.5
2024,Mecklenburg-Vorpommern,DE-MV,S30-S39,"S30-S39 Verletzungen des Abdomens, der Lumbosakralgegend, der Lendenwirbelsäule und des Beckens",34,2.2,1.8
2024,Mecklenburg-Vorpommern,DE-MV,S40-S49,S40-S49 Verletzungen der Schulter und des Oberarmes,10,0.6,0.5
2024,Mecklenburg-Vorpommern,DE-MV,S50-S59,S50-S59 Verletzungen des Ellenbogens und des Unterarmes,7,0.4,0.4
2024,Mecklenburg-Vorpommern,DE-MV,S60-S69,S60-S69 Verletzungen des Handgelenkes und der Hand,4,0.3,0.2
2024,Mecklenburg-Vorpommern,DE-MV,S70-S79,S70-S79 Verletzungen der Hüfte und des Oberschenkels,219,13.9,11.5
2024,Mecklenburg-Vorpommern,DE-MV,S80-S89,S80-S89 Verletzungen des Knies und des Unterschenkels,9,0.6,0.5
2024,Mecklenburg-Vorpommern,DE-MV,S90-S99,S90-S99 Verletzungen der Knöchelregion und des Fußes,,0.1,0.1
2024,Mecklenburg-Vorpommern,DE-MV,T00-T07,T00-T07 Verletzungen mit Beteiligung mehrerer Körperregionen,60,3.8,3.6
2024,Mecklenburg-Vorpommern,DE-MV,T08-T14,"T08-T14 Verletzungen nicht näher bezeichneter Teile des Rumpfes, der Extremitäten oder anderer Körperregionen",17,1.1,1.0
2024,Mecklenburg-Vorpommern,DE-MV,T15-T19,T15-T19 Folgen des Eindringens eines Fremdkörpers durch eine natürliche Körperöffnung,33,2.1,1.8
2024,Mecklenburg-Vorpommern,DE-MV,T20-T32,T20-T32 Verbrennungen oder Verätzungen,15,1.0,0.9
2024,Mecklenburg-Vorpommern,DE-MV,T20-T25,"T20-T25 Verbrennungen oder Verätzungen der äußeren Körperoberfläche, Lokalisation bezeichnet",,0.1,0.1
2024,Mecklenburg-Vorpommern,DE-MV,T26-T28,"T26-T28 Verbrennungen oder Verätzungen, die auf das Auge und auf innere Organe begrenzt sind",3,0.2,0.2
2024,Mecklenburg-Vorpommern,DE-MV,T29-T32,T29-T32 Verbrennungen oder Verätzungen mehrerer und nicht näher bezeichneter Körperregionen,10,0.6,0.6
2024,Mecklenburg-Vorpommern,DE-MV,T33-T35,T33-T35 Erfrierungen,,,
2024,Mecklenburg-Vorpommern,DE-MV,T36-T50,"T36-T50 Vergiftungen durch Arzneimittel, Drogen und biologisch aktive Substanzen",50,3.2,3.1
2024,Mecklenburg-Vorpommern,DE-MV,T51-T65,T51-T65 Toxische Wirkungen von vorwiegend nicht medizinisch verwendeten Substanzen,23,1.5,1.4
2024,Mecklenburg-Vorpommern,DE-MV,T66-T78,T66-T78 Sonstige und nicht näher bezeichnete Schäden durch äußere Ursachen,190,12.1,10.9
2024,Mecklenburg-Vorpommern,DE-MV,T79-T79,T79-T79 Bestimmte Frühkomplikationen eines Traumas,,0.1,0.1
2024,Mecklenburg-Vorpommern,DE-MV,T80-T88,"T80-T88 Komplikationen bei chirurgischen Eingriffen und medizinischer Behandlung, anderenorts nicht klassifiziert",24,1.5,1.3
2024,Mecklenburg-Vorpommern,DE-MV,T90-T98,"T90-T98 Folgen von Verletzungen, Vergiftungen und sonstigen Auswirkungen äußerer Ursachen",4,0.3,0.2
2024,Mecklenburg-Vorpommern,DE-MV,U00-U99,U00-U99 Schlüsselnummern für besondere Zwecke,296,18.8,15.6
2024,Mecklenburg-Vorpommern,DE-MV,U00-U49,U00-U49 Vorläufige Zuordnungen für Krankheiten mit unklarer Ätiologie und nicht belegte Schlüsselnummern,296,18.8,15.6
2024,Niedersachsen,DE-NI,,Alle Krankheiten und Folgen äußerer Ursachen,103134,1288.2,1249.0
2024,Niedersachsen,DE-NI,A00-B99,A00-B99 Bestimmte infektiöse und parasitäre Krankheiten,1562,19.5,18.9
2024,Niedersachsen,DE-NI,A00-A09,A00-A09 Infektiöse Darmkrankheiten,342,4.3,4.1
2024,Niedersachsen,DE-NI,A15-A19,A15-A19 Tuberkulose,17,0.2,0.2
2024,Niedersachsen,DE-NI,A20-A28,A20-A28 Bestimmte bakterielle Zoonosen,,,
2024,Niedersachsen,DE-NI,A30-A49,A30-A49 Sonstige bakterielle Krankheiten,866,10.8,10.5
2024,Niedersachsen,DE-NI,A50-A64,"A50-A64 Infektionen, vorwiegend durch Geschlechtsverkehr übertragen",,,
2024,Niedersachsen,DE-NI,A65-A69,A65-A69 Sonstige Spirochätenkrankheiten,3,0.0,0.0
2024,Niedersachsen,DE-NI,A70-A74,A70-A74 Sonstige Krankheiten durch Chlamydien,,,
2024,Niedersachsen,DE-NI,A75-A79,A75-A79 Rickettsiosen,,,
2024,Niedersachsen,DE-NI,A80-A89,A80-A89 Virusinfektionen des Zentralnervensystems,31,0.4,0.4
2024,Niedersachsen,DE-NI,A90-A99,A90-A99 Durch Arthropoden übertragene Viruskrankheiten und virale hämorrhagische Fieber,,0.0,0.0
2024,Niedersachsen,DE-NI,B00-B09,"B00-B09 Virusinfektionen, durch Haut- und Schleimhautläsionen gekennzeichnet",21,0.3,0.3
2024,Niedersachsen,DE-NI,B15-B19,B15-B19 Virushepatitis,42,0.5,0.5
2024,Niedersachsen,DE-NI,B20-B24,B20-B24 HIV-Krankheit (Humane Immundefizienz-Viruskrankheit),15,0.2,0.2
2024,Niedersachsen,DE-NI,B25-B34,B25-B34 Sonstige Viruskrankheiten,8,0.1,0.1
2024,Niedersachsen,DE-NI,B35-B49,B35-B49 Mykosen,17,0.2,0.2
2024,Niedersachsen,DE-NI,B50-B64,B50-B64 Protozoenkrankheiten,3,0.0,0.0
2024,Niedersachsen,DE-NI,B65-B83,B65-B83 Helminthosen,,0.0,0.0
2024,Niedersachsen,DE-NI,B85-B89,"B85-B89 Pedikulose, Akarinose und sonstiger Parasitenbefall der Haut",,,
2024,Niedersachsen,DE-NI,B90-B94,B90-B94 Folgezustände von infektiösen und parasitären Krankheiten,15,0.2,0.2
2024,Niedersachsen,DE-NI,B99-B99,B99-B99 Sonstige Infektionskrankheiten,180,2.2,2.2
2024,Niedersachsen,DE-NI,C00-D48,C00-D48 Neubildungen,23912,298.7,290.7
2024,Niedersachsen,DE-NI,C00-C97,C00-C97 Bösartige Neubildungen,23187,289.6,281.9
2024,Niedersachsen,DE-NI,C00-C75,"C00-C75 Bösartige Neubildungen an genau bezeichneten Lokalisationen, als primär festgestellt oder vermutet, ausgenommen lymphatisches, blutbildendes und verwandtes Gewebe",20137,251.5,244.8
2024,Niedersachsen,DE-NI,C00-C14,"C00-C14 Bösartige Neubildungen der Lippe, der Mundhöhle und des Pharynx",516,6.4,6.2
2024,Niedersachsen,DE-NI,C15-C26,C15-C26 Bösartige Neubildungen der Verdauungsorgane,6747,84.3,82.1
2024,Niedersachsen,DE-NI,C18-C21,"C18-C21 Bösartige Neubildung des Kolons, des Rektums und des Anus",2252,28.1,27.4
2024,Niedersachsen,DE-NI,C19-C21,C19-C21 Bösartige Neubildung des Rektums und des Anus,818,10.2,10.0
2024,Niedersachsen,DE-NI,C30-C39,C30-C39 Bösartige Neubildungen der Atmungsorgane und sonstiger intrathorakaler Organe,4985,62.3,60.4
2024,Niedersachsen,DE-NI,C32-C34,"C32-C34 Bösartige Neubildung des Larynx, der Trachea, der Bronchien und der Lunge",4945,61.8,59.9
2024,Niedersachsen,DE-NI,C33-C34,"C33-C34 Bösartige Neubildung der Trachea, Bronchien und der Lunge",4826,60.3,58.5
2024,Niedersachsen,DE-NI,C40-C41,C40-C41 Bösartige Neubildungen des Knochens und des Gelenkknorpels,35,0.4,0.4
2024,Niedersachsen,DE-NI,C43-C44,C43-C44 Melanom und sonstige bösartige Neubildungen der Haut,431,5.4,5.2
2024,Niedersachsen,DE-NI,C45-C49,C45-C49 Bösartige Neubildungen des mesothelialen Gewebes und des Weichteilgewebes,347,4.3,4.2
2024,Niedersachsen,DE-NI,C50-C50,C50-C50 Bösartige Neubildung der Brustdrüse,1960,24.5,23.9
2024,Niedersachsen,DE-NI,C51-C58,C51-C58 Bösartige Neubildungen der weiblichen Genitalorgane,,,
2024,Niedersachsen,DE-NI,C54-C55,C54-C55 Bösartige Neubildung sonstiger Teile der Gebärmutter,,,
2024,Niedersachsen,DE-NI,C60-C63,C60-C63 Bösartige Neubildungen der männlichen Genitalorgane,,,
2024,Niedersachsen,DE-NI,C64-C68,C64-C68 Bösartige Neubildungen der Harnorgane,1697,21.2,20.5
2024,Niedersachsen,DE-NI,C69-C72,"C69-C72 Bösartige Neubildungen des Auges, des Gehirns und sonstiger Teile des Zentralnervensystems",620,7.7,7.6
2024,Niedersachsen,DE-NI,C73-C75,C73-C75 Bösartige Neubildungen der Schilddrüse und sonstiger endokriner Drüsen,85,1.1,1.0
2024,Niedersachsen,DE-NI,C76-C80,"C76-C80 Bösartige Neubildungen ungenau bezeichneter, sekundärer und nicht näher bezeichneter Lokalisationen",1189,14.9,14.4
2024,Niedersachsen,DE-NI,C81-C96,"C81-C96 Bösartige Neubildungen des lymphatischen, blutbildenden und verwandten Gewebes, als primär festgestellt oder vermutet",1861,23.2,22.7
2024,Niedersachsen,DE-NI,C91-C95,C91-C95 Leukämie,769,9.6,9.4
2024,Niedersachsen,DE-NI,C97-C97,C97-C97 Bösartige Neubildungen als Primärtumoren an mehreren Lokalisationen,,,
2024,Niedersachsen,DE-NI,D00-D09,D00-D09 In-situ-Neubildungen,,0.0,0.0
2024,Niedersachsen,DE-NI,D10-D36,D10-D36 Gutartige Neubildungen,81,1.0,1.0
2024,Niedersachsen,DE-NI,D37-D48,D37-D48 Neubildungen unsicheren oder unbekannten Verhaltens,643,8.0,7.8
2024,Niedersachsen,DE-NI,D50-D90,D50-D90 Krankheiten des Blutes und der blutbildenden Organe sowie bestimmte Störungen mit Beteiligung des Immunsystems,418,5.2,5.1
2024,Niedersachsen,DE-NI,D50-D53,D50-D53 Alimentäre Anämien,27,0.3,0.3
2024,Niedersachsen,DE-NI,D55-D59,D55-D59 Hämolytische Anämien,6,0.1,0.1
2024,Niedersachsen,DE-NI,D60-D64,D60-D64 Aplastische und sonstige Anämien,264,3.3,3.2
2024,Niedersachsen,DE-NI,D65-D69,"D65-D69 Koagulopathien, Purpura und sonstige hämorrhagische Diathesen",71,0.9,0.9
2024,Niedersachsen,DE-NI,D70-D77,D70-D77 Sonstige Krankheiten des Blutes und der blutbildenden Organe,15,0.2,0.2
2024,Niedersachsen,DE-NI,D80-D90,D80-D90 Bestimmte Störungen mit Beteiligung des Immunsystems,35,0.4,0.4
2024,Niedersachsen,DE-NI,E00-E90,"E00-E90 Endokrine, Ernährungs- und Stoffwechselkrankheiten",3878,48.4,46.8
2024,Niedersachsen,DE-NI,E00-E07,E00-E07 Krankheiten der Schilddrüse,61,0.8,0.7
2024,Niedersachsen,DE-NI,E10-E14,E10-E14 Diabetes mellitus,2367,29.6,28.5
2024,Niedersachsen,DE-NI,E15-E16,E15-E16 Sonstige Störungen der Blutglukose-Regulation und der inneren Sekretion des Pankreas,11,0.1,0.1
2024,Niedersachsen,DE-NI,E20-E35,E20-E35 Krankheiten sonstiger endokriner Drüsen,14,0.2,0.2
2024,Niedersachsen,DE-NI,E40-E46,E40-E46 Mangelernährung,11,0.1,0.1
2024,Niedersachsen,DE-NI,E50-E64,E50-E64 Sonstige alimentäre Mangelzustände,7,0.1,0.1
2024,Niedersachsen,DE-NI,E65-E68,E65-E68 Adipositas und sonstige Überernährung,323,4.0,4.0
2024,Niedersachsen,DE-NI,E70-E90,E70-E90 Stoffwechselstörungen,1084,13.5,13.1
2024,Niedersachsen,DE-NI,F00-F99,F00-F99 Psychische und Verhaltensstörungen,8271,103.3,99.9
2024,Niedersachsen,DE-NI,F00-F09,"F00-F09 Organische, einschließlich symptomatischer psychischer Störungen",6908,86.3,83.1
2024,Niedersachsen,DE-NI,F00-F03,F00-F03 Demenz,6864,85.7,82.6
2024,Niedersachsen,DE-NI,F10-F19,F10-F19 Psychische und Verhaltensstörungen durch psychotrope Substanzen,1066,13.3,13.1
2024,Niedersachsen,DE-NI,F20-F29,"F20-F29 Schizophrenie, schizotype und wahnhafte Störungen",87,1.1,1.1
2024,Niedersachsen,DE-NI,F30-F39,F30-F39 Affektive Störungen,174,2.2,2.1
2024,Niedersachsen,DE-NI,F32-F34,F32-F34 Depression,169,2.1,2.1
2024,Niedersachsen,DE-NI,F40-F48,"F40-F48 Neurotische, Belastungs- und somatoforme Störungen",6,0.1,0.1
2024,Niedersachsen,DE-NI,F40-F41,F40-F41 Phobische und andere Angststörungen,,0.0,0.0
2024,Niedersachsen,DE-NI,F50-F59,F50-F59 Verhaltensauffälligkeiten mit körperlichen Störungen und Faktoren,7,0.1,0.1
2024,Niedersachsen,DE-NI,F60-F69,F60-F69 Persönlichkeits- und Verhaltensstörungen,,0.0,0.0
2024,Niedersachsen,DE-NI,F70-F79,F70-F79 Intelligenzminderung,16,0.2,0.2
2024,Niedersachsen,DE-NI,F80-F89,F80-F89 Entwicklungsstörungen,,,
2024,Niedersachsen,DE-NI,F90-F98,F90-F98 Verhaltens- und emotionale Störungen mit Beginn in der Kindheit und Jugend,,,
2024,Niedersachsen,DE-NI,F99-F99,F99-F99 Nicht näher bezeichnete psychische Störungen,6,0.1,0.1
2024,Niedersachsen,DE-NI,G00-H95,G00-H95 Krankheiten des Nervensystems und der Sinnesorgane,3482,43.5,42.3
2024,Niedersachsen,DE-NI,G00-G99,G00-G99 Krankheiten des Nervensystems,3474,43.4,42.2
2024,Niedersachsen,DE-NI,G00-G09,G00-G09 Entzündliche Krankheiten des Zentralnervensystems,53,0.7,0.6
2024,Niedersachsen,DE-NI,G00-G03,G00-G03 Meningitis,11,0.1,0.1
2024,Niedersachsen,DE-NI,G10-G14,"G10-G14 Systematrophien, die vorwiegend das Zentralnervensystem betreffen",270,3.4,3.3
2024,Niedersachsen,DE-NI,G20-G26,G20-G26 Extrapyramidale Krankheiten und Bewegungsstörungen,1404,17.5,17.0
2024,Niedersachsen,DE-NI,G30-G32,G30-G32 Sonstige degenerative Krankheiten des Nervensystems,822,10.3,9.9
2024,Niedersachsen,DE-NI,G35-G37,G35-G37 Demyelinisierende Krankheiten des Zentralnervensystems,181,2.3,2.2
2024,Niedersachsen,DE-NI,G40-G47,G40-G47 Episodische und paroxysmale Krankheiten des Nervensystems,407,5.1,5.0
2024,Niedersachsen,DE-NI,G40-G41,G40-G41 Epilepsie,392,4.9,4.8
2024,Niedersachsen,DE-NI,G50-G59,"G50-G59 Krankheiten von Nerven, Nervenwurzeln und Nervenplexus",3,0.0,0.0
2024,Niedersachsen,DE-NI,G60-G64,G60-G64 Polyneuropathien und sonstige Krankheiten des peripheren Nervensystems,44,0.5,0.5
2024,Niedersachsen,DE-NI,G70-G73,G70-G73 Krankheiten im Bereich der neuromuskulären Synapse und des Muskels,72,0.9,0.9
2024,Niedersachsen,DE-NI,G80-G83,G80-G83 Zerebrale Lähmung und sonstige Lähmungssyndrome,78,1.0,1.0
2024,Niedersachsen,DE-NI,G90-G99,G90-G99 Sonstige Krankheiten des Nervensystems,140,1.7,1.7
2024,Niedersachsen,DE-NI,H00-H59,H00-H59 Krankheiten des Auges und der Augenanhangsgebilde,3,0.0,0.0
2024,Niedersachsen,DE-NI,H00-H06,"H00-H06 Affektionen des Augenlides, des Tränenapparates und der Orbita",3,0.0,0.0
2024,Niedersachsen,DE-NI,H10-H13,H10-H13 Affektionen der Konjunktiva,,,
2024,Niedersachsen,DE-NI,H15-H22,"H15-H22 Affektionen der Sklera, der Hornhaut, der Iris und des Ziliarkörpers",,,
2024,Niedersachsen,DE-NI,H25-H28,H25-H28 Affektionen der Linse,,,
2024,Niedersachsen,DE-NI,H30-H36,H30-H36 Affektionen der Aderhaut und der Netzhaut,,,
2024,Niedersachsen,DE-NI,H40-H42,H40-H42 Glaukom,,,
2024,Niedersachsen,DE-NI,H43-H45,H43-H45 Affektionen des Glaskörpers und des Augapfels,,,
2024,Niedersachsen,DE-NI,H46-H48,H46-H48 Affektionen des Nervus opticus und der Sehbahn,,,
2024,Niedersachsen,DE-NI,H49-H52,"H49-H52 Affektionen der Augenmuskeln, Störungen der Blickbewegungen sowie Akkommodationsstörungen und Refraktionsfehler",,,
2024,Niedersachsen,DE-NI,H53-H54,H53-H54 Sehstörungen und Blindheit,,,
2024,Niedersachsen,DE-NI,H55-H59,H55-H59 Sonstige Affektionen des Auges und der Augenanhangsgebilde,,,
2024,Niedersachsen,DE-NI,H60-H95,H60-H95 Krankheiten des Ohres und des Warzenfortsatzes,5,0.1,0.1
2024,Niedersachsen,DE-NI,H60-H62,H60-H62 Krankheiten des äußeren Ohres,,,
2024,Niedersachsen,DE-NI,H65-H75,H65-H75 Krankheiten des Mittelohres und des Warzenfortsatzes,5,0.1,0.1
2024,Niedersachsen,DE-NI,H80-H83,H80-H83 Krankheiten des Innenohres,,,
2024,Niedersachsen,DE-NI,H90-H95,H90-H95 Sonstige Krankheiten des Ohres,,,
2024,Niedersachsen,DE-NI,H90-H91,H90-H91 Hörverlust,,,
2024,Niedersachsen,DE-NI,I00-I99,I00-I99 Krankheiten des Kreislaufsystems,36444,455.2,439.7
2024,Niedersachsen,DE-NI,I00-I02,I00-I02 Akutes rheumatisches Fieber,11,0.1,0.1
2024,Niedersachsen,DE-NI,I05-I09,I05-I09 Chronische rheumatische Herzkrankheiten,544,6.8,6.6
2024,Niedersachsen,DE-NI,I10-I15,I10-I15 Hypertonie (Hochdruckkrankheit),5358,66.9,64.6
2024,Niedersachsen,DE-NI,I20-I25,I20-I25 Ischämische Herzkrankheiten,12182,152.2,146.9
2024,Niedersachsen,DE-NI,I21-I22,I21-I22 Herzinfarkt,3965,49.5,47.9
2024,Niedersachsen,DE-NI,I26-I28,I26-I28 Pulmonale Herzkrankheit und Krankheiten des Lungenkreislaufes,659,8.2,8.1
2024,Niedersachsen,DE-NI,I30-I52,I30-I52 Sonstige Formen der Herzkrankheit,10942,136.7,131.9
2024,Niedersachsen,DE-NI,I60-I69,I60-I69 Zerebrovaskuläre Krankheiten,5200,64.9,62.8
2024,Niedersachsen,DE-NI,I60-I61,I60-I61 Subarachnoidalblutung und intrazerebrale Blutung,915,11.4,11.1
2024,Niedersachsen,DE-NI,I70-I79,"I70-I79 Krankheiten der Arterien, Arteriolen und Kapillaren",1356,16.9,16.4
2024,Niedersachsen,DE-NI,I80-I89,"I80-I89 Krankheiten der Venen, der Lymphgefäße und der Lymphknoten andernorts nicht klassifiziert",164,2.0,2.0
2024,Niedersachsen,DE-NI,I95-I99,I95-I99 Sonstige und nicht näher bezeichnete Krankheiten des Kreislaufsystems,28,0.3,0.3
2024,Niedersachsen,DE-NI,J00-J99,J00-J99 Krankheiten des Atmungssystems,8556,106.9,103.6
2024,Niedersachsen,DE-NI,J00-J06,J00-J06 Akute Infektionen der oberen Atemwege,5,0.1,0.1
2024,Niedersachsen,DE-NI,J09-J18,J09-J18 Grippe und Pneumonie,2873,35.9,34.7
2024,Niedersachsen,DE-NI,J09-J11,J09-J11 Grippe,174,2.2,2.1
2024,Niedersachsen,DE-NI,J12-J18,J12-J18 Pneumonie,2699,33.7,32.6
2024,Niedersachsen,DE-NI,J20-J22,J20-J22 Sonstige akute Infektionen der unteren Atemwege,37,0.5,0.4
2024,Niedersachsen,DE-NI,J30-J39,J30-J39 Sonstige Krankheiten der oberen Atemwege,6,0.1,0.1
2024,Niedersachsen,DE-NI,J40-J47,J40-J47 Chronische Krankheiten der unteren Atemwege,4453,55.6,54.0
2024,Niedersachsen,DE-NI,J45-J46,J45-J46 Asthma,125,1.6,1.5
2024,Niedersachsen,DE-NI,J60-J70,J60-J70 Lungenkrankheiten durch exogene Substanzen,519,6.5,6.3
2024,Niedersachsen,DE-NI,J80-J84,"J80-J84 Sonstige Krankheiten der Atmungsorgane, die hauptsächlich das Interstitium betreffen",478,6.0,5.8
2024,Niedersachsen,DE-NI,J85-J86,J85-J86 Purulente und nekrotisierende Krankheitszustände der unteren Atemwege,41,0.5,0.5
2024,Niedersachsen,DE-NI,J90-J94,J90-J94 Sonstige Krankheiten der Pleura,58,0.7,0.7
2024,Niedersachsen,DE-NI,J95-J99,J95-J99 Sonstige Krankheiten des Atmungssystems,86,1.1,1.0
2024,Niedersachsen,DE-NI,K00-K93,K00-K93 Krankheiten des Verdauungssystems,4301,53.7,52.2
2024,Niedersachsen,DE-NI,K00-K14,"K00-K14 Krankheiten der Mundhöhle, der Speicheldrüsen und der Kiefer",,0.0,0.0
2024,Niedersachsen,DE-NI,K20-K31,"K20-K31 Krankheiten des Ösophagus, des Magens und des Duodenums",407,5.1,4.9
2024,Niedersachsen,DE-NI,K25-K28,"K25-K28 Ulcus ventriculi, Ulcus duodeni, Ulcus pepticum",274,3.4,3.3
2024,Niedersachsen,DE-NI,K35-K38,K35-K38 Krankheiten der Appendix,12,0.1,0.1
2024,Niedersachsen,DE-NI,K40-K46,K40-K46 Hernien,86,1.1,1.1
2024,Niedersachsen,DE-NI,K50-K52,K50-K52 Nichtinfektiöse Enteritis und Kolitis,77,1.0,0.9
2024,Niedersachsen,DE-NI,K55-K64,K55-K64 Sonstige Krankheiten des Darmes,1078,13.5,13.0
2024,Niedersachsen,DE-NI,K65-K67,K65-K67 Krankheiten des Peritoneums,67,0.8,0.8
2024,Niedersachsen,DE-NI,K70-K77,K70-K77 Krankheiten der Leber,1439,18.0,17.6
2024,Niedersachsen,DE-NI,K80-K87,"K80-K87 Krankheiten der Gallenblase, der Gallenwege und des Pankreas",477,6.0,5.8
2024,Niedersachsen,DE-NI,K90-K93,K90-K93 Sonstige Krankheiten des Verdauungssystems,656,8.2,7.9
2024,Niedersachsen,DE-NI,L00-L99,L00-L99 Krankheiten der Haut und der Unterhaut,181,2.3,2.2
2024,Niedersachsen,DE-NI,L00-L08,L00-L08 Infektionen der Haut und der Unterhaut,29,0.4,0.4
2024,Niedersachsen,DE-NI,L10-L14,L10-L14 Bullöse Dermatosen,8,0.1,0.1
2024,Niedersachsen,DE-NI,L20-L30,L20-L30 Dermatitis und Ekzem,,,
2024,Niedersachsen,DE-NI,L40-L45,L40-L45 Papulosquamöse Hautkrankheiten,7,0.1,0.1
2024,Niedersachsen,DE-NI,L40-L42,L40-L42 Psoriasis,7,0.1,0.1
2024,Niedersachsen,DE-NI,L50-L54,L50-L54 Urtikaria und Erythem,,0.0,0.0
2024,Niedersachsen,DE-NI,L55-L59,L55-L59 Krankheiten der Haut und der Unterhaut durch Strahleneinwirkung,,,
2024,Niedersachsen,DE-NI,L60-L75,L60-L75 Krankheiten der Hautanhangsgebilde,,,
2024,Niedersachsen,DE-NI,L80-L99,L80-L99 Sonstige Krankheiten der Haut und der Unterhaut,135,1.7,1.6
2024,Niedersachsen,DE-NI,M00-M99,M00-M99 Krankheiten des Muskel-Skelett-Systems und des Bindegewebes,519,6.5,6.3
2024,Niedersachsen,DE-NI,M00-M25,M00-M25 Arthropathien,184,2.3,2.2
2024,Niedersachsen,DE-NI,M00-M03,M00-M03 Infektiöse Arthropathien,12,0.1,0.1
2024,Niedersachsen,DE-NI,M05-M14,M05-M14 Entzündliche Polyarthropathien,111,1.4,1.3
2024,Niedersachsen,DE-NI,M15-M19,M15-M19 Arthrose,51,0.6,0.6
2024,Niedersachsen,DE-NI,M20-M25,M20-M25 Sonstige Gelenkkrankheiten,10,0.1,0.1
2024,Niedersachsen,DE-NI,M30-M36,M30-M36 Systemkrankheiten des Bindegewebes,67,0.8,0.8
2024,Niedersachsen,DE-NI,M40-M54,M40-M54 Krankheiten der Wirbelsäule und des Rückens,89,1.1,1.1
2024,Niedersachsen,DE-NI,M40-M43,M40-M43 Deformitäten der Wirbelsäule und des Rückens,4,0.0,0.0
2024,Niedersachsen,DE-NI,M45-M54,M45-M54 Dorsopathien,85,1.1,1.0
2024,Niedersachsen,DE-NI,M45-M49,M45-M49 Spondylopathien,82,1.0,1.0
2024,Niedersachsen,DE-NI,M50-M54,M50-M54 Sonstige Krankheiten der Wirbelsäule und des Rückens,3,0.0,0.0
2024,Niedersachsen,DE-NI,M60-M79,M60-M79 Krankheiten der Weichteilgewebe,90,1.1,1.1
2024,Niedersachsen,DE-NI,M60-M63,M60-M63 Krankheiten der Muskeln,47,0.6,0.6
2024,Niedersachsen,DE-NI,M65-M68,M65-M68 Krankheiten der Synovialis und der Sehnen,,,
2024,Niedersachsen,DE-NI,M70-M79,M70-M79 Sonstige Krankheiten des Weichteilgewebes,43,0.5,0.5
2024,Niedersachsen,DE-NI,M80-M94,M80-M94 Osteopathien und Chondropathien,89,1.1,1.1
2024,Niedersachsen,DE-NI,M80-M85,M80-M85 Veränderungen der Knochendichte und -struktur,75,0.9,0.9
2024,Niedersachsen,DE-NI,M80-M82,M80-M82 Osteoporose,75,0.9,0.9
2024,Niedersachsen,DE-NI,M86-M90,M86-M90 Sonstige Osteopathien,12,0.1,0.1
2024,Niedersachsen,DE-NI,M91-M94,M91-M94 Chondropathien,,0.0,0.0
2024,Niedersachsen,DE-NI,M95-M99,M95-M99 Sonstige Krankheiten des Muskel-Skelett-Systems und des Bindegewebes,,,
2024,Niedersachsen,DE-NI,N00-N99,N00-N99 Krankheiten des Urogenitalsystems,3526,44.0,42.4
2024,Niedersachsen,DE-NI,N00-N29,N00-N29 Krankheiten der Niere und des Ureters,2658,33.2,32.0
2024,Niedersachsen,DE-NI,N00-N08,N00-N08 Glomeruläre Krankheiten,22,0.3,0.3
2024,Niedersachsen,DE-NI,N10-N16,N10-N16 Tubulointerstitielle Nierenkrankheiten,80,1.0,1.0
2024,Niedersachsen,DE-NI,N17-N19,N17-N19 Niereninsuffizienz,2496,31.2,30.0
2024,Niedersachsen,DE-NI,N20-N23,N20-N23 Urolithiasis,34,0.4,0.4
2024,Niedersachsen,DE-NI,N25-N29,N25-N29 Sonstige Krankheiten der Niere und des Ureters,26,0.3,0.3
2024,Niedersachsen,DE-NI,N30-N39,N30-N39 Sonstige Krankheiten des Harnsystems,769,9.6,9.3
2024,Niedersachsen,DE-NI,N40-N51,N40-N51 Krankheiten der männlichen Genitalorgane,,,
2024,Niedersachsen,DE-NI,N60-N64,N60-N64 Krankheiten der Mamma (Brustdrüse),,0.0,0.0
2024,Niedersachsen,DE-NI,N70-N77,N70-N77 Entzündliche Krankheiten der weiblichen Beckenorgane,,,
2024,Niedersachsen,DE-NI,N80-N98,N80-N98 Nichtentzündliche Krankheiten des weiblichen Genitaltraktes,,,
2024,Niedersachsen,DE-NI,O00-O99,"O00-O99 Schwangerschaft, Geburt und Wochenbett",,,
2024,Niedersachsen,DE-NI,O00-O08,O00-O08 Schwangerschaft mit abortivem Ausgang,,,
2024,Niedersachsen,DE-NI,O10-O16,"O10-O16 Ödeme, Proteinurie und Hypertonie während der Schwangerschaft, der Geburt und des Wochenbettes",,,
2024,Niedersachsen,DE-NI,O20-O29,"O20-O29 Sonstige Krankheiten der Mutter, die vorwiegend mit der Schwangerschaft verbunden sind",,,
2024,Niedersachsen,DE-NI,O30-O48,O30-O48 Betreuung der Mutter im Hinblick auf den Fetus und die Amnionhöhle sowie mögliche Entbindungskomplikationen,,,
2024,Niedersachsen,DE-NI,O60-O75,O60-O75 Komplikationen bei Wehentätigkeit und Entbindung,,,
2024,Niedersachsen,DE-NI,O80-O84,O80-O84 Entbindung,,,
2024,Niedersachsen,DE-NI,O85-O92,"O85-O92 Komplikationen, die vorwiegend im Wochenbett auftreten",,,
2024,Niedersachsen,DE-NI,O94-O99,"O94-O99 Sonstige Krankheitszustände während der Gestationsperiode, die andernorts nicht klassifiziert sind",,,
2024,Niedersachsen,DE-NI,P00-P96,"P00-P96 Bestimmte Zustände, die ihren Ursprung in der Perinatalperiode haben",149,1.9,2.0
2024,Niedersachsen,DE-NI,P00-P04,"P00-P04 Schädigung des Fetus und Neugeborenen durch mütterliche Faktoren und durch Komplikationen bei Schwangerschaft, Wehentätigkeit und Entbindung",35,0.4,0.5
2024,Niedersachsen,DE-NI,P05-P08,P05-P08 Störungen im Zusammenhang mit der Schwangerschaftsdauer und dem fetalen Wachstum,52,0.6,0.7
2024,Niedersachsen,DE-NI,P10-P15,P10-P15 Geburtstrauma,,,
2024,Niedersachsen,DE-NI,P20-P29,"P20-P29 Krankheiten des Atmungs- und Herz-Kreislaufsystems, die für die Perinatalperiode spezifisch sind",18,0.2,0.2
2024,Niedersachsen,DE-NI,P35-P39,"P35-P39 Infektionen, die für die Perinatalperiode spezifisch sind",3,0.0,0.0
2024,Niedersachsen,DE-NI,P50-P61,P50-P61 Hämorrhagische und hämatologische Krankheiten beim Fetus und Neugeborenen,3,0.0,0.0
2024,Niedersachsen,DE-NI,P70-P74,"P70-P74 Transitorische endokrine und Stoffwechselstörungen, die für den Fetus und das Neugeborene spezifisch sind",,,
2024,Niedersachsen,DE-NI,P75-P78,P75-P78 Krankheiten des Verdauungssystems beim Fetus und Neugeborenen,4,0.0,0.1
2024,Niedersachsen,DE-NI,P80-P83,P80-P83 Krankheitszustände mit Beteiligung der Haut und der Temperaturregulation beim Fetus und Neugeborenen,3,0.0,0.0
2024,Niedersachsen,DE-NI,P90-P96,"P90-P96 Sonstige Störungen, die ihren Ursprung in der Perinatalperiode haben",31,0.4,0.4
2024,Niedersachsen,DE-NI,Q00-Q99,"Q00-Q99 Angeborene Fehlbildungen, Deformitäten und Chromosomenanomalien",220,2.7,2.8
2024,Niedersachsen,DE-NI,Q00-Q07,Q00-Q07 Angeborene Fehlbildungen des Nervensystems,17,0.2,0.2
2024,Niedersachsen,DE-NI,Q10-Q18,"Q10-Q18 Angeborene Fehlbildungen des Auges, des Ohres, des Gesichtes und des Halses",,,
2024,Niedersachsen,DE-NI,Q20-Q28,Q20-Q28 Angeborene Fehlbildungen des Kreislaufsystems,45,0.6,0.6
2024,Niedersachsen,DE-NI,Q30-Q34,Q30-Q34 Angeborene Fehlbildungen des Atmungssystems,11,0.1,0.2
2024,Niedersachsen,DE-NI,Q35-Q37,"Q35-Q37 Lippen-, Kiefer- und Gaumenspalte",,,
2024,Niedersachsen,DE-NI,Q38-Q45,Q38-Q45 Sonstige angeborene Fehlbildungen des Verdauungssystems,3,0.0,0.0
2024,Niedersachsen,DE-NI,Q50-Q56,Q50-Q56 Angeborene Fehlbildungen der Genitalorgane,,,
2024,Niedersachsen,DE-NI,Q60-Q64,Q60-Q64 Angeborene Fehlbildungen des Harnsystems,19,0.2,0.2
2024,Niedersachsen,DE-NI,Q65-Q79,Q65-Q79 Angeborene Fehlbildung und Deformitäten des Muskel-Skelett-Systems,6,0.1,0.1
2024,Niedersachsen,DE-NI,Q80-Q89,Q80-Q89 Sonstige angeborene Fehlbildungen,19,0.2,0.2
2024,Niedersachsen,DE-NI,Q90-Q99,"Q90-Q99 Chromosomenanomalien, anderenorts nicht klassifiziert",100,1.2,1.3
2024,Niedersachsen,DE-NI,R00-R99,"R00-R99 Symptome und abnorme klinische und Laborbefunde, die andernorts nicht klassifiziert sind",3292,41.1,40.3
2024,Niedersachsen,DE-NI,R00-R09,"R00-R09 Symptome, die das Kreislaufsystem und das Atmungssystem betreffen",22,0.3,0.3
2024,Niedersachsen,DE-NI,R10-R19,"R10-R19 Symptome, die das Verdauungssystem und das Abdomen betreffen",11,0.1,0.1
2024,Niedersachsen,DE-NI,R20-R23,"R20-R23 Symptome, die die Haut und das Unterhautgewebe betreffen",,,
2024,Niedersachsen,DE-NI,R25-R29,"R25-R29 Symptome, die das Nervensystem und das Muskel-Skelett-System betreffen",,0.0,0.0
2024,Niedersachsen,DE-NI,R30-R39,"R30-R39 Symptome, die das Harnsystem betreffen",,0.0,0.0
2024,Niedersachsen,DE-NI,R40-R46,"R40-R46 Symptome, die das Erkennungs- und Wahrnehmungsvermögen, die Stimmung und das Verhalten betreffen",3,0.0,0.0
2024,Niedersachsen,DE-NI,R47-R49,"R47-R49 Symptome, die die Sprache und die Stimme betreffen",,,
2024,Niedersachsen,DE-NI,R50-R69,R50-R69 Allgemeinsymptome,506,6.3,6.1
2024,Niedersachsen,DE-NI,R70-R79,R70-R79 Abnorme Blutuntersuchungsbefunde ohne Vorliegen einer Diagnose,,,
2024,Niedersachsen,DE-NI,R80-R82,R80-R82 Abnorme Urinuntersuchungsbefunde ohne Vorliegen einer Diagnose,,,
2024,Niedersachsen,DE-NI,R83-R89,"R83-R89 Abnorme Befunde ohne Vorliegen einer Diagnose bei der Untersuchung anderer Körperflüssigkeiten, Substanzen und Gewebe",,,
2024,Niedersachsen,DE-NI,R90-R94,R90-R94 Abnorme Befunde ohne Vorliegen einer Diagnose bei bildgebender Diagnostik und Funktionsprüfungen,,0.0,0.0
2024,Niedersachsen,DE-NI,R95-R99,R95-R99 Ungenau bezeichnete und unbekannte Todesursachen,2745,34.3,33.7
2024,Niedersachsen,DE-NI,R96-R99,R96-R99 Unbekannte Todesursache,2738,34.2,33.6
2024,Niedersachsen,DE-NI,S00-T98,"S00-T98 Verletzungen, Vergiftungen und bestimmte andere Folgen äußerer Ursachen",3448,43.1,42.1
2024,Niedersachsen,DE-NI,S00-T14,S00-T14 Verletzungen,2347,29.3,28.5
2024,Niedersachsen,DE-NI,S00-S09,S00-S09 Verletzungen des Kopfes,934,11.7,11.4
2024,Niedersachsen,DE-NI,S10-S19,S10-S19 Verletzungen des Halses,107,1.3,1.3
2024,Niedersachsen,DE-NI,S20-S29,S20-S29 Verletzungen des Thorax,144,1.8,1.7
2024,Niedersachsen,DE-NI,S30-S39,"S30-S39 Verletzungen des Abdomens, der Lumbosakralgegend, der Lendenwirbelsäule und des Beckens",129,1.6,1.6
2024,Niedersachsen,DE-NI,S40-S49,S40-S49 Verletzungen der Schulter und des Oberarmes,36,0.4,0.4
2024,Niedersachsen,DE-NI,S50-S59,S50-S59 Verletzungen des Ellenbogens und des Unterarmes,17,0.2,0.2
2024,Niedersachsen,DE-NI,S60-S69,S60-S69 Verletzungen des Handgelenkes und der Hand,11,0.1,0.1
2024,Niedersachsen,DE-NI,S70-S79,S70-S79 Verletzungen der Hüfte und des Oberschenkels,599,7.5,7.2
2024,Niedersachsen,DE-NI,S80-S89,S80-S89 Verletzungen des Knies und des Unterschenkels,17,0.2,0.2
2024,Niedersachsen,DE-NI,S90-S99,S90-S99 Verletzungen der Knöchelregion und des Fußes,,0.0,0.0
2024,Niedersachsen,DE-NI,T00-T07,T00-T07 Verletzungen mit Beteiligung mehrerer Körperregionen,217,2.7,2.7
2024,Niedersachsen,DE-NI,T08-T14,"T08-T14 Verletzungen nicht näher bezeichneter Teile des Rumpfes, der Extremitäten oder anderer Körperregionen",134,1.7,1.6
2024,Niedersachsen,DE-NI,T15-T19,T15-T19 Folgen des Eindringens eines Fremdkörpers durch eine natürliche Körperöffnung,92,1.1,1.1
2024,Niedersachsen,DE-NI,T20-T32,T20-T32 Verbrennungen oder Verätzungen,46,0.6,0.6
2024,Niedersachsen,DE-NI,T20-T25,"T20-T25 Verbrennungen oder Verätzungen der äußeren Körperoberfläche, Lokalisation bezeichnet",,0.0,0.0
2024,Niedersachsen,DE-NI,T26-T28,"T26-T28 Verbrennungen oder Verätzungen, die auf das Auge und auf innere Organe begrenzt sind",,0.0,0.0
2024,Niedersachsen,DE-NI,T29-T32,T29-T32 Verbrennungen oder Verätzungen mehrerer und nicht näher bezeichneter Körperregionen,43,0.5,0.5
2024,Niedersachsen,DE-NI,T33-T35,T33-T35 Erfrierungen,,,
2024,Niedersachsen,DE-NI,T36-T50,"T36-T50 Vergiftungen durch Arzneimittel, Drogen und biologisch aktive Substanzen",194,2.4,2.4
2024,Niedersachsen,DE-NI,T51-T65,T51-T65 Toxische Wirkungen von vorwiegend nicht medizinisch verwendeten Substanzen,76,0.9,0.9
2024,Niedersachsen,DE-NI,T66-T78,T66-T78 Sonstige und nicht näher bezeichnete Schäden durch äußere Ursachen,573,7.2,7.1
2024,Niedersachsen,DE-NI,T79-T79,T79-T79 Bestimmte Frühkomplikationen eines Traumas,15,0.2,0.2
2024,Niedersachsen,DE-NI,T80-T88,"T80-T88 Komplikationen bei chirurgischen Eingriffen und medizinischer Behandlung, anderenorts nicht klassifiziert",57,0.7,0.7
2024,Niedersachsen,DE-NI,T90-T98,"T90-T98 Folgen von Verletzungen, Vergiftungen und sonstigen Auswirkungen äußerer Ursachen",48,0.6,0.6
2024,Niedersachsen,DE-NI,U00-U99,U00-U99 Schlüsselnummern für besondere Zwecke,971,12.1,11.7
2024,Niedersachsen,DE-NI,U00-U49,U00-U49 Vorläufige Zuordnungen für Krankheiten mit unklarer Ätiologie und nicht belegte Schlüsselnummern,971,12.1,11.7
2024,Nordrhein-Westfalen,DE-NW,,Alle Krankheiten und Folgen äußerer Ursachen,220432,1222.9,1233.9
2024,Nordrhein-Westfalen,DE-NW,A00-B99,A00-B99 Bestimmte infektiöse und parasitäre Krankheiten,4815,26.7,26.9
2024,Nordrhein-Westfalen,DE-NW,A00-A09,A00-A09 Infektiöse Darmkrankheiten,839,4.7,4.7
2024,Nordrhein-Westfalen,DE-NW,A15-A19,A15-A19 Tuberkulose,52,0.3,0.3
2024,Nordrhein-Westfalen,DE-NW,A20-A28,A20-A28 Bestimmte bakterielle Zoonosen,,,
2024,Nordrhein-Westfalen,DE-NW,A30-A49,A30-A49 Sonstige bakterielle Krankheiten,2522,14.0,14.1
2024,Nordrhein-Westfalen,DE-NW,A50-A64,"A50-A64 Infektionen, vorwiegend durch Geschlechtsverkehr übertragen",,0.0,0.0
2024,Nordrhein-Westfalen,DE-NW,A65-A69,A65-A69 Sonstige Spirochätenkrankheiten,,0.0,0.0
2024,Nordrhein-Westfalen,DE-NW,A70-A74,A70-A74 Sonstige Krankheiten durch Chlamydien,,,
2024,Nordrhein-Westfalen,DE-NW,A75-A79,A75-A79 Rickettsiosen,,,
2024,Nordrhein-Westfalen,DE-NW,A80-A89,A80-A89 Virusinfektionen des Zentralnervensystems,46,0.3,0.3
2024,Nordrhein-Westfalen,DE-NW,A90-A99,A90-A99 Durch Arthropoden übertragene Viruskrankheiten und virale hämorrhagische Fieber,,0.0,0.0
2024,Nordrhein-Westfalen,DE-NW,B00-B09,"B00-B09 Virusinfektionen, durch Haut- und Schleimhautläsionen gekennzeichnet",57,0.3,0.3
2024,Nordrhein-Westfalen,DE-NW,B15-B19,B15-B19 Virushepatitis,135,0.7,0.8
2024,Nordrhein-Westfalen,DE-NW,B20-B24,B20-B24 HIV-Krankheit (Humane Immundefizienz-Viruskrankheit),70,0.4,0.4
2024,Nordrhein-Westfalen,DE-NW,B25-B34,B25-B34 Sonstige Viruskrankheiten,39,0.2,0.2
2024,Nordrhein-Westfalen,DE-NW,B35-B49,B35-B49 Mykosen,82,0.5,0.5
2024,Nordrhein-Westfalen,DE-NW,B50-B64,B50-B64 Protozoenkrankheiten,,0.0,0.0
2024,Nordrhein-Westfalen,DE-NW,B65-B83,B65-B83 Helminthosen,,0.0,0.0
2024,Nordrhein-Westfalen,DE-NW,B85-B89,"B85-B89 Pedikulose, Akarinose und sonstiger Parasitenbefall der Haut",3,0.0,0.0
2024,Nordrhein-Westfalen,DE-NW,B90-B94,B90-B94 Folgezustände von infektiösen und parasitären Krankheiten,200,1.1,1.1
2024,Nordrhein-Westfalen,DE-NW,B99-B99,B99-B99 Sonstige Infektionskrankheiten,764,4.2,4.2
2024,Nordrhein-Westfalen,DE-NW,C00-D48,C00-D48 Neubildungen,53036,294.2,299.0
2024,Nordrhein-Westfalen,DE-NW,C00-C97,C00-C97 Bösartige Neubildungen,51183,283.9,288.6
2024,Nordrhein-Westfalen,DE-NW,C00-C75,"C00-C75 Bösartige Neubildungen an genau bezeichneten Lokalisationen, als primär festgestellt oder vermutet, ausgenommen lymphatisches, blutbildendes und verwandtes Gewebe",44282,245.7,249.7
2024,Nordrhein-Westfalen,DE-NW,C00-C14,"C00-C14 Bösartige Neubildungen der Lippe, der Mundhöhle und des Pharynx",1104,6.1,6.2
2024,Nordrhein-Westfalen,DE-NW,C15-C26,C15-C26 Bösartige Neubildungen der Verdauungsorgane,14675,81.4,82.7
2024,Nordrhein-Westfalen,DE-NW,C18-C21,"C18-C21 Bösartige Neubildung des Kolons, des Rektums und des Anus",4913,27.3,27.6
2024,Nordrhein-Westfalen,DE-NW,C19-C21,C19-C21 Bösartige Neubildung des Rektums und des Anus,1857,10.3,10.4
2024,Nordrhein-Westfalen,DE-NW,C30-C39,C30-C39 Bösartige Neubildungen der Atmungsorgane und sonstiger intrathorakaler Organe,11835,65.7,66.8
2024,Nordrhein-Westfalen,DE-NW,C32-C34,"C32-C34 Bösartige Neubildung des Larynx, der Trachea, der Bronchien und der Lunge",11736,65.1,66.3
2024,Nordrhein-Westfalen,DE-NW,C33-C34,"C33-C34 Bösartige Neubildung der Trachea, Bronchien und der Lunge",11415,63.3,64.5
2024,Nordrhein-Westfalen,DE-NW,C40-C41,C40-C41 Bösartige Neubildungen des Knochens und des Gelenkknorpels,84,0.5,0.5
2024,Nordrhein-Westfalen,DE-NW,C43-C44,C43-C44 Melanom und sonstige bösartige Neubildungen der Haut,998,5.5,5.6
2024,Nordrhein-Westfalen,DE-NW,C45-C49,C45-C49 Bösartige Neubildungen des mesothelialen Gewebes und des Weichteilgewebes,772,4.3,4.4
2024,Nordrhein-Westfalen,DE-NW,C50-C50,C50-C50 Bösartige Neubildung der Brustdrüse,4037,22.4,22.7
2024,Nordrhein-Westfalen,DE-NW,C51-C58,C51-C58 Bösartige Neubildungen der weiblichen Genitalorgane,,,
2024,Nordrhein-Westfalen,DE-NW,C54-C55,C54-C55 Bösartige Neubildung sonstiger Teile der Gebärmutter,,,
2024,Nordrhein-Westfalen,DE-NW,C60-C63,C60-C63 Bösartige Neubildungen der männlichen Genitalorgane,,,
2024,Nordrhein-Westfalen,DE-NW,C64-C68,C64-C68 Bösartige Neubildungen der Harnorgane,3680,20.4,20.7
2024,Nordrhein-Westfalen,DE-NW,C69-C72,"C69-C72 Bösartige Neubildungen des Auges, des Gehirns und sonstiger Teile des Zentralnervensystems",1308,7.3,7.4
2024,Nordrhein-Westfalen,DE-NW,C73-C75,C73-C75 Bösartige Neubildungen der Schilddrüse und sonstiger endokriner Drüsen,173,1.0,1.0
2024,Nordrhein-Westfalen,DE-NW,C76-C80,"C76-C80 Bösartige Neubildungen ungenau bezeichneter, sekundärer und nicht näher bezeichneter Lokalisationen",2698,15.0,15.1
2024,Nordrhein-Westfalen,DE-NW,C81-C96,"C81-C96 Bösartige Neubildungen des lymphatischen, blutbildenden und verwandten Gewebes, als primär festgestellt oder vermutet",4203,23.3,23.8
2024,Nordrhein-Westfalen,DE-NW,C91-C95,C91-C95 Leukämie,1753,9.7,9.9
2024,Nordrhein-Westfalen,DE-NW,C97-C97,C97-C97 Bösartige Neubildungen als Primärtumoren an mehreren Lokalisationen,,,
2024,Nordrhein-Westfalen,DE-NW,D00-D09,D00-D09 In-situ-Neubildungen,3,0.0,0.0
2024,Nordrhein-Westfalen,DE-NW,D10-D36,D10-D36 Gutartige Neubildungen,185,1.0,1.0
2024,Nordrhein-Westfalen,DE-NW,D37-D48,D37-D48 Neubildungen unsicheren oder unbekannten Verhaltens,1665,9.2,9.3
2024,Nordrhein-Westfalen,DE-NW,D50-D90,D50-D90 Krankheiten des Blutes und der blutbildenden Organe sowie bestimmte Störungen mit Beteiligung des Immunsystems,1267,7.0,7.1
2024,Nordrhein-Westfalen,DE-NW,D50-D53,D50-D53 Alimentäre Anämien,108,0.6,0.6
2024,Nordrhein-Westfalen,DE-NW,D55-D59,D55-D59 Hämolytische Anämien,26,0.1,0.1
2024,Nordrhein-Westfalen,DE-NW,D60-D64,D60-D64 Aplastische und sonstige Anämien,569,3.2,3.1
2024,Nordrhein-Westfalen,DE-NW,D65-D69,"D65-D69 Koagulopathien, Purpura und sonstige hämorrhagische Diathesen",305,1.7,1.7
2024,Nordrhein-Westfalen,DE-NW,D70-D77,D70-D77 Sonstige Krankheiten des Blutes und der blutbildenden Organe,88,0.5,0.5
2024,Nordrhein-Westfalen,DE-NW,D80-D90,D80-D90 Bestimmte Störungen mit Beteiligung des Immunsystems,171,0.9,1.0
2024,Nordrhein-Westfalen,DE-NW,E00-E90,"E00-E90 Endokrine, Ernährungs- und Stoffwechselkrankheiten",8595,47.7,48.0
2024,Nordrhein-Westfalen,DE-NW,E00-E07,E00-E07 Krankheiten der Schilddrüse,206,1.1,1.2
2024,Nordrhein-Westfalen,DE-NW,E10-E14,E10-E14 Diabetes mellitus,5125,28.4,28.6
2024,Nordrhein-Westfalen,DE-NW,E15-E16,E15-E16 Sonstige Störungen der Blutglukose-Regulation und der inneren Sekretion des Pankreas,53,0.3,0.3
2024,Nordrhein-Westfalen,DE-NW,E20-E35,E20-E35 Krankheiten sonstiger endokriner Drüsen,68,0.4,0.4
2024,Nordrhein-Westfalen,DE-NW,E40-E46,E40-E46 Mangelernährung,249,1.4,1.4
2024,Nordrhein-Westfalen,DE-NW,E50-E64,E50-E64 Sonstige alimentäre Mangelzustände,60,0.3,0.3
2024,Nordrhein-Westfalen,DE-NW,E65-E68,E65-E68 Adipositas und sonstige Überernährung,519,2.9,2.9
2024,Nordrhein-Westfalen,DE-NW,E70-E90,E70-E90 Stoffwechselstörungen,2315,12.8,12.9
2024,Nordrhein-Westfalen,DE-NW,F00-F99,F00-F99 Psychische und Verhaltensstörungen,16543,91.8,92.0
2024,Nordrhein-Westfalen,DE-NW,F00-F09,"F00-F09 Organische, einschließlich symptomatischer psychischer Störungen",14136,78.4,78.5
2024,Nordrhein-Westfalen,DE-NW,F00-F03,F00-F03 Demenz,13982,77.6,77.7
2024,Nordrhein-Westfalen,DE-NW,F10-F19,F10-F19 Psychische und Verhaltensstörungen durch psychotrope Substanzen,1773,9.8,9.9
2024,Nordrhein-Westfalen,DE-NW,F20-F29,"F20-F29 Schizophrenie, schizotype und wahnhafte Störungen",177,1.0,1.0
2024,Nordrhein-Westfalen,DE-NW,F30-F39,F30-F39 Affektive Störungen,321,1.8,1.8
2024,Nordrhein-Westfalen,DE-NW,F32-F34,F32-F34 Depression,304,1.7,1.7
2024,Nordrhein-Westfalen,DE-NW,F40-F48,"F40-F48 Neurotische, Belastungs- und somatoforme Störungen",32,0.2,0.2
2024,Nordrhein-Westfalen,DE-NW,F40-F41,F40-F41 Phobische und andere Angststörungen,16,0.1,0.1
2024,Nordrhein-Westfalen,DE-NW,F50-F59,F50-F59 Verhaltensauffälligkeiten mit körperlichen Störungen und Faktoren,20,0.1,0.1
2024,Nordrhein-Westfalen,DE-NW,F60-F69,F60-F69 Persönlichkeits- und Verhaltensstörungen,10,0.1,0.1
2024,Nordrhein-Westfalen,DE-NW,F70-F79,F70-F79 Intelligenzminderung,46,0.3,0.3
2024,Nordrhein-Westfalen,DE-NW,F80-F89,F80-F89 Entwicklungsstörungen,6,0.0,0.0
2024,Nordrhein-Westfalen,DE-NW,F90-F98,F90-F98 Verhaltens- und emotionale Störungen mit Beginn in der Kindheit und Jugend,3,0.0,0.0
2024,Nordrhein-Westfalen,DE-NW,F99-F99,F99-F99 Nicht näher bezeichnete psychische Störungen,19,0.1,0.1
2024,Nordrhein-Westfalen,DE-NW,G00-H95,G00-H95 Krankheiten des Nervensystems und der Sinnesorgane,9246,51.3,52.2
2024,Nordrhein-Westfalen,DE-NW,G00-G99,G00-G99 Krankheiten des Nervensystems,9210,51.1,52.0
2024,Nordrhein-Westfalen,DE-NW,G00-G09,G00-G09 Entzündliche Krankheiten des Zentralnervensystems,185,1.0,1.1
2024,Nordrhein-Westfalen,DE-NW,G00-G03,G00-G03 Meningitis,24,0.1,0.1
2024,Nordrhein-Westfalen,DE-NW,G10-G14,"G10-G14 Systematrophien, die vorwiegend das Zentralnervensystem betreffen",609,3.4,3.4
2024,Nordrhein-Westfalen,DE-NW,G20-G26,G20-G26 Extrapyramidale Krankheiten und Bewegungsstörungen,3146,17.5,17.9
2024,Nordrhein-Westfalen,DE-NW,G30-G32,G30-G32 Sonstige degenerative Krankheiten des Nervensystems,2909,16.1,16.3
2024,Nordrhein-Westfalen,DE-NW,G35-G37,G35-G37 Demyelinisierende Krankheiten des Zentralnervensystems,349,1.9,2.0
2024,Nordrhein-Westfalen,DE-NW,G40-G47,G40-G47 Episodische und paroxysmale Krankheiten des Nervensystems,826,4.6,4.6
2024,Nordrhein-Westfalen,DE-NW,G40-G41,G40-G41 Epilepsie,741,4.1,4.2
2024,Nordrhein-Westfalen,DE-NW,G50-G59,"G50-G59 Krankheiten von Nerven, Nervenwurzeln und Nervenplexus",9,0.0,0.1
2024,Nordrhein-Westfalen,DE-NW,G60-G64,G60-G64 Polyneuropathien und sonstige Krankheiten des peripheren Nervensystems,153,0.8,0.9
2024,Nordrhein-Westfalen,DE-NW,G70-G73,G70-G73 Krankheiten im Bereich der neuromuskulären Synapse und des Muskels,160,0.9,0.9
2024,Nordrhein-Westfalen,DE-NW,G80-G83,G80-G83 Zerebrale Lähmung und sonstige Lähmungssyndrome,365,2.0,2.0
2024,Nordrhein-Westfalen,DE-NW,G90-G99,G90-G99 Sonstige Krankheiten des Nervensystems,499,2.8,2.8
2024,Nordrhein-Westfalen,DE-NW,H00-H59,H00-H59 Krankheiten des Auges und der Augenanhangsgebilde,22,0.1,0.1
2024,Nordrhein-Westfalen,DE-NW,H00-H06,"H00-H06 Affektionen des Augenlides, des Tränenapparates und der Orbita",,0.0,0.0
2024,Nordrhein-Westfalen,DE-NW,H10-H13,H10-H13 Affektionen der Konjunktiva,,0.0,0.0
2024,Nordrhein-Westfalen,DE-NW,H15-H22,"H15-H22 Affektionen der Sklera, der Hornhaut, der Iris und des Ziliarkörpers",,,
2024,Nordrhein-Westfalen,DE-NW,H25-H28,H25-H28 Affektionen der Linse,,,
2024,Nordrhein-Westfalen,DE-NW,H30-H36,H30-H36 Affektionen der Aderhaut und der Netzhaut,3,0.0,0.0
2024,Nordrhein-Westfalen,DE-NW,H40-H42,H40-H42 Glaukom,,,
2024,Nordrhein-Westfalen,DE-NW,H43-H45,H43-H45 Affektionen des Glaskörpers und des Augapfels,,,
2024,Nordrhein-Westfalen,DE-NW,H46-H48,H46-H48 Affektionen des Nervus opticus und der Sehbahn,,,
2024,Nordrhein-Westfalen,DE-NW,H49-H52,"H49-H52 Affektionen der Augenmuskeln, Störungen der Blickbewegungen sowie Akkommodationsstörungen und Refraktionsfehler",,,
2024,Nordrhein-Westfalen,DE-NW,H53-H54,H53-H54 Sehstörungen und Blindheit,14,0.1,0.1
2024,Nordrhein-Westfalen,DE-NW,H55-H59,H55-H59 Sonstige Affektionen des Auges und der Augenanhangsgebilde,,0.0,0.0
2024,Nordrhein-Westfalen,DE-NW,H60-H95,H60-H95 Krankheiten des Ohres und des Warzenfortsatzes,14,0.1,0.1
2024,Nordrhein-Westfalen,DE-NW,H60-H62,H60-H62 Krankheiten des äußeren Ohres,,0.0,0.0
2024,Nordrhein-Westfalen,DE-NW,H65-H75,H65-H75 Krankheiten des Mittelohres und des Warzenfortsatzes,7,0.0,0.0
2024,Nordrhein-Westfalen,DE-NW,H80-H83,H80-H83 Krankheiten des Innenohres,,0.0,0.0
2024,Nordrhein-Westfalen,DE-NW,H90-H95,H90-H95 Sonstige Krankheiten des Ohres,5,0.0,0.0
2024,Nordrhein-Westfalen,DE-NW,H90-H91,H90-H91 Hörverlust,,0.0,0.0
2024,Nordrhein-Westfalen,DE-NW,I00-I99,I00-I99 Krankheiten des Kreislaufsystems,64785,359.4,360.4
2024,Nordrhein-Westfalen,DE-NW,I00-I02,I00-I02 Akutes rheumatisches Fieber,22,0.1,0.1
2024,Nordrhein-Westfalen,DE-NW,I05-I09,I05-I09 Chronische rheumatische Herzkrankheiten,1822,10.1,10.1
2024,Nordrhein-Westfalen,DE-NW,I10-I15,I10-I15 Hypertonie (Hochdruckkrankheit),8273,45.9,45.7
2024,Nordrhein-Westfalen,DE-NW,I20-I25,I20-I25 Ischämische Herzkrankheiten,19889,110.3,110.9
2024,Nordrhein-Westfalen,DE-NW,I21-I22,I21-I22 Herzinfarkt,5817,32.3,32.6
2024,Nordrhein-Westfalen,DE-NW,I26-I28,I26-I28 Pulmonale Herzkrankheit und Krankheiten des Lungenkreislaufes,1359,7.5,7.6
2024,Nordrhein-Westfalen,DE-NW,I30-I52,I30-I52 Sonstige Formen der Herzkrankheit,20158,111.8,111.7
2024,Nordrhein-Westfalen,DE-NW,I60-I69,I60-I69 Zerebrovaskuläre Krankheiten,10593,58.8,59.3
2024,Nordrhein-Westfalen,DE-NW,I60-I61,I60-I61 Subarachnoidalblutung und intrazerebrale Blutung,1953,10.8,11.0
2024,Nordrhein-Westfalen,DE-NW,I70-I79,"I70-I79 Krankheiten der Arterien, Arteriolen und Kapillaren",2268,12.6,12.7
2024,Nordrhein-Westfalen,DE-NW,I80-I89,"I80-I89 Krankheiten der Venen, der Lymphgefäße und der Lymphknoten andernorts nicht klassifiziert",368,2.0,2.1
2024,Nordrhein-Westfalen,DE-NW,I95-I99,I95-I99 Sonstige und nicht näher bezeichnete Krankheiten des Kreislaufsystems,33,0.2,0.2
2024,Nordrhein-Westfalen,DE-NW,J00-J99,J00-J99 Krankheiten des Atmungssystems,18028,100.0,101.4
2024,Nordrhein-Westfalen,DE-NW,J00-J06,J00-J06 Akute Infektionen der oberen Atemwege,61,0.3,0.3
2024,Nordrhein-Westfalen,DE-NW,J09-J18,J09-J18 Grippe und Pneumonie,5213,28.9,29.1
2024,Nordrhein-Westfalen,DE-NW,J09-J11,J09-J11 Grippe,537,3.0,3.0
2024,Nordrhein-Westfalen,DE-NW,J12-J18,J12-J18 Pneumonie,4676,25.9,26.1
2024,Nordrhein-Westfalen,DE-NW,J20-J22,J20-J22 Sonstige akute Infektionen der unteren Atemwege,90,0.5,0.5
2024,Nordrhein-Westfalen,DE-NW,J30-J39,J30-J39 Sonstige Krankheiten der oberen Atemwege,50,0.3,0.3
2024,Nordrhein-Westfalen,DE-NW,J40-J47,J40-J47 Chronische Krankheiten der unteren Atemwege,9568,53.1,54.0
2024,Nordrhein-Westfalen,DE-NW,J45-J46,J45-J46 Asthma,279,1.5,1.6
2024,Nordrhein-Westfalen,DE-NW,J60-J70,J60-J70 Lungenkrankheiten durch exogene Substanzen,1055,5.9,5.9
2024,Nordrhein-Westfalen,DE-NW,J80-J84,"J80-J84 Sonstige Krankheiten der Atmungsorgane, die hauptsächlich das Interstitium betreffen",1102,6.1,6.2
2024,Nordrhein-Westfalen,DE-NW,J85-J86,J85-J86 Purulente und nekrotisierende Krankheitszustände der unteren Atemwege,163,0.9,0.9
2024,Nordrhein-Westfalen,DE-NW,J90-J94,J90-J94 Sonstige Krankheiten der Pleura,282,1.6,1.6
2024,Nordrhein-Westfalen,DE-NW,J95-J99,J95-J99 Sonstige Krankheiten des Atmungssystems,444,2.5,2.5
2024,Nordrhein-Westfalen,DE-NW,K00-K93,K00-K93 Krankheiten des Verdauungssystems,9177,50.9,51.4
2024,Nordrhein-Westfalen,DE-NW,K00-K14,"K00-K14 Krankheiten der Mundhöhle, der Speicheldrüsen und der Kiefer",37,0.2,0.2
2024,Nordrhein-Westfalen,DE-NW,K20-K31,"K20-K31 Krankheiten des Ösophagus, des Magens und des Duodenums",941,5.2,5.3
2024,Nordrhein-Westfalen,DE-NW,K25-K28,"K25-K28 Ulcus ventriculi, Ulcus duodeni, Ulcus pepticum",471,2.6,2.6
2024,Nordrhein-Westfalen,DE-NW,K35-K38,K35-K38 Krankheiten der Appendix,31,0.2,0.2
2024,Nordrhein-Westfalen,DE-NW,K40-K46,K40-K46 Hernien,301,1.7,1.7
2024,Nordrhein-Westfalen,DE-NW,K50-K52,K50-K52 Nichtinfektiöse Enteritis und Kolitis,192,1.1,1.1
2024,Nordrhein-Westfalen,DE-NW,K55-K64,K55-K64 Sonstige Krankheiten des Darmes,2252,12.5,12.6
2024,Nordrhein-Westfalen,DE-NW,K65-K67,K65-K67 Krankheiten des Peritoneums,134,0.7,0.8
2024,Nordrhein-Westfalen,DE-NW,K70-K77,K70-K77 Krankheiten der Leber,3190,17.7,17.9
2024,Nordrhein-Westfalen,DE-NW,K80-K87,"K80-K87 Krankheiten der Gallenblase, der Gallenwege und des Pankreas",1129,6.3,6.3
2024,Nordrhein-Westfalen,DE-NW,K90-K93,K90-K93 Sonstige Krankheiten des Verdauungssystems,970,5.4,5.4
2024,Nordrhein-Westfalen,DE-NW,L00-L99,L00-L99 Krankheiten der Haut und der Unterhaut,503,2.8,2.8
2024,Nordrhein-Westfalen,DE-NW,L00-L08,L00-L08 Infektionen der Haut und der Unterhaut,87,0.5,0.5
2024,Nordrhein-Westfalen,DE-NW,L10-L14,L10-L14 Bullöse Dermatosen,23,0.1,0.1
2024,Nordrhein-Westfalen,DE-NW,L20-L30,L20-L30 Dermatitis und Ekzem,12,0.1,0.1
2024,Nordrhein-Westfalen,DE-NW,L40-L45,L40-L45 Papulosquamöse Hautkrankheiten,11,0.1,0.1
2024,Nordrhein-Westfalen,DE-NW,L40-L42,L40-L42 Psoriasis,11,0.1,0.1
2024,Nordrhein-Westfalen,DE-NW,L50-L54,L50-L54 Urtikaria und Erythem,8,0.0,0.0
2024,Nordrhein-Westfalen,DE-NW,L55-L59,L55-L59 Krankheiten der Haut und der Unterhaut durch Strahleneinwirkung,,,
2024,Nordrhein-Westfalen,DE-NW,L60-L75,L60-L75 Krankheiten der Hautanhangsgebilde,,0.0,0.0
2024,Nordrhein-Westfalen,DE-NW,L80-L99,L80-L99 Sonstige Krankheiten der Haut und der Unterhaut,360,2.0,2.0
2024,Nordrhein-Westfalen,DE-NW,M00-M99,M00-M99 Krankheiten des Muskel-Skelett-Systems und des Bindegewebes,1858,10.3,10.4
2024,Nordrhein-Westfalen,DE-NW,M00-M25,M00-M25 Arthropathien,506,2.8,2.9
2024,Nordrhein-Westfalen,DE-NW,M00-M03,M00-M03 Infektiöse Arthropathien,71,0.4,0.4
2024,Nordrhein-Westfalen,DE-NW,M05-M14,M05-M14 Entzündliche Polyarthropathien,172,1.0,1.0
2024,Nordrhein-Westfalen,DE-NW,M15-M19,M15-M19 Arthrose,160,0.9,0.9
2024,Nordrhein-Westfalen,DE-NW,M20-M25,M20-M25 Sonstige Gelenkkrankheiten,103,0.6,0.6
2024,Nordrhein-Westfalen,DE-NW,M30-M36,M30-M36 Systemkrankheiten des Bindegewebes,169,0.9,1.0
2024,Nordrhein-Westfalen,DE-NW,M40-M54,M40-M54 Krankheiten der Wirbelsäule und des Rückens,402,2.2,2.2
2024,Nordrhein-Westfalen,DE-NW,M40-M43,M40-M43 Deformitäten der Wirbelsäule und des Rückens,15,0.1,0.1
2024,Nordrhein-Westfalen,DE-NW,M45-M54,M45-M54 Dorsopathien,387,2.1,2.2
2024,Nordrhein-Westfalen,DE-NW,M45-M49,M45-M49 Spondylopathien,301,1.7,1.7
2024,Nordrhein-Westfalen,DE-NW,M50-M54,M50-M54 Sonstige Krankheiten der Wirbelsäule und des Rückens,86,0.5,0.5
2024,Nordrhein-Westfalen,DE-NW,M60-M79,M60-M79 Krankheiten der Weichteilgewebe,443,2.5,2.5
2024,Nordrhein-Westfalen,DE-NW,M60-M63,M60-M63 Krankheiten der Muskeln,299,1.7,1.7
2024,Nordrhein-Westfalen,DE-NW,M65-M68,M65-M68 Krankheiten der Synovialis und der Sehnen,,,
2024,Nordrhein-Westfalen,DE-NW,M70-M79,M70-M79 Sonstige Krankheiten des Weichteilgewebes,144,0.8,0.8
2024,Nordrhein-Westfalen,DE-NW,M80-M94,M80-M94 Osteopathien und Chondropathien,336,1.9,1.9
2024,Nordrhein-Westfalen,DE-NW,M80-M85,M80-M85 Veränderungen der Knochendichte und -struktur,271,1.5,1.5
2024,Nordrhein-Westfalen,DE-NW,M80-M82,M80-M82 Osteoporose,241,1.3,1.3
2024,Nordrhein-Westfalen,DE-NW,M86-M90,M86-M90 Sonstige Osteopathien,64,0.4,0.4
2024,Nordrhein-Westfalen,DE-NW,M91-M94,M91-M94 Chondropathien,,0.0,0.0
2024,Nordrhein-Westfalen,DE-NW,M95-M99,M95-M99 Sonstige Krankheiten des Muskel-Skelett-Systems und des Bindegewebes,,0.0,0.0
2024,Nordrhein-Westfalen,DE-NW,N00-N99,N00-N99 Krankheiten des Urogenitalsystems,6478,35.9,36.1
2024,Nordrhein-Westfalen,DE-NW,N00-N29,N00-N29 Krankheiten der Niere und des Ureters,4512,25.0,25.1
2024,Nordrhein-Westfalen,DE-NW,N00-N08,N00-N08 Glomeruläre Krankheiten,34,0.2,0.2
2024,Nordrhein-Westfalen,DE-NW,N10-N16,N10-N16 Tubulointerstitielle Nierenkrankheiten,186,1.0,1.1
2024,Nordrhein-Westfalen,DE-NW,N17-N19,N17-N19 Niereninsuffizienz,4131,22.9,23.0
2024,Nordrhein-Westfalen,DE-NW,N20-N23,N20-N23 Urolithiasis,64,0.4,0.4
2024,Nordrhein-Westfalen,DE-NW,N25-N29,N25-N29 Sonstige Krankheiten der Niere und des Ureters,97,0.5,0.5
2024,Nordrhein-Westfalen,DE-NW,N30-N39,N30-N39 Sonstige Krankheiten des Harnsystems,1747,9.7,9.8
2024,Nordrhein-Westfalen,DE-NW,N40-N51,N40-N51 Krankheiten der männlichen Genitalorgane,,,
2024,Nordrhein-Westfalen,DE-NW,N60-N64,N60-N64 Krankheiten der Mamma (Brustdrüse),,,
2024,Nordrhein-Westfalen,DE-NW,N70-N77,N70-N77 Entzündliche Krankheiten der weiblichen Beckenorgane,,,
2024,Nordrhein-Westfalen,DE-NW,N80-N98,N80-N98 Nichtentzündliche Krankheiten des weiblichen Genitaltraktes,,,
2024,Nordrhein-Westfalen,DE-NW,O00-O99,"O00-O99 Schwangerschaft, Geburt und Wochenbett",,,
2024,Nordrhein-Westfalen,DE-NW,O00-O08,O00-O08 Schwangerschaft mit abortivem Ausgang,,,
2024,Nordrhein-Westfalen,DE-NW,O10-O16,"O10-O16 Ödeme, Proteinurie und Hypertonie während der Schwangerschaft, der Geburt und des Wochenbettes",,,
2024,Nordrhein-Westfalen,DE-NW,O20-O29,"O20-O29 Sonstige Krankheiten der Mutter, die vorwiegend mit der Schwangerschaft verbunden sind",,,
2024,Nordrhein-Westfalen,DE-NW,O30-O48,O30-O48 Betreuung der Mutter im Hinblick auf den Fetus und die Amnionhöhle sowie mögliche Entbindungskomplikationen,,,
2024,Nordrhein-Westfalen,DE-NW,O60-O75,O60-O75 Komplikationen bei Wehentätigkeit und Entbindung,,,
2024,Nordrhein-Westfalen,DE-NW,O80-O84,O80-O84 Entbindung,,,
2024,Nordrhein-Westfalen,DE-NW,O85-O92,"O85-O92 Komplikationen, die vorwiegend im Wochenbett auftreten",,,
2024,Nordrhein-Westfalen,DE-NW,O94-O99,"O94-O99 Sonstige Krankheitszustände während der Gestationsperiode, die andernorts nicht klassifiziert sind",,,
2024,Nordrhein-Westfalen,DE-NW,P00-P96,"P00-P96 Bestimmte Zustände, die ihren Ursprung in der Perinatalperiode haben",336,1.9,2.0
2024,Nordrhein-Westfalen,DE-NW,P00-P04,"P00-P04 Schädigung des Fetus und Neugeborenen durch mütterliche Faktoren und durch Komplikationen bei Schwangerschaft, Wehentätigkeit und Entbindung",152,0.8,0.9
2024,Nordrhein-Westfalen,DE-NW,P05-P08,P05-P08 Störungen im Zusammenhang mit der Schwangerschaftsdauer und dem fetalen Wachstum,24,0.1,0.1
2024,Nordrhein-Westfalen,DE-NW,P10-P15,P10-P15 Geburtstrauma,,0.0,0.0
2024,Nordrhein-Westfalen,DE-NW,P20-P29,"P20-P29 Krankheiten des Atmungs- und Herz-Kreislaufsystems, die für die Perinatalperiode spezifisch sind",74,0.4,0.4
2024,Nordrhein-Westfalen,DE-NW,P35-P39,"P35-P39 Infektionen, die für die Perinatalperiode spezifisch sind",21,0.1,0.1
2024,Nordrhein-Westfalen,DE-NW,P50-P61,P50-P61 Hämorrhagische und hämatologische Krankheiten beim Fetus und Neugeborenen,11,0.1,0.1
2024,Nordrhein-Westfalen,DE-NW,P70-P74,"P70-P74 Transitorische endokrine und Stoffwechselstörungen, die für den Fetus und das Neugeborene spezifisch sind",,,
2024,Nordrhein-Westfalen,DE-NW,P75-P78,P75-P78 Krankheiten des Verdauungssystems beim Fetus und Neugeborenen,20,0.1,0.1
2024,Nordrhein-Westfalen,DE-NW,P80-P83,P80-P83 Krankheitszustände mit Beteiligung der Haut und der Temperaturregulation beim Fetus und Neugeborenen,4,0.0,0.0
2024,Nordrhein-Westfalen,DE-NW,P90-P96,"P90-P96 Sonstige Störungen, die ihren Ursprung in der Perinatalperiode haben",29,0.2,0.2
2024,Nordrhein-Westfalen,DE-NW,Q00-Q99,"Q00-Q99 Angeborene Fehlbildungen, Deformitäten und Chromosomenanomalien",501,2.8,2.8
2024,Nordrhein-Westfalen,DE-NW,Q00-Q07,Q00-Q07 Angeborene Fehlbildungen des Nervensystems,49,0.3,0.3
2024,Nordrhein-Westfalen,DE-NW,Q10-Q18,"Q10-Q18 Angeborene Fehlbildungen des Auges, des Ohres, des Gesichtes und des Halses",,,
2024,Nordrhein-Westfalen,DE-NW,Q20-Q28,Q20-Q28 Angeborene Fehlbildungen des Kreislaufsystems,140,0.8,0.8
2024,Nordrhein-Westfalen,DE-NW,Q30-Q34,Q30-Q34 Angeborene Fehlbildungen des Atmungssystems,12,0.1,0.1
2024,Nordrhein-Westfalen,DE-NW,Q35-Q37,"Q35-Q37 Lippen-, Kiefer- und Gaumenspalte",,0.0,0.0
2024,Nordrhein-Westfalen,DE-NW,Q38-Q45,Q38-Q45 Sonstige angeborene Fehlbildungen des Verdauungssystems,15,0.1,0.1
2024,Nordrhein-Westfalen,DE-NW,Q50-Q56,Q50-Q56 Angeborene Fehlbildungen der Genitalorgane,,,
2024,Nordrhein-Westfalen,DE-NW,Q60-Q64,Q60-Q64 Angeborene Fehlbildungen des Harnsystems,50,0.3,0.3
2024,Nordrhein-Westfalen,DE-NW,Q65-Q79,Q65-Q79 Angeborene Fehlbildung und Deformitäten des Muskel-Skelett-Systems,15,0.1,0.1
2024,Nordrhein-Westfalen,DE-NW,Q80-Q89,Q80-Q89 Sonstige angeborene Fehlbildungen,48,0.3,0.3
2024,Nordrhein-Westfalen,DE-NW,Q90-Q99,"Q90-Q99 Chromosomenanomalien, anderenorts nicht klassifiziert",171,0.9,1.0
2024,Nordrhein-Westfalen,DE-NW,R00-R99,"R00-R99 Symptome und abnorme klinische und Laborbefunde, die andernorts nicht klassifiziert sind",12566,69.7,70.5
2024,Nordrhein-Westfalen,DE-NW,R00-R09,"R00-R09 Symptome, die das Kreislaufsystem und das Atmungssystem betreffen",257,1.4,1.4
2024,Nordrhein-Westfalen,DE-NW,R10-R19,"R10-R19 Symptome, die das Verdauungssystem und das Abdomen betreffen",29,0.2,0.2
2024,Nordrhein-Westfalen,DE-NW,R20-R23,"R20-R23 Symptome, die die Haut und das Unterhautgewebe betreffen",3,0.0,0.0
2024,Nordrhein-Westfalen,DE-NW,R25-R29,"R25-R29 Symptome, die das Nervensystem und das Muskel-Skelett-System betreffen",16,0.1,0.1
2024,Nordrhein-Westfalen,DE-NW,R30-R39,"R30-R39 Symptome, die das Harnsystem betreffen",,0.0,0.0
2024,Nordrhein-Westfalen,DE-NW,R40-R46,"R40-R46 Symptome, die das Erkennungs- und Wahrnehmungsvermögen, die Stimmung und das Verhalten betreffen",31,0.2,0.2
2024,Nordrhein-Westfalen,DE-NW,R47-R49,"R47-R49 Symptome, die die Sprache und die Stimme betreffen",,0.0,0.0
2024,Nordrhein-Westfalen,DE-NW,R50-R69,R50-R69 Allgemeinsymptome,1018,5.6,5.6
2024,Nordrhein-Westfalen,DE-NW,R70-R79,R70-R79 Abnorme Blutuntersuchungsbefunde ohne Vorliegen einer Diagnose,,,
2024,Nordrhein-Westfalen,DE-NW,R80-R82,R80-R82 Abnorme Urinuntersuchungsbefunde ohne Vorliegen einer Diagnose,,,
2024,Nordrhein-Westfalen,DE-NW,R83-R89,"R83-R89 Abnorme Befunde ohne Vorliegen einer Diagnose bei der Untersuchung anderer Körperflüssigkeiten, Substanzen und Gewebe",,,
2024,Nordrhein-Westfalen,DE-NW,R90-R94,R90-R94 Abnorme Befunde ohne Vorliegen einer Diagnose bei bildgebender Diagnostik und Funktionsprüfungen,,0.0,0.0
2024,Nordrhein-Westfalen,DE-NW,R95-R99,R95-R99 Ungenau bezeichnete und unbekannte Todesursachen,11207,62.2,63.0
2024,Nordrhein-Westfalen,DE-NW,R96-R99,R96-R99 Unbekannte Todesursache,11197,62.1,62.9
2024,Nordrhein-Westfalen,DE-NW,S00-T98,"S00-T98 Verletzungen, Vergiftungen und bestimmte andere Folgen äußerer Ursachen",10145,56.3,56.6
2024,Nordrhein-Westfalen,DE-NW,S00-T14,S00-T14 Verletzungen,6883,38.2,38.4
2024,Nordrhein-Westfalen,DE-NW,S00-S09,S00-S09 Verletzungen des Kopfes,2558,14.2,14.3
2024,Nordrhein-Westfalen,DE-NW,S10-S19,S10-S19 Verletzungen des Halses,273,1.5,1.5
2024,Nordrhein-Westfalen,DE-NW,S20-S29,S20-S29 Verletzungen des Thorax,463,2.6,2.6
2024,Nordrhein-Westfalen,DE-NW,S30-S39,"S30-S39 Verletzungen des Abdomens, der Lumbosakralgegend, der Lendenwirbelsäule und des Beckens",338,1.9,1.9
2024,Nordrhein-Westfalen,DE-NW,S40-S49,S40-S49 Verletzungen der Schulter und des Oberarmes,157,0.9,0.9
2024,Nordrhein-Westfalen,DE-NW,S50-S59,S50-S59 Verletzungen des Ellenbogens und des Unterarmes,51,0.3,0.3
2024,Nordrhein-Westfalen,DE-NW,S60-S69,S60-S69 Verletzungen des Handgelenkes und der Hand,18,0.1,0.1
2024,Nordrhein-Westfalen,DE-NW,S70-S79,S70-S79 Verletzungen der Hüfte und des Oberschenkels,1702,9.4,9.4
2024,Nordrhein-Westfalen,DE-NW,S80-S89,S80-S89 Verletzungen des Knies und des Unterschenkels,95,0.5,0.5
2024,Nordrhein-Westfalen,DE-NW,S90-S99,S90-S99 Verletzungen der Knöchelregion und des Fußes,5,0.0,0.0
2024,Nordrhein-Westfalen,DE-NW,T00-T07,T00-T07 Verletzungen mit Beteiligung mehrerer Körperregionen,330,1.8,1.8
2024,Nordrhein-Westfalen,DE-NW,T08-T14,"T08-T14 Verletzungen nicht näher bezeichneter Teile des Rumpfes, der Extremitäten oder anderer Körperregionen",893,5.0,5.0
2024,Nordrhein-Westfalen,DE-NW,T15-T19,T15-T19 Folgen des Eindringens eines Fremdkörpers durch eine natürliche Körperöffnung,432,2.4,2.4
2024,Nordrhein-Westfalen,DE-NW,T20-T32,T20-T32 Verbrennungen oder Verätzungen,92,0.5,0.5
2024,Nordrhein-Westfalen,DE-NW,T20-T25,"T20-T25 Verbrennungen oder Verätzungen der äußeren Körperoberfläche, Lokalisation bezeichnet",6,0.0,0.0
2024,Nordrhein-Westfalen,DE-NW,T26-T28,"T26-T28 Verbrennungen oder Verätzungen, die auf das Auge und auf innere Organe begrenzt sind",,0.0,0.0
2024,Nordrhein-Westfalen,DE-NW,T29-T32,T29-T32 Verbrennungen oder Verätzungen mehrerer und nicht näher bezeichneter Körperregionen,85,0.5,0.5
2024,Nordrhein-Westfalen,DE-NW,T33-T35,T33-T35 Erfrierungen,,0.0,0.0
2024,Nordrhein-Westfalen,DE-NW,T36-T50,"T36-T50 Vergiftungen durch Arzneimittel, Drogen und biologisch aktive Substanzen",477,2.6,2.7
2024,Nordrhein-Westfalen,DE-NW,T51-T65,T51-T65 Toxische Wirkungen von vorwiegend nicht medizinisch verwendeten Substanzen,263,1.5,1.5
2024,Nordrhein-Westfalen,DE-NW,T66-T78,T66-T78 Sonstige und nicht näher bezeichnete Schäden durch äußere Ursachen,943,5.2,5.3
2024,Nordrhein-Westfalen,DE-NW,T79-T79,T79-T79 Bestimmte Frühkomplikationen eines Traumas,37,0.2,0.2
2024,Nordrhein-Westfalen,DE-NW,T80-T88,"T80-T88 Komplikationen bei chirurgischen Eingriffen und medizinischer Behandlung, anderenorts nicht klassifiziert",22,0.1,0.1
2024,Nordrhein-Westfalen,DE-NW,T90-T98,"T90-T98 Folgen von Verletzungen, Vergiftungen und sonstigen Auswirkungen äußerer Ursachen",995,5.5,5.5
2024,Nordrhein-Westfalen,DE-NW,U00-U99,U00-U99 Schlüsselnummern für besondere Zwecke,2545,14.1,14.3
2024,Nordrhein-Westfalen,DE-NW,U00-U49,U00-U49 Vorläufige Zuordnungen für Krankheiten mit unklarer Ätiologie und nicht belegte Schlüsselnummern,2545,14.1,14.3
2024,Rheinland-Pfalz,DE-RP,,Alle Krankheiten und Folgen äußerer Ursachen,51157,1239.5,1222.6
2024,Rheinland-Pfalz,DE-RP,A00-B99,A00-B99 Bestimmte infektiöse und parasitäre Krankheiten,996,24.1,24.0
2024,Rheinland-Pfalz,DE-RP,A00-A09,A00-A09 Infektiöse Darmkrankheiten,201,4.9,4.9
2024,Rheinland-Pfalz,DE-RP,A15-A19,A15-A19 Tuberkulose,13,0.3,0.3
2024,Rheinland-Pfalz,DE-RP,A20-A28,A20-A28 Bestimmte bakterielle Zoonosen,,,
2024,Rheinland-Pfalz,DE-RP,A30-A49,A30-A49 Sonstige bakterielle Krankheiten,504,12.2,12.1
2024,Rheinland-Pfalz,DE-RP,A50-A64,"A50-A64 Infektionen, vorwiegend durch Geschlechtsverkehr übertragen",,0.0,0.0
2024,Rheinland-Pfalz,DE-RP,A65-A69,A65-A69 Sonstige Spirochätenkrankheiten,,,
2024,Rheinland-Pfalz,DE-RP,A70-A74,A70-A74 Sonstige Krankheiten durch Chlamydien,,,
2024,Rheinland-Pfalz,DE-RP,A75-A79,A75-A79 Rickettsiosen,,,
2024,Rheinland-Pfalz,DE-RP,A80-A89,A80-A89 Virusinfektionen des Zentralnervensystems,8,0.2,0.2
2024,Rheinland-Pfalz,DE-RP,A90-A99,A90-A99 Durch Arthropoden übertragene Viruskrankheiten und virale hämorrhagische Fieber,,,
2024,Rheinland-Pfalz,DE-RP,B00-B09,"B00-B09 Virusinfektionen, durch Haut- und Schleimhautläsionen gekennzeichnet",18,0.4,0.4
2024,Rheinland-Pfalz,DE-RP,B15-B19,B15-B19 Virushepatitis,14,0.3,0.3
2024,Rheinland-Pfalz,DE-RP,B20-B24,B20-B24 HIV-Krankheit (Humane Immundefizienz-Viruskrankheit),15,0.4,0.4
2024,Rheinland-Pfalz,DE-RP,B25-B34,B25-B34 Sonstige Viruskrankheiten,5,0.1,0.1
2024,Rheinland-Pfalz,DE-RP,B35-B49,B35-B49 Mykosen,16,0.4,0.4
2024,Rheinland-Pfalz,DE-RP,B50-B64,B50-B64 Protozoenkrankheiten,,,
2024,Rheinland-Pfalz,DE-RP,B65-B83,B65-B83 Helminthosen,,,
2024,Rheinland-Pfalz,DE-RP,B85-B89,"B85-B89 Pedikulose, Akarinose und sonstiger Parasitenbefall der Haut",,0.0,0.0
2024,Rheinland-Pfalz,DE-RP,B90-B94,B90-B94 Folgezustände von infektiösen und parasitären Krankheiten,47,1.1,1.1
2024,Rheinland-Pfalz,DE-RP,B99-B99,B99-B99 Sonstige Infektionskrankheiten,152,3.7,3.7
2024,Rheinland-Pfalz,DE-RP,C00-D48,C00-D48 Neubildungen,12143,294.2,289.4
2024,Rheinland-Pfalz,DE-RP,C00-C97,C00-C97 Bösartige Neubildungen,11655,282.4,277.7
2024,Rheinland-Pfalz,DE-RP,C00-C75,"C00-C75 Bösartige Neubildungen an genau bezeichneten Lokalisationen, als primär festgestellt oder vermutet, ausgenommen lymphatisches, blutbildendes und verwandtes Gewebe",10114,245.0,240.7
2024,Rheinland-Pfalz,DE-RP,C00-C14,"C00-C14 Bösartige Neubildungen der Lippe, der Mundhöhle und des Pharynx",239,5.8,5.6
2024,Rheinland-Pfalz,DE-RP,C15-C26,C15-C26 Bösartige Neubildungen der Verdauungsorgane,3416,82.8,81.3
2024,Rheinland-Pfalz,DE-RP,C18-C21,"C18-C21 Bösartige Neubildung des Kolons, des Rektums und des Anus",1171,28.4,27.9
2024,Rheinland-Pfalz,DE-RP,C19-C21,C19-C21 Bösartige Neubildung des Rektums und des Anus,462,11.2,10.9
2024,Rheinland-Pfalz,DE-RP,C30-C39,C30-C39 Bösartige Neubildungen der Atmungsorgane und sonstiger intrathorakaler Organe,2516,61.0,59.2
2024,Rheinland-Pfalz,DE-RP,C32-C34,"C32-C34 Bösartige Neubildung des Larynx, der Trachea, der Bronchien und der Lunge",2486,60.2,58.5
2024,Rheinland-Pfalz,DE-RP,C33-C34,"C33-C34 Bösartige Neubildung der Trachea, Bronchien und der Lunge",2425,58.8,57.0
2024,Rheinland-Pfalz,DE-RP,C40-C41,C40-C41 Bösartige Neubildungen des Knochens und des Gelenkknorpels,23,0.6,0.5
2024,Rheinland-Pfalz,DE-RP,C43-C44,C43-C44 Melanom und sonstige bösartige Neubildungen der Haut,263,6.4,6.3
2024,Rheinland-Pfalz,DE-RP,C45-C49,C45-C49 Bösartige Neubildungen des mesothelialen Gewebes und des Weichteilgewebes,138,3.3,3.3
2024,Rheinland-Pfalz,DE-RP,C50-C50,C50-C50 Bösartige Neubildung der Brustdrüse,982,23.8,23.6
2024,Rheinland-Pfalz,DE-RP,C51-C58,C51-C58 Bösartige Neubildungen der weiblichen Genitalorgane,,,
2024,Rheinland-Pfalz,DE-RP,C54-C55,C54-C55 Bösartige Neubildung sonstiger Teile der Gebärmutter,,,
2024,Rheinland-Pfalz,DE-RP,C60-C63,C60-C63 Bösartige Neubildungen der männlichen Genitalorgane,,,
2024,Rheinland-Pfalz,DE-RP,C64-C68,C64-C68 Bösartige Neubildungen der Harnorgane,810,19.6,19.5
2024,Rheinland-Pfalz,DE-RP,C69-C72,"C69-C72 Bösartige Neubildungen des Auges, des Gehirns und sonstiger Teile des Zentralnervensystems",316,7.7,7.6
2024,Rheinland-Pfalz,DE-RP,C73-C75,C73-C75 Bösartige Neubildungen der Schilddrüse und sonstiger endokriner Drüsen,48,1.2,1.2
2024,Rheinland-Pfalz,DE-RP,C76-C80,"C76-C80 Bösartige Neubildungen ungenau bezeichneter, sekundärer und nicht näher bezeichneter Lokalisationen",549,13.3,13.1
2024,Rheinland-Pfalz,DE-RP,C81-C96,"C81-C96 Bösartige Neubildungen des lymphatischen, blutbildenden und verwandten Gewebes, als primär festgestellt oder vermutet",992,24.0,23.9
2024,Rheinland-Pfalz,DE-RP,C91-C95,C91-C95 Leukämie,430,10.4,10.4
2024,Rheinland-Pfalz,DE-RP,C97-C97,C97-C97 Bösartige Neubildungen als Primärtumoren an mehreren Lokalisationen,,,
2024,Rheinland-Pfalz,DE-RP,D00-D09,D00-D09 In-situ-Neubildungen,,,
2024,Rheinland-Pfalz,DE-RP,D10-D36,D10-D36 Gutartige Neubildungen,41,1.0,1.0
2024,Rheinland-Pfalz,DE-RP,D37-D48,D37-D48 Neubildungen unsicheren oder unbekannten Verhaltens,447,10.8,10.7
2024,Rheinland-Pfalz,DE-RP,D50-D90,D50-D90 Krankheiten des Blutes und der blutbildenden Organe sowie bestimmte Störungen mit Beteiligung des Immunsystems,296,7.2,7.0
2024,Rheinland-Pfalz,DE-RP,D50-D53,D50-D53 Alimentäre Anämien,28,0.7,0.7
2024,Rheinland-Pfalz,DE-RP,D55-D59,D55-D59 Hämolytische Anämien,6,0.1,0.1
2024,Rheinland-Pfalz,DE-RP,D60-D64,D60-D64 Aplastische und sonstige Anämien,90,2.2,2.1
2024,Rheinland-Pfalz,DE-RP,D65-D69,"D65-D69 Koagulopathien, Purpura und sonstige hämorrhagische Diathesen",116,2.8,2.8
2024,Rheinland-Pfalz,DE-RP,D70-D77,D70-D77 Sonstige Krankheiten des Blutes und der blutbildenden Organe,20,0.5,0.5
2024,Rheinland-Pfalz,DE-RP,D80-D90,D80-D90 Bestimmte Störungen mit Beteiligung des Immunsystems,36,0.9,0.9
2024,Rheinland-Pfalz,DE-RP,E00-E90,"E00-E90 Endokrine, Ernährungs- und Stoffwechselkrankheiten",2029,49.2,48.5
2024,Rheinland-Pfalz,DE-RP,E00-E07,E00-E07 Krankheiten der Schilddrüse,44,1.1,1.0
2024,Rheinland-Pfalz,DE-RP,E10-E14,E10-E14 Diabetes mellitus,1345,32.6,32.1
2024,Rheinland-Pfalz,DE-RP,E15-E16,E15-E16 Sonstige Störungen der Blutglukose-Regulation und der inneren Sekretion des Pankreas,9,0.2,0.2
2024,Rheinland-Pfalz,DE-RP,E20-E35,E20-E35 Krankheiten sonstiger endokriner Drüsen,9,0.2,0.2
2024,Rheinland-Pfalz,DE-RP,E40-E46,E40-E46 Mangelernährung,31,0.8,0.7
2024,Rheinland-Pfalz,DE-RP,E50-E64,E50-E64 Sonstige alimentäre Mangelzustände,6,0.1,0.1
2024,Rheinland-Pfalz,DE-RP,E65-E68,E65-E68 Adipositas und sonstige Überernährung,107,2.6,2.5
2024,Rheinland-Pfalz,DE-RP,E70-E90,E70-E90 Stoffwechselstörungen,478,11.6,11.5
2024,Rheinland-Pfalz,DE-RP,F00-F99,F00-F99 Psychische und Verhaltensstörungen,3313,80.3,79.1
2024,Rheinland-Pfalz,DE-RP,F00-F09,"F00-F09 Organische, einschließlich symptomatischer psychischer Störungen",2930,71.0,70.0
2024,Rheinland-Pfalz,DE-RP,F00-F03,F00-F03 Demenz,2905,70.4,69.4
2024,Rheinland-Pfalz,DE-RP,F10-F19,F10-F19 Psychische und Verhaltensstörungen durch psychotrope Substanzen,255,6.2,6.0
2024,Rheinland-Pfalz,DE-RP,F20-F29,"F20-F29 Schizophrenie, schizotype und wahnhafte Störungen",42,1.0,1.0
2024,Rheinland-Pfalz,DE-RP,F30-F39,F30-F39 Affektive Störungen,52,1.3,1.3
2024,Rheinland-Pfalz,DE-RP,F32-F34,F32-F34 Depression,49,1.2,1.2
2024,Rheinland-Pfalz,DE-RP,F40-F48,"F40-F48 Neurotische, Belastungs- und somatoforme Störungen",12,0.3,0.3
2024,Rheinland-Pfalz,DE-RP,F40-F41,F40-F41 Phobische und andere Angststörungen,6,0.1,0.1
2024,Rheinland-Pfalz,DE-RP,F50-F59,F50-F59 Verhaltensauffälligkeiten mit körperlichen Störungen und Faktoren,8,0.2,0.2
2024,Rheinland-Pfalz,DE-RP,F60-F69,F60-F69 Persönlichkeits- und Verhaltensstörungen,,0.0,0.0
2024,Rheinland-Pfalz,DE-RP,F70-F79,F70-F79 Intelligenzminderung,4,0.1,0.1
2024,Rheinland-Pfalz,DE-RP,F80-F89,F80-F89 Entwicklungsstörungen,3,0.1,0.1
2024,Rheinland-Pfalz,DE-RP,F90-F98,F90-F98 Verhaltens- und emotionale Störungen mit Beginn in der Kindheit und Jugend,,0.0,0.0
2024,Rheinland-Pfalz,DE-RP,F99-F99,F99-F99 Nicht näher bezeichnete psychische Störungen,5,0.1,0.1
2024,Rheinland-Pfalz,DE-RP,G00-H95,G00-H95 Krankheiten des Nervensystems und der Sinnesorgane,2004,48.6,48.2
2024,Rheinland-Pfalz,DE-RP,G00-G99,G00-G99 Krankheiten des Nervensystems,2003,48.5,48.2
2024,Rheinland-Pfalz,DE-RP,G00-G09,G00-G09 Entzündliche Krankheiten des Zentralnervensystems,50,1.2,1.2
2024,Rheinland-Pfalz,DE-RP,G00-G03,G00-G03 Meningitis,12,0.3,0.3
2024,Rheinland-Pfalz,DE-RP,G10-G14,"G10-G14 Systematrophien, die vorwiegend das Zentralnervensystem betreffen",145,3.5,3.4
2024,Rheinland-Pfalz,DE-RP,G20-G26,G20-G26 Extrapyramidale Krankheiten und Bewegungsstörungen,672,16.3,16.3
2024,Rheinland-Pfalz,DE-RP,G30-G32,G30-G32 Sonstige degenerative Krankheiten des Nervensystems,567,13.7,13.7
2024,Rheinland-Pfalz,DE-RP,G35-G37,G35-G37 Demyelinisierende Krankheiten des Zentralnervensystems,92,2.2,2.2
2024,Rheinland-Pfalz,DE-RP,G40-G47,G40-G47 Episodische und paroxysmale Krankheiten des Nervensystems,201,4.9,4.8
2024,Rheinland-Pfalz,DE-RP,G40-G41,G40-G41 Epilepsie,180,4.4,4.3
2024,Rheinland-Pfalz,DE-RP,G50-G59,"G50-G59 Krankheiten von Nerven, Nervenwurzeln und Nervenplexus",,0.0,0.0
2024,Rheinland-Pfalz,DE-RP,G60-G64,G60-G64 Polyneuropathien und sonstige Krankheiten des peripheren Nervensystems,37,0.9,0.9
2024,Rheinland-Pfalz,DE-RP,G70-G73,G70-G73 Krankheiten im Bereich der neuromuskulären Synapse und des Muskels,39,0.9,1.0
2024,Rheinland-Pfalz,DE-RP,G80-G83,G80-G83 Zerebrale Lähmung und sonstige Lähmungssyndrome,64,1.6,1.5
2024,Rheinland-Pfalz,DE-RP,G90-G99,G90-G99 Sonstige Krankheiten des Nervensystems,135,3.3,3.2
2024,Rheinland-Pfalz,DE-RP,H00-H59,H00-H59 Krankheiten des Auges und der Augenanhangsgebilde,,,
2024,Rheinland-Pfalz,DE-RP,H00-H06,"H00-H06 Affektionen des Augenlides, des Tränenapparates und der Orbita",,,
2024,Rheinland-Pfalz,DE-RP,H10-H13,H10-H13 Affektionen der Konjunktiva,,,
2024,Rheinland-Pfalz,DE-RP,H15-H22,"H15-H22 Affektionen der Sklera, der Hornhaut, der Iris und des Ziliarkörpers",,,
2024,Rheinland-Pfalz,DE-RP,H25-H28,H25-H28 Affektionen der Linse,,,
2024,Rheinland-Pfalz,DE-RP,H30-H36,H30-H36 Affektionen der Aderhaut und der Netzhaut,,,
2024,Rheinland-Pfalz,DE-RP,H40-H42,H40-H42 Glaukom,,,
2024,Rheinland-Pfalz,DE-RP,H43-H45,H43-H45 Affektionen des Glaskörpers und des Augapfels,,,
2024,Rheinland-Pfalz,DE-RP,H46-H48,H46-H48 Affektionen des Nervus opticus und der Sehbahn,,,
2024,Rheinland-Pfalz,DE-RP,H49-H52,"H49-H52 Affektionen der Augenmuskeln, Störungen der Blickbewegungen sowie Akkommodationsstörungen und Refraktionsfehler",,,
2024,Rheinland-Pfalz,DE-RP,H53-H54,H53-H54 Sehstörungen und Blindheit,,,
2024,Rheinland-Pfalz,DE-RP,H55-H59,H55-H59 Sonstige Affektionen des Auges und der Augenanhangsgebilde,,,
2024,Rheinland-Pfalz,DE-RP,H60-H95,H60-H95 Krankheiten des Ohres und des Warzenfortsatzes,,0.0,0.0
2024,Rheinland-Pfalz,DE-RP,H60-H62,H60-H62 Krankheiten des äußeren Ohres,,,
2024,Rheinland-Pfalz,DE-RP,H65-H75,H65-H75 Krankheiten des Mittelohres und des Warzenfortsatzes,,0.0,0.0
2024,Rheinland-Pfalz,DE-RP,H80-H83,H80-H83 Krankheiten des Innenohres,,,
2024,Rheinland-Pfalz,DE-RP,H90-H95,H90-H95 Sonstige Krankheiten des Ohres,,,
2024,Rheinland-Pfalz,DE-RP,H90-H91,H90-H91 Hörverlust,,,
2024,Rheinland-Pfalz,DE-RP,I00-I99,I00-I99 Krankheiten des Kreislaufsystems,18105,438.7,432.4
2024,Rheinland-Pfalz,DE-RP,I00-I02,I00-I02 Akutes rheumatisches Fieber,11,0.3,0.2
2024,Rheinland-Pfalz,DE-RP,I05-I09,I05-I09 Chronische rheumatische Herzkrankheiten,399,9.7,9.5
2024,Rheinland-Pfalz,DE-RP,I10-I15,I10-I15 Hypertonie (Hochdruckkrankheit),2556,61.9,60.9
2024,Rheinland-Pfalz,DE-RP,I20-I25,I20-I25 Ischämische Herzkrankheiten,6072,147.1,145.1
2024,Rheinland-Pfalz,DE-RP,I21-I22,I21-I22 Herzinfarkt,2456,59.5,58.7
2024,Rheinland-Pfalz,DE-RP,I26-I28,I26-I28 Pulmonale Herzkrankheit und Krankheiten des Lungenkreislaufes,380,9.2,9.0
2024,Rheinland-Pfalz,DE-RP,I30-I52,I30-I52 Sonstige Formen der Herzkrankheit,5340,129.4,127.2
2024,Rheinland-Pfalz,DE-RP,I60-I69,I60-I69 Zerebrovaskuläre Krankheiten,2695,65.3,64.9
2024,Rheinland-Pfalz,DE-RP,I60-I61,I60-I61 Subarachnoidalblutung und intrazerebrale Blutung,499,12.1,12.1
2024,Rheinland-Pfalz,DE-RP,I70-I79,"I70-I79 Krankheiten der Arterien, Arteriolen und Kapillaren",524,12.7,12.5
2024,Rheinland-Pfalz,DE-RP,I80-I89,"I80-I89 Krankheiten der Venen, der Lymphgefäße und der Lymphknoten andernorts nicht klassifiziert",125,3.0,3.1
2024,Rheinland-Pfalz,DE-RP,I95-I99,I95-I99 Sonstige und nicht näher bezeichnete Krankheiten des Kreislaufsystems,3,0.1,0.1
2024,Rheinland-Pfalz,DE-RP,J00-J99,J00-J99 Krankheiten des Atmungssystems,3875,93.9,92.6
2024,Rheinland-Pfalz,DE-RP,J00-J06,J00-J06 Akute Infektionen der oberen Atemwege,6,0.1,0.1
2024,Rheinland-Pfalz,DE-RP,J09-J18,J09-J18 Grippe und Pneumonie,1144,27.7,27.4
2024,Rheinland-Pfalz,DE-RP,J09-J11,J09-J11 Grippe,161,3.9,3.9
2024,Rheinland-Pfalz,DE-RP,J12-J18,J12-J18 Pneumonie,983,23.8,23.5
2024,Rheinland-Pfalz,DE-RP,J20-J22,J20-J22 Sonstige akute Infektionen der unteren Atemwege,23,0.6,0.6
2024,Rheinland-Pfalz,DE-RP,J30-J39,J30-J39 Sonstige Krankheiten der oberen Atemwege,7,0.2,0.2
2024,Rheinland-Pfalz,DE-RP,J40-J47,J40-J47 Chronische Krankheiten der unteren Atemwege,2063,50.0,49.1
2024,Rheinland-Pfalz,DE-RP,J45-J46,J45-J46 Asthma,47,1.1,1.1
2024,Rheinland-Pfalz,DE-RP,J60-J70,J60-J70 Lungenkrankheiten durch exogene Substanzen,230,5.6,5.5
2024,Rheinland-Pfalz,DE-RP,J80-J84,"J80-J84 Sonstige Krankheiten der Atmungsorgane, die hauptsächlich das Interstitium betreffen",230,5.6,5.6
2024,Rheinland-Pfalz,DE-RP,J85-J86,J85-J86 Purulente und nekrotisierende Krankheitszustände der unteren Atemwege,37,0.9,0.9
2024,Rheinland-Pfalz,DE-RP,J90-J94,J90-J94 Sonstige Krankheiten der Pleura,52,1.3,1.3
2024,Rheinland-Pfalz,DE-RP,J95-J99,J95-J99 Sonstige Krankheiten des Atmungssystems,83,2.0,2.0
2024,Rheinland-Pfalz,DE-RP,K00-K93,K00-K93 Krankheiten des Verdauungssystems,2357,57.1,56.1
2024,Rheinland-Pfalz,DE-RP,K00-K14,"K00-K14 Krankheiten der Mundhöhle, der Speicheldrüsen und der Kiefer",,0.0,0.0
2024,Rheinland-Pfalz,DE-RP,K20-K31,"K20-K31 Krankheiten des Ösophagus, des Magens und des Duodenums",250,6.1,6.0
2024,Rheinland-Pfalz,DE-RP,K25-K28,"K25-K28 Ulcus ventriculi, Ulcus duodeni, Ulcus pepticum",134,3.2,3.3
2024,Rheinland-Pfalz,DE-RP,K35-K38,K35-K38 Krankheiten der Appendix,12,0.3,0.3
2024,Rheinland-Pfalz,DE-RP,K40-K46,K40-K46 Hernien,72,1.7,1.7
2024,Rheinland-Pfalz,DE-RP,K50-K52,K50-K52 Nichtinfektiöse Enteritis und Kolitis,46,1.1,1.1
2024,Rheinland-Pfalz,DE-RP,K55-K64,K55-K64 Sonstige Krankheiten des Darmes,569,13.8,13.6
2024,Rheinland-Pfalz,DE-RP,K65-K67,K65-K67 Krankheiten des Peritoneums,30,0.7,0.7
2024,Rheinland-Pfalz,DE-RP,K70-K77,K70-K77 Krankheiten der Leber,838,20.3,19.9
2024,Rheinland-Pfalz,DE-RP,K80-K87,"K80-K87 Krankheiten der Gallenblase, der Gallenwege und des Pankreas",280,6.8,6.7
2024,Rheinland-Pfalz,DE-RP,K90-K93,K90-K93 Sonstige Krankheiten des Verdauungssystems,258,6.3,6.1
2024,Rheinland-Pfalz,DE-RP,L00-L99,L00-L99 Krankheiten der Haut und der Unterhaut,110,2.7,2.6
2024,Rheinland-Pfalz,DE-RP,L00-L08,L00-L08 Infektionen der Haut und der Unterhaut,33,0.8,0.8
2024,Rheinland-Pfalz,DE-RP,L10-L14,L10-L14 Bullöse Dermatosen,9,0.2,0.2
2024,Rheinland-Pfalz,DE-RP,L20-L30,L20-L30 Dermatitis und Ekzem,,,
2024,Rheinland-Pfalz,DE-RP,L40-L45,L40-L45 Papulosquamöse Hautkrankheiten,5,0.1,0.1
2024,Rheinland-Pfalz,DE-RP,L40-L42,L40-L42 Psoriasis,5,0.1,0.1
2024,Rheinland-Pfalz,DE-RP,L50-L54,L50-L54 Urtikaria und Erythem,,,
2024,Rheinland-Pfalz,DE-RP,L55-L59,L55-L59 Krankheiten der Haut und der Unterhaut durch Strahleneinwirkung,,,
2024,Rheinland-Pfalz,DE-RP,L60-L75,L60-L75 Krankheiten der Hautanhangsgebilde,,,
2024,Rheinland-Pfalz,DE-RP,L80-L99,L80-L99 Sonstige Krankheiten der Haut und der Unterhaut,63,1.5,1.5
2024,Rheinland-Pfalz,DE-RP,M00-M99,M00-M99 Krankheiten des Muskel-Skelett-Systems und des Bindegewebes,367,8.9,8.8
2024,Rheinland-Pfalz,DE-RP,M00-M25,M00-M25 Arthropathien,121,2.9,2.9
2024,Rheinland-Pfalz,DE-RP,M00-M03,M00-M03 Infektiöse Arthropathien,20,0.5,0.5
2024,Rheinland-Pfalz,DE-RP,M05-M14,M05-M14 Entzündliche Polyarthropathien,38,0.9,0.9
2024,Rheinland-Pfalz,DE-RP,M15-M19,M15-M19 Arthrose,46,1.1,1.1
2024,Rheinland-Pfalz,DE-RP,M20-M25,M20-M25 Sonstige Gelenkkrankheiten,17,0.4,0.4
2024,Rheinland-Pfalz,DE-RP,M30-M36,M30-M36 Systemkrankheiten des Bindegewebes,49,1.2,1.2
2024,Rheinland-Pfalz,DE-RP,M40-M54,M40-M54 Krankheiten der Wirbelsäule und des Rückens,57,1.4,1.4
2024,Rheinland-Pfalz,DE-RP,M40-M43,M40-M43 Deformitäten der Wirbelsäule und des Rückens,,0.0,0.0
2024,Rheinland-Pfalz,DE-RP,M45-M54,M45-M54 Dorsopathien,56,1.4,1.4
2024,Rheinland-Pfalz,DE-RP,M45-M49,M45-M49 Spondylopathien,51,1.2,1.2
2024,Rheinland-Pfalz,DE-RP,M50-M54,M50-M54 Sonstige Krankheiten der Wirbelsäule und des Rückens,5,0.1,0.1
2024,Rheinland-Pfalz,DE-RP,M60-M79,M60-M79 Krankheiten der Weichteilgewebe,71,1.7,1.7
2024,Rheinland-Pfalz,DE-RP,M60-M63,M60-M63 Krankheiten der Muskeln,47,1.1,1.1
2024,Rheinland-Pfalz,DE-RP,M65-M68,M65-M68 Krankheiten der Synovialis und der Sehnen,,,
2024,Rheinland-Pfalz,DE-RP,M70-M79,M70-M79 Sonstige Krankheiten des Weichteilgewebes,24,0.6,0.6
2024,Rheinland-Pfalz,DE-RP,M80-M94,M80-M94 Osteopathien und Chondropathien,69,1.7,1.6
2024,Rheinland-Pfalz,DE-RP,M80-M85,M80-M85 Veränderungen der Knochendichte und -struktur,56,1.4,1.3
2024,Rheinland-Pfalz,DE-RP,M80-M82,M80-M82 Osteoporose,55,1.3,1.3
2024,Rheinland-Pfalz,DE-RP,M86-M90,M86-M90 Sonstige Osteopathien,12,0.3,0.3
2024,Rheinland-Pfalz,DE-RP,M91-M94,M91-M94 Chondropathien,,0.0,0.0
2024,Rheinland-Pfalz,DE-RP,M95-M99,M95-M99 Sonstige Krankheiten des Muskel-Skelett-Systems und des Bindegewebes,,,
2024,Rheinland-Pfalz,DE-RP,N00-N99,N00-N99 Krankheiten des Urogenitalsystems,1333,32.3,32.0
2024,Rheinland-Pfalz,DE-RP,N00-N29,N00-N29 Krankheiten der Niere und des Ureters,888,21.5,21.3
2024,Rheinland-Pfalz,DE-RP,N00-N08,N00-N08 Glomeruläre Krankheiten,9,0.2,0.2
2024,Rheinland-Pfalz,DE-RP,N10-N16,N10-N16 Tubulointerstitielle Nierenkrankheiten,49,1.2,1.2
2024,Rheinland-Pfalz,DE-RP,N17-N19,N17-N19 Niereninsuffizienz,802,19.4,19.2
2024,Rheinland-Pfalz,DE-RP,N20-N23,N20-N23 Urolithiasis,10,0.2,0.2
2024,Rheinland-Pfalz,DE-RP,N25-N29,N25-N29 Sonstige Krankheiten der Niere und des Ureters,18,0.4,0.4
2024,Rheinland-Pfalz,DE-RP,N30-N39,N30-N39 Sonstige Krankheiten des Harnsystems,394,9.5,9.5
2024,Rheinland-Pfalz,DE-RP,N40-N51,N40-N51 Krankheiten der männlichen Genitalorgane,,,
2024,Rheinland-Pfalz,DE-RP,N60-N64,N60-N64 Krankheiten der Mamma (Brustdrüse),,,
2024,Rheinland-Pfalz,DE-RP,N70-N77,N70-N77 Entzündliche Krankheiten der weiblichen Beckenorgane,,,
2024,Rheinland-Pfalz,DE-RP,N80-N98,N80-N98 Nichtentzündliche Krankheiten des weiblichen Genitaltraktes,,,
2024,Rheinland-Pfalz,DE-RP,O00-O99,"O00-O99 Schwangerschaft, Geburt und Wochenbett",,,
2024,Rheinland-Pfalz,DE-RP,O00-O08,O00-O08 Schwangerschaft mit abortivem Ausgang,,,
2024,Rheinland-Pfalz,DE-RP,O10-O16,"O10-O16 Ödeme, Proteinurie und Hypertonie während der Schwangerschaft, der Geburt und des Wochenbettes",,,
2024,Rheinland-Pfalz,DE-RP,O20-O29,"O20-O29 Sonstige Krankheiten der Mutter, die vorwiegend mit der Schwangerschaft verbunden sind",,,
2024,Rheinland-Pfalz,DE-RP,O30-O48,O30-O48 Betreuung der Mutter im Hinblick auf den Fetus und die Amnionhöhle sowie mögliche Entbindungskomplikationen,,,
2024,Rheinland-Pfalz,DE-RP,O60-O75,O60-O75 Komplikationen bei Wehentätigkeit und Entbindung,,,
2024,Rheinland-Pfalz,DE-RP,O80-O84,O80-O84 Entbindung,,,
2024,Rheinland-Pfalz,DE-RP,O85-O92,"O85-O92 Komplikationen, die vorwiegend im Wochenbett auftreten",,,
2024,Rheinland-Pfalz,DE-RP,O94-O99,"O94-O99 Sonstige Krankheitszustände während der Gestationsperiode, die andernorts nicht klassifiziert sind",,,
2024,Rheinland-Pfalz,DE-RP,P00-P96,"P00-P96 Bestimmte Zustände, die ihren Ursprung in der Perinatalperiode haben",84,2.0,2.2
2024,Rheinland-Pfalz,DE-RP,P00-P04,"P00-P04 Schädigung des Fetus und Neugeborenen durch mütterliche Faktoren und durch Komplikationen bei Schwangerschaft, Wehentätigkeit und Entbindung",15,0.4,0.4
2024,Rheinland-Pfalz,DE-RP,P05-P08,P05-P08 Störungen im Zusammenhang mit der Schwangerschaftsdauer und dem fetalen Wachstum,16,0.4,0.4
2024,Rheinland-Pfalz,DE-RP,P10-P15,P10-P15 Geburtstrauma,,,
2024,Rheinland-Pfalz,DE-RP,P20-P29,"P20-P29 Krankheiten des Atmungs- und Herz-Kreislaufsystems, die für die Perinatalperiode spezifisch sind",12,0.3,0.3
2024,Rheinland-Pfalz,DE-RP,P35-P39,"P35-P39 Infektionen, die für die Perinatalperiode spezifisch sind",5,0.1,0.1
2024,Rheinland-Pfalz,DE-RP,P50-P61,P50-P61 Hämorrhagische und hämatologische Krankheiten beim Fetus und Neugeborenen,5,0.1,0.1
2024,Rheinland-Pfalz,DE-RP,P70-P74,"P70-P74 Transitorische endokrine und Stoffwechselstörungen, die für den Fetus und das Neugeborene spezifisch sind",,,
2024,Rheinland-Pfalz,DE-RP,P75-P78,P75-P78 Krankheiten des Verdauungssystems beim Fetus und Neugeborenen,3,0.1,0.1
2024,Rheinland-Pfalz,DE-RP,P80-P83,P80-P83 Krankheitszustände mit Beteiligung der Haut und der Temperaturregulation beim Fetus und Neugeborenen,,0.0,0.1
2024,Rheinland-Pfalz,DE-RP,P90-P96,"P90-P96 Sonstige Störungen, die ihren Ursprung in der Perinatalperiode haben",26,0.6,0.6
2024,Rheinland-Pfalz,DE-RP,Q00-Q99,"Q00-Q99 Angeborene Fehlbildungen, Deformitäten und Chromosomenanomalien",108,2.6,2.6
2024,Rheinland-Pfalz,DE-RP,Q00-Q07,Q00-Q07 Angeborene Fehlbildungen des Nervensystems,10,0.2,0.2
2024,Rheinland-Pfalz,DE-RP,Q10-Q18,"Q10-Q18 Angeborene Fehlbildungen des Auges, des Ohres, des Gesichtes und des Halses",,,
2024,Rheinland-Pfalz,DE-RP,Q20-Q28,Q20-Q28 Angeborene Fehlbildungen des Kreislaufsystems,25,0.6,0.6
2024,Rheinland-Pfalz,DE-RP,Q30-Q34,Q30-Q34 Angeborene Fehlbildungen des Atmungssystems,,0.0,0.1
2024,Rheinland-Pfalz,DE-RP,Q35-Q37,"Q35-Q37 Lippen-, Kiefer- und Gaumenspalte",,,
2024,Rheinland-Pfalz,DE-RP,Q38-Q45,Q38-Q45 Sonstige angeborene Fehlbildungen des Verdauungssystems,7,0.2,0.2
2024,Rheinland-Pfalz,DE-RP,Q50-Q56,Q50-Q56 Angeborene Fehlbildungen der Genitalorgane,,,
2024,Rheinland-Pfalz,DE-RP,Q60-Q64,Q60-Q64 Angeborene Fehlbildungen des Harnsystems,3,0.1,0.1
2024,Rheinland-Pfalz,DE-RP,Q65-Q79,Q65-Q79 Angeborene Fehlbildung und Deformitäten des Muskel-Skelett-Systems,4,0.1,0.1
2024,Rheinland-Pfalz,DE-RP,Q80-Q89,Q80-Q89 Sonstige angeborene Fehlbildungen,12,0.3,0.3
2024,Rheinland-Pfalz,DE-RP,Q90-Q99,"Q90-Q99 Chromosomenanomalien, anderenorts nicht klassifiziert",45,1.1,1.1
2024,Rheinland-Pfalz,DE-RP,R00-R99,"R00-R99 Symptome und abnorme klinische und Laborbefunde, die andernorts nicht klassifiziert sind",1021,24.7,24.4
2024,Rheinland-Pfalz,DE-RP,R00-R09,"R00-R09 Symptome, die das Kreislaufsystem und das Atmungssystem betreffen",26,0.6,0.6
2024,Rheinland-Pfalz,DE-RP,R10-R19,"R10-R19 Symptome, die das Verdauungssystem und das Abdomen betreffen",,0.0,0.1
2024,Rheinland-Pfalz,DE-RP,R20-R23,"R20-R23 Symptome, die die Haut und das Unterhautgewebe betreffen",,,
2024,Rheinland-Pfalz,DE-RP,R25-R29,"R25-R29 Symptome, die das Nervensystem und das Muskel-Skelett-System betreffen",,0.0,0.0
2024,Rheinland-Pfalz,DE-RP,R30-R39,"R30-R39 Symptome, die das Harnsystem betreffen",,,
2024,Rheinland-Pfalz,DE-RP,R40-R46,"R40-R46 Symptome, die das Erkennungs- und Wahrnehmungsvermögen, die Stimmung und das Verhalten betreffen",,0.0,0.0
2024,Rheinland-Pfalz,DE-RP,R47-R49,"R47-R49 Symptome, die die Sprache und die Stimme betreffen",,,
2024,Rheinland-Pfalz,DE-RP,R50-R69,R50-R69 Allgemeinsymptome,170,4.1,4.0
2024,Rheinland-Pfalz,DE-RP,R70-R79,R70-R79 Abnorme Blutuntersuchungsbefunde ohne Vorliegen einer Diagnose,,0.0,0.0
2024,Rheinland-Pfalz,DE-RP,R80-R82,R80-R82 Abnorme Urinuntersuchungsbefunde ohne Vorliegen einer Diagnose,,,
2024,Rheinland-Pfalz,DE-RP,R83-R89,"R83-R89 Abnorme Befunde ohne Vorliegen einer Diagnose bei der Untersuchung anderer Körperflüssigkeiten, Substanzen und Gewebe",,,
2024,Rheinland-Pfalz,DE-RP,R90-R94,R90-R94 Abnorme Befunde ohne Vorliegen einer Diagnose bei bildgebender Diagnostik und Funktionsprüfungen,,,
2024,Rheinland-Pfalz,DE-RP,R95-R99,R95-R99 Ungenau bezeichnete und unbekannte Todesursachen,817,19.8,19.6
2024,Rheinland-Pfalz,DE-RP,R96-R99,R96-R99 Unbekannte Todesursache,812,19.7,19.4
2024,Rheinland-Pfalz,DE-RP,S00-T98,"S00-T98 Verletzungen, Vergiftungen und bestimmte andere Folgen äußerer Ursachen",2261,54.8,54.5
2024,Rheinland-Pfalz,DE-RP,S00-T14,S00-T14 Verletzungen,1561,37.8,37.5
2024,Rheinland-Pfalz,DE-RP,S00-S09,S00-S09 Verletzungen des Kopfes,646,15.7,15.5
2024,Rheinland-Pfalz,DE-RP,S10-S19,S10-S19 Verletzungen des Halses,91,2.2,2.2
2024,Rheinland-Pfalz,DE-RP,S20-S29,S20-S29 Verletzungen des Thorax,134,3.2,3.3
2024,Rheinland-Pfalz,DE-RP,S30-S39,"S30-S39 Verletzungen des Abdomens, der Lumbosakralgegend, der Lendenwirbelsäule und des Beckens",69,1.7,1.6
2024,Rheinland-Pfalz,DE-RP,S40-S49,S40-S49 Verletzungen der Schulter und des Oberarmes,38,0.9,0.9
2024,Rheinland-Pfalz,DE-RP,S50-S59,S50-S59 Verletzungen des Ellenbogens und des Unterarmes,13,0.3,0.3
2024,Rheinland-Pfalz,DE-RP,S60-S69,S60-S69 Verletzungen des Handgelenkes und der Hand,7,0.2,0.2
2024,Rheinland-Pfalz,DE-RP,S70-S79,S70-S79 Verletzungen der Hüfte und des Oberschenkels,406,9.8,9.7
2024,Rheinland-Pfalz,DE-RP,S80-S89,S80-S89 Verletzungen des Knies und des Unterschenkels,29,0.7,0.7
2024,Rheinland-Pfalz,DE-RP,S90-S99,S90-S99 Verletzungen der Knöchelregion und des Fußes,4,0.1,0.1
2024,Rheinland-Pfalz,DE-RP,T00-T07,T00-T07 Verletzungen mit Beteiligung mehrerer Körperregionen,62,1.5,1.5
2024,Rheinland-Pfalz,DE-RP,T08-T14,"T08-T14 Verletzungen nicht näher bezeichneter Teile des Rumpfes, der Extremitäten oder anderer Körperregionen",62,1.5,1.5
2024,Rheinland-Pfalz,DE-RP,T15-T19,T15-T19 Folgen des Eindringens eines Fremdkörpers durch eine natürliche Körperöffnung,64,1.6,1.6
2024,Rheinland-Pfalz,DE-RP,T20-T32,T20-T32 Verbrennungen oder Verätzungen,12,0.3,0.3
2024,Rheinland-Pfalz,DE-RP,T20-T25,"T20-T25 Verbrennungen oder Verätzungen der äußeren Körperoberfläche, Lokalisation bezeichnet",,0.0,0.1
2024,Rheinland-Pfalz,DE-RP,T26-T28,"T26-T28 Verbrennungen oder Verätzungen, die auf das Auge und auf innere Organe begrenzt sind",,,
2024,Rheinland-Pfalz,DE-RP,T29-T32,T29-T32 Verbrennungen oder Verätzungen mehrerer und nicht näher bezeichneter Körperregionen,10,0.2,0.2
2024,Rheinland-Pfalz,DE-RP,T33-T35,T33-T35 Erfrierungen,,,
2024,Rheinland-Pfalz,DE-RP,T36-T50,"T36-T50 Vergiftungen durch Arzneimittel, Drogen und biologisch aktive Substanzen",120,2.9,2.9
2024,Rheinland-Pfalz,DE-RP,T51-T65,T51-T65 Toxische Wirkungen von vorwiegend nicht medizinisch verwendeten Substanzen,56,1.4,1.4
2024,Rheinland-Pfalz,DE-RP,T66-T78,T66-T78 Sonstige und nicht näher bezeichnete Schäden durch äußere Ursachen,350,8.5,8.5
2024,Rheinland-Pfalz,DE-RP,T79-T79,T79-T79 Bestimmte Frühkomplikationen eines Traumas,9,0.2,0.2
2024,Rheinland-Pfalz,DE-RP,T80-T88,"T80-T88 Komplikationen bei chirurgischen Eingriffen und medizinischer Behandlung, anderenorts nicht klassifiziert",53,1.3,1.3
2024,Rheinland-Pfalz,DE-RP,T90-T98,"T90-T98 Folgen von Verletzungen, Vergiftungen und sonstigen Auswirkungen äußerer Ursachen",36,0.9,0.9
2024,Rheinland-Pfalz,DE-RP,U00-U99,U00-U99 Schlüsselnummern für besondere Zwecke,753,18.2,18.0
2024,Rheinland-Pfalz,DE-RP,U00-U49,U00-U49 Vorläufige Zuordnungen für Krankheiten mit unklarer Ätiologie und nicht belegte Schlüsselnummern,753,18.2,18.0
2024,Saarland,DE-SL,,Alle Krankheiten und Folgen äußerer Ursachen,14521,1433.3,1310.1
2024,Saarland,DE-SL,A00-B99,A00-B99 Bestimmte infektiöse und parasitäre Krankheiten,314,31.0,28.8
2024,Saarland,DE-SL,A00-A09,A00-A09 Infektiöse Darmkrankheiten,49,4.8,4.4
2024,Saarland,DE-SL,A15-A19,A15-A19 Tuberkulose,3,0.3,0.2
2024,Saarland,DE-SL,A20-A28,A20-A28 Bestimmte bakterielle Zoonosen,,,
2024,Saarland,DE-SL,A30-A49,A30-A49 Sonstige bakterielle Krankheiten,178,17.6,16.4
2024,Saarland,DE-SL,A50-A64,"A50-A64 Infektionen, vorwiegend durch Geschlechtsverkehr übertragen",,,
2024,Saarland,DE-SL,A65-A69,A65-A69 Sonstige Spirochätenkrankheiten,,,
2024,Saarland,DE-SL,A70-A74,A70-A74 Sonstige Krankheiten durch Chlamydien,,,
2024,Saarland,DE-SL,A75-A79,A75-A79 Rickettsiosen,,,
2024,Saarland,DE-SL,A80-A89,A80-A89 Virusinfektionen des Zentralnervensystems,6,0.6,0.6
2024,Saarland,DE-SL,A90-A99,A90-A99 Durch Arthropoden übertragene Viruskrankheiten und virale hämorrhagische Fieber,,,
2024,Saarland,DE-SL,B00-B09,"B00-B09 Virusinfektionen, durch Haut- und Schleimhautläsionen gekennzeichnet",,0.2,0.2
2024,Saarland,DE-SL,B15-B19,B15-B19 Virushepatitis,12,1.2,1.1
2024,Saarland,DE-SL,B20-B24,B20-B24 HIV-Krankheit (Humane Immundefizienz-Viruskrankheit),4,0.4,0.4
2024,Saarland,DE-SL,B25-B34,B25-B34 Sonstige Viruskrankheiten,3,0.3,0.3
2024,Saarland,DE-SL,B35-B49,B35-B49 Mykosen,3,0.3,0.3
2024,Saarland,DE-SL,B50-B64,B50-B64 Protozoenkrankheiten,,,
2024,Saarland,DE-SL,B65-B83,B65-B83 Helminthosen,,,
2024,Saarland,DE-SL,B85-B89,"B85-B89 Pedikulose, Akarinose und sonstiger Parasitenbefall der Haut",,,
2024,Saarland,DE-SL,B90-B94,B90-B94 Folgezustände von infektiösen und parasitären Krankheiten,8,0.8,0.7
2024,Saarland,DE-SL,B99-B99,B99-B99 Sonstige Infektionskrankheiten,46,4.5,4.3
2024,Saarland,DE-SL,C00-D48,C00-D48 Neubildungen,3339,329.6,301.8
2024,Saarland,DE-SL,C00-C97,C00-C97 Bösartige Neubildungen,3190,314.9,288.5
2024,Saarland,DE-SL,C00-C75,"C00-C75 Bösartige Neubildungen an genau bezeichneten Lokalisationen, als primär festgestellt oder vermutet, ausgenommen lymphatisches, blutbildendes und verwandtes Gewebe",2810,277.4,253.8
2024,Saarland,DE-SL,C00-C14,"C00-C14 Bösartige Neubildungen der Lippe, der Mundhöhle und des Pharynx",61,6.0,5.5
2024,Saarland,DE-SL,C15-C26,C15-C26 Bösartige Neubildungen der Verdauungsorgane,924,91.2,83.3
2024,Saarland,DE-SL,C18-C21,"C18-C21 Bösartige Neubildung des Kolons, des Rektums und des Anus",312,30.8,28.3
2024,Saarland,DE-SL,C19-C21,C19-C21 Bösartige Neubildung des Rektums und des Anus,129,12.7,11.6
2024,Saarland,DE-SL,C30-C39,C30-C39 Bösartige Neubildungen der Atmungsorgane und sonstiger intrathorakaler Organe,737,72.7,65.9
2024,Saarland,DE-SL,C32-C34,"C32-C34 Bösartige Neubildung des Larynx, der Trachea, der Bronchien und der Lunge",734,72.5,65.6
2024,Saarland,DE-SL,C33-C34,"C33-C34 Bösartige Neubildung der Trachea, Bronchien und der Lunge",710,70.1,63.4
2024,Saarland,DE-SL,C40-C41,C40-C41 Bösartige Neubildungen des Knochens und des Gelenkknorpels,,0.2,0.2
2024,Saarland,DE-SL,C43-C44,C43-C44 Melanom und sonstige bösartige Neubildungen der Haut,67,6.6,5.9
2024,Saarland,DE-SL,C45-C49,C45-C49 Bösartige Neubildungen des mesothelialen Gewebes und des Weichteilgewebes,41,4.0,3.7
2024,Saarland,DE-SL,C50-C50,C50-C50 Bösartige Neubildung der Brustdrüse,303,29.9,27.9
2024,Saarland,DE-SL,C51-C58,C51-C58 Bösartige Neubildungen der weiblichen Genitalorgane,,,
2024,Saarland,DE-SL,C54-C55,C54-C55 Bösartige Neubildung sonstiger Teile der Gebärmutter,,,
2024,Saarland,DE-SL,C60-C63,C60-C63 Bösartige Neubildungen der männlichen Genitalorgane,,,
2024,Saarland,DE-SL,C64-C68,C64-C68 Bösartige Neubildungen der Harnorgane,210,20.7,18.9
2024,Saarland,DE-SL,C69-C72,"C69-C72 Bösartige Neubildungen des Auges, des Gehirns und sonstiger Teile des Zentralnervensystems",77,7.6,7.2
2024,Saarland,DE-SL,C73-C75,C73-C75 Bösartige Neubildungen der Schilddrüse und sonstiger endokriner Drüsen,12,1.2,1.1
2024,Saarland,DE-SL,C76-C80,"C76-C80 Bösartige Neubildungen ungenau bezeichneter, sekundärer und nicht näher bezeichneter Lokalisationen",166,16.4,15.1
2024,Saarland,DE-SL,C81-C96,"C81-C96 Bösartige Neubildungen des lymphatischen, blutbildenden und verwandten Gewebes, als primär festgestellt oder vermutet",214,21.1,19.6
2024,Saarland,DE-SL,C91-C95,C91-C95 Leukämie,83,8.2,7.6
2024,Saarland,DE-SL,C97-C97,C97-C97 Bösartige Neubildungen als Primärtumoren an mehreren Lokalisationen,,,
2024,Saarland,DE-SL,D00-D09,D00-D09 In-situ-Neubildungen,,,
2024,Saarland,DE-SL,D10-D36,D10-D36 Gutartige Neubildungen,12,1.2,1.1
2024,Saarland,DE-SL,D37-D48,D37-D48 Neubildungen unsicheren oder unbekannten Verhaltens,137,13.5,12.3
2024,Saarland,DE-SL,D50-D90,D50-D90 Krankheiten des Blutes und der blutbildenden Organe sowie bestimmte Störungen mit Beteiligung des Immunsystems,78,7.7,6.9
2024,Saarland,DE-SL,D50-D53,D50-D53 Alimentäre Anämien,7,0.7,0.6
2024,Saarland,DE-SL,D55-D59,D55-D59 Hämolytische Anämien,,,
2024,Saarland,DE-SL,D60-D64,D60-D64 Aplastische und sonstige Anämien,40,3.9,3.4
2024,Saarland,DE-SL,D65-D69,"D65-D69 Koagulopathien, Purpura und sonstige hämorrhagische Diathesen",11,1.1,1.0
2024,Saarland,DE-SL,D70-D77,D70-D77 Sonstige Krankheiten des Blutes und der blutbildenden Organe,7,0.7,0.6
2024,Saarland,DE-SL,D80-D90,D80-D90 Bestimmte Störungen mit Beteiligung des Immunsystems,13,1.3,1.2
2024,Saarland,DE-SL,E00-E90,"E00-E90 Endokrine, Ernährungs- und Stoffwechselkrankheiten",827,81.6,74.2
2024,Saarland,DE-SL,E00-E07,E00-E07 Krankheiten der Schilddrüse,18,1.8,1.6
2024,Saarland,DE-SL,E10-E14,E10-E14 Diabetes mellitus,534,52.7,47.9
2024,Saarland,DE-SL,E15-E16,E15-E16 Sonstige Störungen der Blutglukose-Regulation und der inneren Sekretion des Pankreas,4,0.4,0.3
2024,Saarland,DE-SL,E20-E35,E20-E35 Krankheiten sonstiger endokriner Drüsen,,,
2024,Saarland,DE-SL,E40-E46,E40-E46 Mangelernährung,16,1.6,1.4
2024,Saarland,DE-SL,E50-E64,E50-E64 Sonstige alimentäre Mangelzustände,4,0.4,0.4
2024,Saarland,DE-SL,E65-E68,E65-E68 Adipositas und sonstige Überernährung,57,5.6,5.3
2024,Saarland,DE-SL,E70-E90,E70-E90 Stoffwechselstörungen,194,19.1,17.3
2024,Saarland,DE-SL,F00-F99,F00-F99 Psychische und Verhaltensstörungen,869,85.8,78.7
2024,Saarland,DE-SL,F00-F09,"F00-F09 Organische, einschließlich symptomatischer psychischer Störungen",687,67.8,61.7
2024,Saarland,DE-SL,F00-F03,F00-F03 Demenz,675,66.6,60.6
2024,Saarland,DE-SL,F10-F19,F10-F19 Psychische und Verhaltensstörungen durch psychotrope Substanzen,151,14.9,14.2
2024,Saarland,DE-SL,F20-F29,"F20-F29 Schizophrenie, schizotype und wahnhafte Störungen",11,1.1,1.0
2024,Saarland,DE-SL,F30-F39,F30-F39 Affektive Störungen,11,1.1,1.0
2024,Saarland,DE-SL,F32-F34,F32-F34 Depression,9,0.9,0.8
2024,Saarland,DE-SL,F40-F48,"F40-F48 Neurotische, Belastungs- und somatoforme Störungen",4,0.4,0.4
2024,Saarland,DE-SL,F40-F41,F40-F41 Phobische und andere Angststörungen,,0.2,0.2
2024,Saarland,DE-SL,F50-F59,F50-F59 Verhaltensauffälligkeiten mit körperlichen Störungen und Faktoren,,0.1,0.1
2024,Saarland,DE-SL,F60-F69,F60-F69 Persönlichkeits- und Verhaltensstörungen,,,
2024,Saarland,DE-SL,F70-F79,F70-F79 Intelligenzminderung,4,0.4,0.3
2024,Saarland,DE-SL,F80-F89,F80-F89 Entwicklungsstörungen,,,
2024,Saarland,DE-SL,F90-F98,F90-F98 Verhaltens- und emotionale Störungen mit Beginn in der Kindheit und Jugend,,,
2024,Saarland,DE-SL,F99-F99,F99-F99 Nicht näher bezeichnete psychische Störungen,,,
2024,Saarland,DE-SL,G00-H95,G00-H95 Krankheiten des Nervensystems und der Sinnesorgane,509,50.2,46.5
2024,Saarland,DE-SL,G00-G99,G00-G99 Krankheiten des Nervensystems,506,49.9,46.3
2024,Saarland,DE-SL,G00-G09,G00-G09 Entzündliche Krankheiten des Zentralnervensystems,10,1.0,1.0
2024,Saarland,DE-SL,G00-G03,G00-G03 Meningitis,,,
2024,Saarland,DE-SL,G10-G14,"G10-G14 Systematrophien, die vorwiegend das Zentralnervensystem betreffen",27,2.7,2.4
2024,Saarland,DE-SL,G20-G26,G20-G26 Extrapyramidale Krankheiten und Bewegungsstörungen,208,20.5,18.9
2024,Saarland,DE-SL,G30-G32,G30-G32 Sonstige degenerative Krankheiten des Nervensystems,101,10.0,9.3
2024,Saarland,DE-SL,G35-G37,G35-G37 Demyelinisierende Krankheiten des Zentralnervensystems,26,2.6,2.4
2024,Saarland,DE-SL,G40-G47,G40-G47 Episodische und paroxysmale Krankheiten des Nervensystems,49,4.8,4.4
2024,Saarland,DE-SL,G40-G41,G40-G41 Epilepsie,47,4.6,4.2
2024,Saarland,DE-SL,G50-G59,"G50-G59 Krankheiten von Nerven, Nervenwurzeln und Nervenplexus",,,
2024,Saarland,DE-SL,G60-G64,G60-G64 Polyneuropathien und sonstige Krankheiten des peripheren Nervensystems,12,1.2,1.1
2024,Saarland,DE-SL,G70-G73,G70-G73 Krankheiten im Bereich der neuromuskulären Synapse und des Muskels,13,1.3,1.2
2024,Saarland,DE-SL,G80-G83,G80-G83 Zerebrale Lähmung und sonstige Lähmungssyndrome,11,1.1,1.0
2024,Saarland,DE-SL,G90-G99,G90-G99 Sonstige Krankheiten des Nervensystems,49,4.8,4.5
2024,Saarland,DE-SL,H00-H59,H00-H59 Krankheiten des Auges und der Augenanhangsgebilde,,0.1,0.1
2024,Saarland,DE-SL,H00-H06,"H00-H06 Affektionen des Augenlides, des Tränenapparates und der Orbita",,,
2024,Saarland,DE-SL,H10-H13,H10-H13 Affektionen der Konjunktiva,,,
2024,Saarland,DE-SL,H15-H22,"H15-H22 Affektionen der Sklera, der Hornhaut, der Iris und des Ziliarkörpers",,,
2024,Saarland,DE-SL,H25-H28,H25-H28 Affektionen der Linse,,0.1,0.1
2024,Saarland,DE-SL,H30-H36,H30-H36 Affektionen der Aderhaut und der Netzhaut,,,
2024,Saarland,DE-SL,H40-H42,H40-H42 Glaukom,,,
2024,Saarland,DE-SL,H43-H45,H43-H45 Affektionen des Glaskörpers und des Augapfels,,,
2024,Saarland,DE-SL,H46-H48,H46-H48 Affektionen des Nervus opticus und der Sehbahn,,,
2024,Saarland,DE-SL,H49-H52,"H49-H52 Affektionen der Augenmuskeln, Störungen der Blickbewegungen sowie Akkommodationsstörungen und Refraktionsfehler",,,
2024,Saarland,DE-SL,H53-H54,H53-H54 Sehstörungen und Blindheit,,,
2024,Saarland,DE-SL,H55-H59,H55-H59 Sonstige Affektionen des Auges und der Augenanhangsgebilde,,,
2024,Saarland,DE-SL,H60-H95,H60-H95 Krankheiten des Ohres und des Warzenfortsatzes,,0.2,0.2
2024,Saarland,DE-SL,H60-H62,H60-H62 Krankheiten des äußeren Ohres,,,
2024,Saarland,DE-SL,H65-H75,H65-H75 Krankheiten des Mittelohres und des Warzenfortsatzes,,0.2,0.2
2024,Saarland,DE-SL,H80-H83,H80-H83 Krankheiten des Innenohres,,,
2024,Saarland,DE-SL,H90-H95,H90-H95 Sonstige Krankheiten des Ohres,,,
2024,Saarland,DE-SL,H90-H91,H90-H91 Hörverlust,,,
2024,Saarland,DE-SL,I00-I99,I00-I99 Krankheiten des Kreislaufsystems,4514,445.6,405.6
2024,Saarland,DE-SL,I00-I02,I00-I02 Akutes rheumatisches Fieber,,,
2024,Saarland,DE-SL,I05-I09,I05-I09 Chronische rheumatische Herzkrankheiten,73,7.2,6.7
2024,Saarland,DE-SL,I10-I15,I10-I15 Hypertonie (Hochdruckkrankheit),575,56.8,51.0
2024,Saarland,DE-SL,I20-I25,I20-I25 Ischämische Herzkrankheiten,1647,162.6,147.9
2024,Saarland,DE-SL,I21-I22,I21-I22 Herzinfarkt,558,55.1,50.7
2024,Saarland,DE-SL,I26-I28,I26-I28 Pulmonale Herzkrankheit und Krankheiten des Lungenkreislaufes,89,8.8,8.1
2024,Saarland,DE-SL,I30-I52,I30-I52 Sonstige Formen der Herzkrankheit,1194,117.9,107.6
2024,Saarland,DE-SL,I60-I69,I60-I69 Zerebrovaskuläre Krankheiten,728,71.9,65.6
2024,Saarland,DE-SL,I60-I61,I60-I61 Subarachnoidalblutung und intrazerebrale Blutung,148,14.6,13.7
2024,Saarland,DE-SL,I70-I79,"I70-I79 Krankheiten der Arterien, Arteriolen und Kapillaren",183,18.1,16.6
2024,Saarland,DE-SL,I80-I89,"I80-I89 Krankheiten der Venen, der Lymphgefäße und der Lymphknoten andernorts nicht klassifiziert",23,2.3,2.0
2024,Saarland,DE-SL,I95-I99,I95-I99 Sonstige und nicht näher bezeichnete Krankheiten des Kreislaufsystems,,0.2,0.2
2024,Saarland,DE-SL,J00-J99,J00-J99 Krankheiten des Atmungssystems,1227,121.1,109.9
2024,Saarland,DE-SL,J00-J06,J00-J06 Akute Infektionen der oberen Atemwege,,0.2,0.2
2024,Saarland,DE-SL,J09-J18,J09-J18 Grippe und Pneumonie,325,32.1,29.4
2024,Saarland,DE-SL,J09-J11,J09-J11 Grippe,39,3.8,3.6
2024,Saarland,DE-SL,J12-J18,J12-J18 Pneumonie,286,28.2,25.7
2024,Saarland,DE-SL,J20-J22,J20-J22 Sonstige akute Infektionen der unteren Atemwege,9,0.9,0.8
2024,Saarland,DE-SL,J30-J39,J30-J39 Sonstige Krankheiten der oberen Atemwege,,0.2,0.2
2024,Saarland,DE-SL,J40-J47,J40-J47 Chronische Krankheiten der unteren Atemwege,684,67.5,61.2
2024,Saarland,DE-SL,J45-J46,J45-J46 Asthma,10,1.0,0.9
2024,Saarland,DE-SL,J60-J70,J60-J70 Lungenkrankheiten durch exogene Substanzen,91,9.0,8.0
2024,Saarland,DE-SL,J80-J84,"J80-J84 Sonstige Krankheiten der Atmungsorgane, die hauptsächlich das Interstitium betreffen",64,6.3,5.8
2024,Saarland,DE-SL,J85-J86,J85-J86 Purulente und nekrotisierende Krankheitszustände der unteren Atemwege,13,1.3,1.2
2024,Saarland,DE-SL,J90-J94,J90-J94 Sonstige Krankheiten der Pleura,13,1.3,1.2
2024,Saarland,DE-SL,J95-J99,J95-J99 Sonstige Krankheiten des Atmungssystems,24,2.4,2.1
2024,Saarland,DE-SL,K00-K93,K00-K93 Krankheiten des Verdauungssystems,634,62.6,57.9
2024,Saarland,DE-SL,K00-K14,"K00-K14 Krankheiten der Mundhöhle, der Speicheldrüsen und der Kiefer",,0.2,0.2
2024,Saarland,DE-SL,K20-K31,"K20-K31 Krankheiten des Ösophagus, des Magens und des Duodenums",58,5.7,5.3
2024,Saarland,DE-SL,K25-K28,"K25-K28 Ulcus ventriculi, Ulcus duodeni, Ulcus pepticum",30,3.0,2.7
2024,Saarland,DE-SL,K35-K38,K35-K38 Krankheiten der Appendix,,0.1,0.1
2024,Saarland,DE-SL,K40-K46,K40-K46 Hernien,27,2.7,2.5
2024,Saarland,DE-SL,K50-K52,K50-K52 Nichtinfektiöse Enteritis und Kolitis,7,0.7,0.7
2024,Saarland,DE-SL,K55-K64,K55-K64 Sonstige Krankheiten des Darmes,132,13.0,12.1
2024,Saarland,DE-SL,K65-K67,K65-K67 Krankheiten des Peritoneums,11,1.1,1.0
2024,Saarland,DE-SL,K70-K77,K70-K77 Krankheiten der Leber,234,23.1,21.5
2024,Saarland,DE-SL,K80-K87,"K80-K87 Krankheiten der Gallenblase, der Gallenwege und des Pankreas",79,7.8,7.3
2024,Saarland,DE-SL,K90-K93,K90-K93 Sonstige Krankheiten des Verdauungssystems,83,8.2,7.2
2024,Saarland,DE-SL,L00-L99,L00-L99 Krankheiten der Haut und der Unterhaut,26,2.6,2.2
2024,Saarland,DE-SL,L00-L08,L00-L08 Infektionen der Haut und der Unterhaut,6,0.6,0.5
2024,Saarland,DE-SL,L10-L14,L10-L14 Bullöse Dermatosen,3,0.3,0.3
2024,Saarland,DE-SL,L20-L30,L20-L30 Dermatitis und Ekzem,,,
2024,Saarland,DE-SL,L40-L45,L40-L45 Papulosquamöse Hautkrankheiten,,0.1,0.1
2024,Saarland,DE-SL,L40-L42,L40-L42 Psoriasis,,0.1,0.1
2024,Saarland,DE-SL,L50-L54,L50-L54 Urtikaria und Erythem,,,
2024,Saarland,DE-SL,L55-L59,L55-L59 Krankheiten der Haut und der Unterhaut durch Strahleneinwirkung,,,
2024,Saarland,DE-SL,L60-L75,L60-L75 Krankheiten der Hautanhangsgebilde,,,
2024,Saarland,DE-SL,L80-L99,L80-L99 Sonstige Krankheiten der Haut und der Unterhaut,16,1.6,1.4
2024,Saarland,DE-SL,M00-M99,M00-M99 Krankheiten des Muskel-Skelett-Systems und des Bindegewebes,83,8.2,7.4
2024,Saarland,DE-SL,M00-M25,M00-M25 Arthropathien,24,2.4,2.1
2024,Saarland,DE-SL,M00-M03,M00-M03 Infektiöse Arthropathien,,0.2,0.2
2024,Saarland,DE-SL,M05-M14,M05-M14 Entzündliche Polyarthropathien,9,0.9,0.8
2024,Saarland,DE-SL,M15-M19,M15-M19 Arthrose,12,1.2,1.1
2024,Saarland,DE-SL,M20-M25,M20-M25 Sonstige Gelenkkrankheiten,,0.1,0.1
2024,Saarland,DE-SL,M30-M36,M30-M36 Systemkrankheiten des Bindegewebes,9,0.9,0.8
2024,Saarland,DE-SL,M40-M54,M40-M54 Krankheiten der Wirbelsäule und des Rückens,13,1.3,1.2
2024,Saarland,DE-SL,M40-M43,M40-M43 Deformitäten der Wirbelsäule und des Rückens,,0.1,0.1
2024,Saarland,DE-SL,M45-M54,M45-M54 Dorsopathien,12,1.2,1.1
2024,Saarland,DE-SL,M45-M49,M45-M49 Spondylopathien,12,1.2,1.1
2024,Saarland,DE-SL,M50-M54,M50-M54 Sonstige Krankheiten der Wirbelsäule und des Rückens,,,
2024,Saarland,DE-SL,M60-M79,M60-M79 Krankheiten der Weichteilgewebe,23,2.3,2.0
2024,Saarland,DE-SL,M60-M63,M60-M63 Krankheiten der Muskeln,20,2.0,1.7
2024,Saarland,DE-SL,M65-M68,M65-M68 Krankheiten der Synovialis und der Sehnen,,,
2024,Saarland,DE-SL,M70-M79,M70-M79 Sonstige Krankheiten des Weichteilgewebes,3,0.3,0.3
2024,Saarland,DE-SL,M80-M94,M80-M94 Osteopathien und Chondropathien,14,1.4,1.2
2024,Saarland,DE-SL,M80-M85,M80-M85 Veränderungen der Knochendichte und -struktur,9,0.9,0.8
2024,Saarland,DE-SL,M80-M82,M80-M82 Osteoporose,8,0.8,0.7
2024,Saarland,DE-SL,M86-M90,M86-M90 Sonstige Osteopathien,5,0.5,0.4
2024,Saarland,DE-SL,M91-M94,M91-M94 Chondropathien,,,
2024,Saarland,DE-SL,M95-M99,M95-M99 Sonstige Krankheiten des Muskel-Skelett-Systems und des Bindegewebes,,,
2024,Saarland,DE-SL,N00-N99,N00-N99 Krankheiten des Urogenitalsystems,531,52.4,47.3
2024,Saarland,DE-SL,N00-N29,N00-N29 Krankheiten der Niere und des Ureters,389,38.4,34.5
2024,Saarland,DE-SL,N00-N08,N00-N08 Glomeruläre Krankheiten,,0.2,0.2
2024,Saarland,DE-SL,N10-N16,N10-N16 Tubulointerstitielle Nierenkrankheiten,7,0.7,0.6
2024,Saarland,DE-SL,N17-N19,N17-N19 Niereninsuffizienz,378,37.3,33.6
2024,Saarland,DE-SL,N20-N23,N20-N23 Urolithiasis,,0.1,0.1
2024,Saarland,DE-SL,N25-N29,N25-N29 Sonstige Krankheiten der Niere und des Ureters,,0.1,0.1
2024,Saarland,DE-SL,N30-N39,N30-N39 Sonstige Krankheiten des Harnsystems,129,12.7,11.6
2024,Saarland,DE-SL,N40-N51,N40-N51 Krankheiten der männlichen Genitalorgane,,,
2024,Saarland,DE-SL,N60-N64,N60-N64 Krankheiten der Mamma (Brustdrüse),,,
2024,Saarland,DE-SL,N70-N77,N70-N77 Entzündliche Krankheiten der weiblichen Beckenorgane,,,
2024,Saarland,DE-SL,N80-N98,N80-N98 Nichtentzündliche Krankheiten des weiblichen Genitaltraktes,,,
2024,Saarland,DE-SL,O00-O99,"O00-O99 Schwangerschaft, Geburt und Wochenbett",,,
2024,Saarland,DE-SL,O00-O08,O00-O08 Schwangerschaft mit abortivem Ausgang,,,
2024,Saarland,DE-SL,O10-O16,"O10-O16 Ödeme, Proteinurie und Hypertonie während der Schwangerschaft, der Geburt und des Wochenbettes",,,
2024,Saarland,DE-SL,O20-O29,"O20-O29 Sonstige Krankheiten der Mutter, die vorwiegend mit der Schwangerschaft verbunden sind",,,
2024,Saarland,DE-SL,O30-O48,O30-O48 Betreuung der Mutter im Hinblick auf den Fetus und die Amnionhöhle sowie mögliche Entbindungskomplikationen,,,
2024,Saarland,DE-SL,O60-O75,O60-O75 Komplikationen bei Wehentätigkeit und Entbindung,,,
2024,Saarland,DE-SL,O80-O84,O80-O84 Entbindung,,,
2024,Saarland,DE-SL,O85-O92,"O85-O92 Komplikationen, die vorwiegend im Wochenbett auftreten",,,
2024,Saarland,DE-SL,O94-O99,"O94-O99 Sonstige Krankheitszustände während der Gestationsperiode, die andernorts nicht klassifiziert sind",,,
2024,Saarland,DE-SL,P00-P96,"P00-P96 Bestimmte Zustände, die ihren Ursprung in der Perinatalperiode haben",12,1.2,1.4
2024,Saarland,DE-SL,P00-P04,"P00-P04 Schädigung des Fetus und Neugeborenen durch mütterliche Faktoren und durch Komplikationen bei Schwangerschaft, Wehentätigkeit und Entbindung",,0.1,0.1
2024,Saarland,DE-SL,P05-P08,P05-P08 Störungen im Zusammenhang mit der Schwangerschaftsdauer und dem fetalen Wachstum,5,0.5,0.6
2024,Saarland,DE-SL,P10-P15,P10-P15 Geburtstrauma,,,
2024,Saarland,DE-SL,P20-P29,"P20-P29 Krankheiten des Atmungs- und Herz-Kreislaufsystems, die für die Perinatalperiode spezifisch sind",4,0.4,0.5
2024,Saarland,DE-SL,P35-P39,"P35-P39 Infektionen, die für die Perinatalperiode spezifisch sind",,0.2,0.2
2024,Saarland,DE-SL,P50-P61,P50-P61 Hämorrhagische und hämatologische Krankheiten beim Fetus und Neugeborenen,,,
2024,Saarland,DE-SL,P70-P74,"P70-P74 Transitorische endokrine und Stoffwechselstörungen, die für den Fetus und das Neugeborene spezifisch sind",,,
2024,Saarland,DE-SL,P75-P78,P75-P78 Krankheiten des Verdauungssystems beim Fetus und Neugeborenen,,,
2024,Saarland,DE-SL,P80-P83,P80-P83 Krankheitszustände mit Beteiligung der Haut und der Temperaturregulation beim Fetus und Neugeborenen,,,
2024,Saarland,DE-SL,P90-P96,"P90-P96 Sonstige Störungen, die ihren Ursprung in der Perinatalperiode haben",,,
2024,Saarland,DE-SL,Q00-Q99,"Q00-Q99 Angeborene Fehlbildungen, Deformitäten und Chromosomenanomalien",28,2.8,2.9
2024,Saarland,DE-SL,Q00-Q07,Q00-Q07 Angeborene Fehlbildungen des Nervensystems,,0.1,0.1
2024,Saarland,DE-SL,Q10-Q18,"Q10-Q18 Angeborene Fehlbildungen des Auges, des Ohres, des Gesichtes und des Halses",,,
2024,Saarland,DE-SL,Q20-Q28,Q20-Q28 Angeborene Fehlbildungen des Kreislaufsystems,8,0.8,0.9
2024,Saarland,DE-SL,Q30-Q34,Q30-Q34 Angeborene Fehlbildungen des Atmungssystems,,,
2024,Saarland,DE-SL,Q35-Q37,"Q35-Q37 Lippen-, Kiefer- und Gaumenspalte",,,
2024,Saarland,DE-SL,Q38-Q45,Q38-Q45 Sonstige angeborene Fehlbildungen des Verdauungssystems,,0.2,0.2
2024,Saarland,DE-SL,Q50-Q56,Q50-Q56 Angeborene Fehlbildungen der Genitalorgane,,,
2024,Saarland,DE-SL,Q60-Q64,Q60-Q64 Angeborene Fehlbildungen des Harnsystems,,0.1,0.1
2024,Saarland,DE-SL,Q65-Q79,Q65-Q79 Angeborene Fehlbildung und Deformitäten des Muskel-Skelett-Systems,,,
2024,Saarland,DE-SL,Q80-Q89,Q80-Q89 Sonstige angeborene Fehlbildungen,4,0.4,0.4
2024,Saarland,DE-SL,Q90-Q99,"Q90-Q99 Chromosomenanomalien, anderenorts nicht klassifiziert",12,1.2,1.1
2024,Saarland,DE-SL,R00-R99,"R00-R99 Symptome und abnorme klinische und Laborbefunde, die andernorts nicht klassifiziert sind",799,78.9,72.1
2024,Saarland,DE-SL,R00-R09,"R00-R09 Symptome, die das Kreislaufsystem und das Atmungssystem betreffen",6,0.6,0.6
2024,Saarland,DE-SL,R10-R19,"R10-R19 Symptome, die das Verdauungssystem und das Abdomen betreffen",,0.2,0.2
2024,Saarland,DE-SL,R20-R23,"R20-R23 Symptome, die die Haut und das Unterhautgewebe betreffen",,,
2024,Saarland,DE-SL,R25-R29,"R25-R29 Symptome, die das Nervensystem und das Muskel-Skelett-System betreffen",,0.1,0.1
2024,Saarland,DE-SL,R30-R39,"R30-R39 Symptome, die das Harnsystem betreffen",,,
2024,Saarland,DE-SL,R40-R46,"R40-R46 Symptome, die das Erkennungs- und Wahrnehmungsvermögen, die Stimmung und das Verhalten betreffen",,0.1,0.1
2024,Saarland,DE-SL,R47-R49,"R47-R49 Symptome, die die Sprache und die Stimme betreffen",,,
2024,Saarland,DE-SL,R50-R69,R50-R69 Allgemeinsymptome,69,6.8,6.1
2024,Saarland,DE-SL,R70-R79,R70-R79 Abnorme Blutuntersuchungsbefunde ohne Vorliegen einer Diagnose,,0.1,0.1
2024,Saarland,DE-SL,R80-R82,R80-R82 Abnorme Urinuntersuchungsbefunde ohne Vorliegen einer Diagnose,,,
2024,Saarland,DE-SL,R83-R89,"R83-R89 Abnorme Befunde ohne Vorliegen einer Diagnose bei der Untersuchung anderer Körperflüssigkeiten, Substanzen und Gewebe",,,
2024,Saarland,DE-SL,R90-R94,R90-R94 Abnorme Befunde ohne Vorliegen einer Diagnose bei bildgebender Diagnostik und Funktionsprüfungen,,0.1,0.1
2024,Saarland,DE-SL,R95-R99,R95-R99 Ungenau bezeichnete und unbekannte Todesursachen,718,70.9,64.9
2024,Saarland,DE-SL,R96-R99,R96-R99 Unbekannte Todesursache,716,70.7,64.7
2024,Saarland,DE-SL,S00-T98,"S00-T98 Verletzungen, Vergiftungen und bestimmte andere Folgen äußerer Ursachen",555,54.8,50.5
2024,Saarland,DE-SL,S00-T14,S00-T14 Verletzungen,448,44.2,40.5
2024,Saarland,DE-SL,S00-S09,S00-S09 Verletzungen des Kopfes,176,17.4,16.1
2024,Saarland,DE-SL,S10-S19,S10-S19 Verletzungen des Halses,24,2.4,2.2
2024,Saarland,DE-SL,S20-S29,S20-S29 Verletzungen des Thorax,30,3.0,2.8
2024,Saarland,DE-SL,S30-S39,"S30-S39 Verletzungen des Abdomens, der Lumbosakralgegend, der Lendenwirbelsäule und des Beckens",23,2.3,2.1
2024,Saarland,DE-SL,S40-S49,S40-S49 Verletzungen der Schulter und des Oberarmes,8,0.8,0.7
2024,Saarland,DE-SL,S50-S59,S50-S59 Verletzungen des Ellenbogens und des Unterarmes,,0.2,0.2
2024,Saarland,DE-SL,S60-S69,S60-S69 Verletzungen des Handgelenkes und der Hand,,0.1,0.1
2024,Saarland,DE-SL,S70-S79,S70-S79 Verletzungen der Hüfte und des Oberschenkels,113,11.2,9.9
2024,Saarland,DE-SL,S80-S89,S80-S89 Verletzungen des Knies und des Unterschenkels,10,1.0,0.9
2024,Saarland,DE-SL,S90-S99,S90-S99 Verletzungen der Knöchelregion und des Fußes,,0.1,0.1
2024,Saarland,DE-SL,T00-T07,T00-T07 Verletzungen mit Beteiligung mehrerer Körperregionen,9,0.9,0.8
2024,Saarland,DE-SL,T08-T14,"T08-T14 Verletzungen nicht näher bezeichneter Teile des Rumpfes, der Extremitäten oder anderer Körperregionen",51,5.0,4.7
2024,Saarland,DE-SL,T15-T19,T15-T19 Folgen des Eindringens eines Fremdkörpers durch eine natürliche Körperöffnung,12,1.2,1.0
2024,Saarland,DE-SL,T20-T32,T20-T32 Verbrennungen oder Verätzungen,4,0.4,0.3
2024,Saarland,DE-SL,T20-T25,"T20-T25 Verbrennungen oder Verätzungen der äußeren Körperoberfläche, Lokalisation bezeichnet",,,
2024,Saarland,DE-SL,T26-T28,"T26-T28 Verbrennungen oder Verätzungen, die auf das Auge und auf innere Organe begrenzt sind",,,
2024,Saarland,DE-SL,T29-T32,T29-T32 Verbrennungen oder Verätzungen mehrerer und nicht näher bezeichneter Körperregionen,4,0.4,0.3
2024,Saarland,DE-SL,T33-T35,T33-T35 Erfrierungen,,0.1,0.1
2024,Saarland,DE-SL,T36-T50,"T36-T50 Vergiftungen durch Arzneimittel, Drogen und biologisch aktive Substanzen",33,3.3,3.2
2024,Saarland,DE-SL,T51-T65,T51-T65 Toxische Wirkungen von vorwiegend nicht medizinisch verwendeten Substanzen,12,1.2,1.2
2024,Saarland,DE-SL,T66-T78,T66-T78 Sonstige und nicht näher bezeichnete Schäden durch äußere Ursachen,36,3.6,3.4
2024,Saarland,DE-SL,T79-T79,T79-T79 Bestimmte Frühkomplikationen eines Traumas,6,0.6,0.5
2024,Saarland,DE-SL,T80-T88,"T80-T88 Komplikationen bei chirurgischen Eingriffen und medizinischer Behandlung, anderenorts nicht klassifiziert",,0.1,0.1
2024,Saarland,DE-SL,T90-T98,"T90-T98 Folgen von Verletzungen, Vergiftungen und sonstigen Auswirkungen äußerer Ursachen",,0.2,0.2
2024,Saarland,DE-SL,U00-U99,U00-U99 Schlüsselnummern für besondere Zwecke,176,17.4,15.9
2024,Saarland,DE-SL,U00-U49,U00-U49 Vorläufige Zuordnungen für Krankheiten mit unklarer Ätiologie und nicht belegte Schlüsselnummern,176,17.4,15.9
2024,Sachsen,DE-SN,,Alle Krankheiten und Folgen äußerer Ursachen,56968,1407.1,1151.5
2024,Sachsen,DE-SN,A00-B99,A00-B99 Bestimmte infektiöse und parasitäre Krankheiten,715,17.7,14.3
2024,Sachsen,DE-SN,A00-A09,A00-A09 Infektiöse Darmkrankheiten,195,4.8,3.8
2024,Sachsen,DE-SN,A15-A19,A15-A19 Tuberkulose,4,0.1,0.1
2024,Sachsen,DE-SN,A20-A28,A20-A28 Bestimmte bakterielle Zoonosen,,,
2024,Sachsen,DE-SN,A30-A49,A30-A49 Sonstige bakterielle Krankheiten,370,9.1,7.4
2024,Sachsen,DE-SN,A50-A64,"A50-A64 Infektionen, vorwiegend durch Geschlechtsverkehr übertragen",,,
2024,Sachsen,DE-SN,A65-A69,A65-A69 Sonstige Spirochätenkrankheiten,,0.0,0.0
2024,Sachsen,DE-SN,A70-A74,A70-A74 Sonstige Krankheiten durch Chlamydien,,,
2024,Sachsen,DE-SN,A75-A79,A75-A79 Rickettsiosen,,,
2024,Sachsen,DE-SN,A80-A89,A80-A89 Virusinfektionen des Zentralnervensystems,15,0.4,0.3
2024,Sachsen,DE-SN,A90-A99,A90-A99 Durch Arthropoden übertragene Viruskrankheiten und virale hämorrhagische Fieber,,,
2024,Sachsen,DE-SN,B00-B09,"B00-B09 Virusinfektionen, durch Haut- und Schleimhautläsionen gekennzeichnet",13,0.3,0.3
2024,Sachsen,DE-SN,B15-B19,B15-B19 Virushepatitis,7,0.2,0.2
2024,Sachsen,DE-SN,B20-B24,B20-B24 HIV-Krankheit (Humane Immundefizienz-Viruskrankheit),11,0.3,0.3
2024,Sachsen,DE-SN,B25-B34,B25-B34 Sonstige Viruskrankheiten,12,0.3,0.3
2024,Sachsen,DE-SN,B35-B49,B35-B49 Mykosen,20,0.5,0.4
2024,Sachsen,DE-SN,B50-B64,B50-B64 Protozoenkrankheiten,,,
2024,Sachsen,DE-SN,B65-B83,B65-B83 Helminthosen,,,
2024,Sachsen,DE-SN,B85-B89,"B85-B89 Pedikulose, Akarinose und sonstiger Parasitenbefall der Haut",,,
2024,Sachsen,DE-SN,B90-B94,B90-B94 Folgezustände von infektiösen und parasitären Krankheiten,13,0.3,0.3
2024,Sachsen,DE-SN,B99-B99,B99-B99 Sonstige Infektionskrankheiten,54,1.3,1.1
2024,Sachsen,DE-SN,C00-D48,C00-D48 Neubildungen,13475,332.8,282.5
2024,Sachsen,DE-SN,C00-C97,C00-C97 Bösartige Neubildungen,13150,324.8,276.0
2024,Sachsen,DE-SN,C00-C75,"C00-C75 Bösartige Neubildungen an genau bezeichneten Lokalisationen, als primär festgestellt oder vermutet, ausgenommen lymphatisches, blutbildendes und verwandtes Gewebe",11391,281.4,239.8
2024,Sachsen,DE-SN,C00-C14,"C00-C14 Bösartige Neubildungen der Lippe, der Mundhöhle und des Pharynx",383,9.5,8.6
2024,Sachsen,DE-SN,C15-C26,C15-C26 Bösartige Neubildungen der Verdauungsorgane,4512,111.4,94.7
2024,Sachsen,DE-SN,C18-C21,"C18-C21 Bösartige Neubildung des Kolons, des Rektums und des Anus",1387,34.3,29.0
2024,Sachsen,DE-SN,C19-C21,C19-C21 Bösartige Neubildung des Rektums und des Anus,559,13.8,11.8
2024,Sachsen,DE-SN,C30-C39,C30-C39 Bösartige Neubildungen der Atmungsorgane und sonstiger intrathorakaler Organe,2155,53.2,46.3
2024,Sachsen,DE-SN,C32-C34,"C32-C34 Bösartige Neubildung des Larynx, der Trachea, der Bronchien und der Lunge",2119,52.3,45.5
2024,Sachsen,DE-SN,C33-C34,"C33-C34 Bösartige Neubildung der Trachea, Bronchien und der Lunge",2048,50.6,43.9
2024,Sachsen,DE-SN,C40-C41,C40-C41 Bösartige Neubildungen des Knochens und des Gelenkknorpels,24,0.6,0.6
2024,Sachsen,DE-SN,C43-C44,C43-C44 Melanom und sonstige bösartige Neubildungen der Haut,245,6.1,5.0
2024,Sachsen,DE-SN,C45-C49,C45-C49 Bösartige Neubildungen des mesothelialen Gewebes und des Weichteilgewebes,156,3.9,3.4
2024,Sachsen,DE-SN,C50-C50,C50-C50 Bösartige Neubildung der Brustdrüse,908,22.4,19.3
2024,Sachsen,DE-SN,C51-C58,C51-C58 Bösartige Neubildungen der weiblichen Genitalorgane,,,
2024,Sachsen,DE-SN,C54-C55,C54-C55 Bösartige Neubildung sonstiger Teile der Gebärmutter,,,
2024,Sachsen,DE-SN,C60-C63,C60-C63 Bösartige Neubildungen der männlichen Genitalorgane,,,
2024,Sachsen,DE-SN,C64-C68,C64-C68 Bösartige Neubildungen der Harnorgane,1025,25.3,20.8
2024,Sachsen,DE-SN,C69-C72,"C69-C72 Bösartige Neubildungen des Auges, des Gehirns und sonstiger Teile des Zentralnervensystems",372,9.2,8.2
2024,Sachsen,DE-SN,C73-C75,C73-C75 Bösartige Neubildungen der Schilddrüse und sonstiger endokriner Drüsen,59,1.5,1.2
2024,Sachsen,DE-SN,C76-C80,"C76-C80 Bösartige Neubildungen ungenau bezeichneter, sekundärer und nicht näher bezeichneter Lokalisationen",628,15.5,13.0
2024,Sachsen,DE-SN,C81-C96,"C81-C96 Bösartige Neubildungen des lymphatischen, blutbildenden und verwandten Gewebes, als primär festgestellt oder vermutet",1131,27.9,23.3
2024,Sachsen,DE-SN,C91-C95,C91-C95 Leukämie,482,11.9,9.8
2024,Sachsen,DE-SN,C97-C97,C97-C97 Bösartige Neubildungen als Primärtumoren an mehreren Lokalisationen,,,
2024,Sachsen,DE-SN,D00-D09,D00-D09 In-situ-Neubildungen,,0.0,0.0
2024,Sachsen,DE-SN,D10-D36,D10-D36 Gutartige Neubildungen,47,1.2,1.0
2024,Sachsen,DE-SN,D37-D48,D37-D48 Neubildungen unsicheren oder unbekannten Verhaltens,277,6.8,5.5
2024,Sachsen,DE-SN,D50-D90,D50-D90 Krankheiten des Blutes und der blutbildenden Organe sowie bestimmte Störungen mit Beteiligung des Immunsystems,241,6.0,4.7
2024,Sachsen,DE-SN,D50-D53,D50-D53 Alimentäre Anämien,29,0.7,0.6
2024,Sachsen,DE-SN,D55-D59,D55-D59 Hämolytische Anämien,8,0.2,0.2
2024,Sachsen,DE-SN,D60-D64,D60-D64 Aplastische und sonstige Anämien,96,2.4,1.8
2024,Sachsen,DE-SN,D65-D69,"D65-D69 Koagulopathien, Purpura und sonstige hämorrhagische Diathesen",74,1.8,1.5
2024,Sachsen,DE-SN,D70-D77,D70-D77 Sonstige Krankheiten des Blutes und der blutbildenden Organe,14,0.3,0.3
2024,Sachsen,DE-SN,D80-D90,D80-D90 Bestimmte Störungen mit Beteiligung des Immunsystems,20,0.5,0.4
2024,Sachsen,DE-SN,E00-E90,"E00-E90 Endokrine, Ernährungs- und Stoffwechselkrankheiten",2068,51.1,41.1
2024,Sachsen,DE-SN,E00-E07,E00-E07 Krankheiten der Schilddrüse,39,1.0,0.8
2024,Sachsen,DE-SN,E10-E14,E10-E14 Diabetes mellitus,1466,36.2,29.0
2024,Sachsen,DE-SN,E15-E16,E15-E16 Sonstige Störungen der Blutglukose-Regulation und der inneren Sekretion des Pankreas,6,0.1,0.1
2024,Sachsen,DE-SN,E20-E35,E20-E35 Krankheiten sonstiger endokriner Drüsen,9,0.2,0.2
2024,Sachsen,DE-SN,E40-E46,E40-E46 Mangelernährung,37,0.9,0.7
2024,Sachsen,DE-SN,E50-E64,E50-E64 Sonstige alimentäre Mangelzustände,13,0.3,0.3
2024,Sachsen,DE-SN,E65-E68,E65-E68 Adipositas und sonstige Überernährung,107,2.6,2.4
2024,Sachsen,DE-SN,E70-E90,E70-E90 Stoffwechselstörungen,391,9.7,7.6
2024,Sachsen,DE-SN,F00-F99,F00-F99 Psychische und Verhaltensstörungen,4118,101.7,80.2
2024,Sachsen,DE-SN,F00-F09,"F00-F09 Organische, einschließlich symptomatischer psychischer Störungen",3649,90.1,69.4
2024,Sachsen,DE-SN,F00-F03,F00-F03 Demenz,3634,89.8,69.1
2024,Sachsen,DE-SN,F10-F19,F10-F19 Psychische und Verhaltensstörungen durch psychotrope Substanzen,349,8.6,8.1
2024,Sachsen,DE-SN,F20-F29,"F20-F29 Schizophrenie, schizotype und wahnhafte Störungen",27,0.7,0.6
2024,Sachsen,DE-SN,F30-F39,F30-F39 Affektive Störungen,69,1.7,1.5
2024,Sachsen,DE-SN,F32-F34,F32-F34 Depression,66,1.6,1.4
2024,Sachsen,DE-SN,F40-F48,"F40-F48 Neurotische, Belastungs- und somatoforme Störungen",4,0.1,0.1
2024,Sachsen,DE-SN,F40-F41,F40-F41 Phobische und andere Angststörungen,,0.0,0.0
2024,Sachsen,DE-SN,F50-F59,F50-F59 Verhaltensauffälligkeiten mit körperlichen Störungen und Faktoren,8,0.2,0.2
2024,Sachsen,DE-SN,F60-F69,F60-F69 Persönlichkeits- und Verhaltensstörungen,,0.0,0.0
2024,Sachsen,DE-SN,F70-F79,F70-F79 Intelligenzminderung,8,0.2,0.2
2024,Sachsen,DE-SN,F80-F89,F80-F89 Entwicklungsstörungen,,0.0,0.1
2024,Sachsen,DE-SN,F90-F98,F90-F98 Verhaltens- und emotionale Störungen mit Beginn in der Kindheit und Jugend,,0.0,0.0
2024,Sachsen,DE-SN,F99-F99,F99-F99 Nicht näher bezeichnete psychische Störungen,,,
2024,Sachsen,DE-SN,G00-H95,G00-H95 Krankheiten des Nervensystems und der Sinnesorgane,2108,52.1,42.5
2024,Sachsen,DE-SN,G00-G99,G00-G99 Krankheiten des Nervensystems,2103,51.9,42.4
2024,Sachsen,DE-SN,G00-G09,G00-G09 Entzündliche Krankheiten des Zentralnervensystems,39,1.0,0.8
2024,Sachsen,DE-SN,G00-G03,G00-G03 Meningitis,5,0.1,0.1
2024,Sachsen,DE-SN,G10-G14,"G10-G14 Systematrophien, die vorwiegend das Zentralnervensystem betreffen",129,3.2,2.8
2024,Sachsen,DE-SN,G20-G26,G20-G26 Extrapyramidale Krankheiten und Bewegungsstörungen,673,16.6,13.2
2024,Sachsen,DE-SN,G30-G32,G30-G32 Sonstige degenerative Krankheiten des Nervensystems,774,19.1,15.0
2024,Sachsen,DE-SN,G35-G37,G35-G37 Demyelinisierende Krankheiten des Zentralnervensystems,52,1.3,1.1
2024,Sachsen,DE-SN,G40-G47,G40-G47 Episodische und paroxysmale Krankheiten des Nervensystems,209,5.2,4.5
2024,Sachsen,DE-SN,G40-G41,G40-G41 Epilepsie,196,4.8,4.2
2024,Sachsen,DE-SN,G50-G59,"G50-G59 Krankheiten von Nerven, Nervenwurzeln und Nervenplexus",,0.0,0.0
2024,Sachsen,DE-SN,G60-G64,G60-G64 Polyneuropathien und sonstige Krankheiten des peripheren Nervensystems,29,0.7,0.6
2024,Sachsen,DE-SN,G70-G73,G70-G73 Krankheiten im Bereich der neuromuskulären Synapse und des Muskels,41,1.0,0.9
2024,Sachsen,DE-SN,G80-G83,G80-G83 Zerebrale Lähmung und sonstige Lähmungssyndrome,69,1.7,1.5
2024,Sachsen,DE-SN,G90-G99,G90-G99 Sonstige Krankheiten des Nervensystems,87,2.1,1.9
2024,Sachsen,DE-SN,H00-H59,H00-H59 Krankheiten des Auges und der Augenanhangsgebilde,,0.0,0.0
2024,Sachsen,DE-SN,H00-H06,"H00-H06 Affektionen des Augenlides, des Tränenapparates und der Orbita",,0.0,0.0
2024,Sachsen,DE-SN,H10-H13,H10-H13 Affektionen der Konjunktiva,,,
2024,Sachsen,DE-SN,H15-H22,"H15-H22 Affektionen der Sklera, der Hornhaut, der Iris und des Ziliarkörpers",,,
2024,Sachsen,DE-SN,H25-H28,H25-H28 Affektionen der Linse,,,
2024,Sachsen,DE-SN,H30-H36,H30-H36 Affektionen der Aderhaut und der Netzhaut,,,
2024,Sachsen,DE-SN,H40-H42,H40-H42 Glaukom,,,
2024,Sachsen,DE-SN,H43-H45,H43-H45 Affektionen des Glaskörpers und des Augapfels,,,
2024,Sachsen,DE-SN,H46-H48,H46-H48 Affektionen des Nervus opticus und der Sehbahn,,,
2024,Sachsen,DE-SN,H49-H52,"H49-H52 Affektionen der Augenmuskeln, Störungen der Blickbewegungen sowie Akkommodationsstörungen und Refraktionsfehler",,0.0,0.0
2024,Sachsen,DE-SN,H53-H54,H53-H54 Sehstörungen und Blindheit,,,
2024,Sachsen,DE-SN,H55-H59,H55-H59 Sonstige Affektionen des Auges und der Augenanhangsgebilde,,,
2024,Sachsen,DE-SN,H60-H95,H60-H95 Krankheiten des Ohres und des Warzenfortsatzes,3,0.1,0.1
2024,Sachsen,DE-SN,H60-H62,H60-H62 Krankheiten des äußeren Ohres,,,
2024,Sachsen,DE-SN,H65-H75,H65-H75 Krankheiten des Mittelohres und des Warzenfortsatzes,,0.0,0.0
2024,Sachsen,DE-SN,H80-H83,H80-H83 Krankheiten des Innenohres,,0.0,0.0
2024,Sachsen,DE-SN,H90-H95,H90-H95 Sonstige Krankheiten des Ohres,,,
2024,Sachsen,DE-SN,H90-H91,H90-H91 Hörverlust,,,
2024,Sachsen,DE-SN,I00-I99,I00-I99 Krankheiten des Kreislaufsystems,21929,541.6,430.7
2024,Sachsen,DE-SN,I00-I02,I00-I02 Akutes rheumatisches Fieber,14,0.3,0.3
2024,Sachsen,DE-SN,I05-I09,I05-I09 Chronische rheumatische Herzkrankheiten,254,6.3,5.0
2024,Sachsen,DE-SN,I10-I15,I10-I15 Hypertonie (Hochdruckkrankheit),4540,112.1,87.6
2024,Sachsen,DE-SN,I20-I25,I20-I25 Ischämische Herzkrankheiten,7335,181.2,145.6
2024,Sachsen,DE-SN,I21-I22,I21-I22 Herzinfarkt,2489,61.5,51.1
2024,Sachsen,DE-SN,I26-I28,I26-I28 Pulmonale Herzkrankheit und Krankheiten des Lungenkreislaufes,454,11.2,9.2
2024,Sachsen,DE-SN,I30-I52,I30-I52 Sonstige Formen der Herzkrankheit,5289,130.6,102.6
2024,Sachsen,DE-SN,I60-I69,I60-I69 Zerebrovaskuläre Krankheiten,3399,84.0,67.0
2024,Sachsen,DE-SN,I60-I61,I60-I61 Subarachnoidalblutung und intrazerebrale Blutung,536,13.2,11.0
2024,Sachsen,DE-SN,I70-I79,"I70-I79 Krankheiten der Arterien, Arteriolen und Kapillaren",528,13.0,10.9
2024,Sachsen,DE-SN,I80-I89,"I80-I89 Krankheiten der Venen, der Lymphgefäße und der Lymphknoten andernorts nicht klassifiziert",114,2.8,2.4
2024,Sachsen,DE-SN,I95-I99,I95-I99 Sonstige und nicht näher bezeichnete Krankheiten des Kreislaufsystems,,0.0,0.0
2024,Sachsen,DE-SN,J00-J99,J00-J99 Krankheiten des Atmungssystems,3083,76.2,62.4
2024,Sachsen,DE-SN,J00-J06,J00-J06 Akute Infektionen der oberen Atemwege,11,0.3,0.2
2024,Sachsen,DE-SN,J09-J18,J09-J18 Grippe und Pneumonie,987,24.4,19.5
2024,Sachsen,DE-SN,J09-J11,J09-J11 Grippe,210,5.2,4.3
2024,Sachsen,DE-SN,J12-J18,J12-J18 Pneumonie,777,19.2,15.1
2024,Sachsen,DE-SN,J20-J22,J20-J22 Sonstige akute Infektionen der unteren Atemwege,13,0.3,0.3
2024,Sachsen,DE-SN,J30-J39,J30-J39 Sonstige Krankheiten der oberen Atemwege,8,0.2,0.2
2024,Sachsen,DE-SN,J40-J47,J40-J47 Chronische Krankheiten der unteren Atemwege,1657,40.9,34.1
2024,Sachsen,DE-SN,J45-J46,J45-J46 Asthma,71,1.8,1.5
2024,Sachsen,DE-SN,J60-J70,J60-J70 Lungenkrankheiten durch exogene Substanzen,96,2.4,1.9
2024,Sachsen,DE-SN,J80-J84,"J80-J84 Sonstige Krankheiten der Atmungsorgane, die hauptsächlich das Interstitium betreffen",218,5.4,4.4
2024,Sachsen,DE-SN,J85-J86,J85-J86 Purulente und nekrotisierende Krankheitszustände der unteren Atemwege,24,0.6,0.5
2024,Sachsen,DE-SN,J90-J94,J90-J94 Sonstige Krankheiten der Pleura,20,0.5,0.4
2024,Sachsen,DE-SN,J95-J99,J95-J99 Sonstige Krankheiten des Atmungssystems,49,1.2,1.0
2024,Sachsen,DE-SN,K00-K93,K00-K93 Krankheiten des Verdauungssystems,2697,66.6,57.3
2024,Sachsen,DE-SN,K00-K14,"K00-K14 Krankheiten der Mundhöhle, der Speicheldrüsen und der Kiefer",13,0.3,0.2
2024,Sachsen,DE-SN,K20-K31,"K20-K31 Krankheiten des Ösophagus, des Magens und des Duodenums",293,7.2,5.9
2024,Sachsen,DE-SN,K25-K28,"K25-K28 Ulcus ventriculi, Ulcus duodeni, Ulcus pepticum",175,4.3,3.5
2024,Sachsen,DE-SN,K35-K38,K35-K38 Krankheiten der Appendix,16,0.4,0.3
2024,Sachsen,DE-SN,K40-K46,K40-K46 Hernien,78,1.9,1.6
2024,Sachsen,DE-SN,K50-K52,K50-K52 Nichtinfektiöse Enteritis und Kolitis,43,1.1,0.9
2024,Sachsen,DE-SN,K55-K64,K55-K64 Sonstige Krankheiten des Darmes,558,13.8,11.2
2024,Sachsen,DE-SN,K65-K67,K65-K67 Krankheiten des Peritoneums,25,0.6,0.5
2024,Sachsen,DE-SN,K70-K77,K70-K77 Krankheiten der Leber,1131,27.9,25.7
2024,Sachsen,DE-SN,K80-K87,"K80-K87 Krankheiten der Gallenblase, der Gallenwege und des Pankreas",290,7.2,6.0
2024,Sachsen,DE-SN,K90-K93,K90-K93 Sonstige Krankheiten des Verdauungssystems,250,6.2,5.0
2024,Sachsen,DE-SN,L00-L99,L00-L99 Krankheiten der Haut und der Unterhaut,107,2.6,2.1
2024,Sachsen,DE-SN,L00-L08,L00-L08 Infektionen der Haut und der Unterhaut,35,0.9,0.7
2024,Sachsen,DE-SN,L10-L14,L10-L14 Bullöse Dermatosen,7,0.2,0.1
2024,Sachsen,DE-SN,L20-L30,L20-L30 Dermatitis und Ekzem,,0.0,0.0
2024,Sachsen,DE-SN,L40-L45,L40-L45 Papulosquamöse Hautkrankheiten,3,0.1,0.1
2024,Sachsen,DE-SN,L40-L42,L40-L42 Psoriasis,3,0.1,0.1
2024,Sachsen,DE-SN,L50-L54,L50-L54 Urtikaria und Erythem,3,0.1,0.1
2024,Sachsen,DE-SN,L55-L59,L55-L59 Krankheiten der Haut und der Unterhaut durch Strahleneinwirkung,,,
2024,Sachsen,DE-SN,L60-L75,L60-L75 Krankheiten der Hautanhangsgebilde,,0.0,0.0
2024,Sachsen,DE-SN,L80-L99,L80-L99 Sonstige Krankheiten der Haut und der Unterhaut,56,1.4,1.1
2024,Sachsen,DE-SN,M00-M99,M00-M99 Krankheiten des Muskel-Skelett-Systems und des Bindegewebes,433,10.7,8.6
2024,Sachsen,DE-SN,M00-M25,M00-M25 Arthropathien,105,2.6,2.1
2024,Sachsen,DE-SN,M00-M03,M00-M03 Infektiöse Arthropathien,26,0.6,0.5
2024,Sachsen,DE-SN,M05-M14,M05-M14 Entzündliche Polyarthropathien,44,1.1,0.9
2024,Sachsen,DE-SN,M15-M19,M15-M19 Arthrose,28,0.7,0.5
2024,Sachsen,DE-SN,M20-M25,M20-M25 Sonstige Gelenkkrankheiten,7,0.2,0.1
2024,Sachsen,DE-SN,M30-M36,M30-M36 Systemkrankheiten des Bindegewebes,50,1.2,1.1
2024,Sachsen,DE-SN,M40-M54,M40-M54 Krankheiten der Wirbelsäule und des Rückens,91,2.2,1.8
2024,Sachsen,DE-SN,M40-M43,M40-M43 Deformitäten der Wirbelsäule und des Rückens,8,0.2,0.2
2024,Sachsen,DE-SN,M45-M54,M45-M54 Dorsopathien,83,2.1,1.7
2024,Sachsen,DE-SN,M45-M49,M45-M49 Spondylopathien,77,1.9,1.5
2024,Sachsen,DE-SN,M50-M54,M50-M54 Sonstige Krankheiten der Wirbelsäule und des Rückens,6,0.1,0.1
2024,Sachsen,DE-SN,M60-M79,M60-M79 Krankheiten der Weichteilgewebe,93,2.3,1.8
2024,Sachsen,DE-SN,M60-M63,M60-M63 Krankheiten der Muskeln,67,1.7,1.3
2024,Sachsen,DE-SN,M65-M68,M65-M68 Krankheiten der Synovialis und der Sehnen,,,
2024,Sachsen,DE-SN,M70-M79,M70-M79 Sonstige Krankheiten des Weichteilgewebes,26,0.6,0.5
2024,Sachsen,DE-SN,M80-M94,M80-M94 Osteopathien und Chondropathien,94,2.3,1.8
2024,Sachsen,DE-SN,M80-M85,M80-M85 Veränderungen der Knochendichte und -struktur,70,1.7,1.3
2024,Sachsen,DE-SN,M80-M82,M80-M82 Osteoporose,64,1.6,1.2
2024,Sachsen,DE-SN,M86-M90,M86-M90 Sonstige Osteopathien,23,0.6,0.5
2024,Sachsen,DE-SN,M91-M94,M91-M94 Chondropathien,,0.0,0.0
2024,Sachsen,DE-SN,M95-M99,M95-M99 Sonstige Krankheiten des Muskel-Skelett-Systems und des Bindegewebes,,,
2024,Sachsen,DE-SN,N00-N99,N00-N99 Krankheiten des Urogenitalsystems,1055,26.1,20.7
2024,Sachsen,DE-SN,N00-N29,N00-N29 Krankheiten der Niere und des Ureters,638,15.8,12.5
2024,Sachsen,DE-SN,N00-N08,N00-N08 Glomeruläre Krankheiten,7,0.2,0.1
2024,Sachsen,DE-SN,N10-N16,N10-N16 Tubulointerstitielle Nierenkrankheiten,51,1.3,1.0
2024,Sachsen,DE-SN,N17-N19,N17-N19 Niereninsuffizienz,543,13.4,10.5
2024,Sachsen,DE-SN,N20-N23,N20-N23 Urolithiasis,19,0.5,0.4
2024,Sachsen,DE-SN,N25-N29,N25-N29 Sonstige Krankheiten der Niere und des Ureters,18,0.4,0.4
2024,Sachsen,DE-SN,N30-N39,N30-N39 Sonstige Krankheiten des Harnsystems,339,8.4,6.7
2024,Sachsen,DE-SN,N40-N51,N40-N51 Krankheiten der männlichen Genitalorgane,,,
2024,Sachsen,DE-SN,N60-N64,N60-N64 Krankheiten der Mamma (Brustdrüse),,,
2024,Sachsen,DE-SN,N70-N77,N70-N77 Entzündliche Krankheiten der weiblichen Beckenorgane,,,
2024,Sachsen,DE-SN,N80-N98,N80-N98 Nichtentzündliche Krankheiten des weiblichen Genitaltraktes,,,
2024,Sachsen,DE-SN,O00-O99,"O00-O99 Schwangerschaft, Geburt und Wochenbett",,,
2024,Sachsen,DE-SN,O00-O08,O00-O08 Schwangerschaft mit abortivem Ausgang,,,
2024,Sachsen,DE-SN,O10-O16,"O10-O16 Ödeme, Proteinurie und Hypertonie während der Schwangerschaft, der Geburt und des Wochenbettes",,,
2024,Sachsen,DE-SN,O20-O29,"O20-O29 Sonstige Krankheiten der Mutter, die vorwiegend mit der Schwangerschaft verbunden sind",,,
2024,Sachsen,DE-SN,O30-O48,O30-O48 Betreuung der Mutter im Hinblick auf den Fetus und die Amnionhöhle sowie mögliche Entbindungskomplikationen,,,
2024,Sachsen,DE-SN,O60-O75,O60-O75 Komplikationen bei Wehentätigkeit und Entbindung,,,
2024,Sachsen,DE-SN,O80-O84,O80-O84 Entbindung,,,
2024,Sachsen,DE-SN,O85-O92,"O85-O92 Komplikationen, die vorwiegend im Wochenbett auftreten",,,
2024,Sachsen,DE-SN,O94-O99,"O94-O99 Sonstige Krankheitszustände während der Gestationsperiode, die andernorts nicht klassifiziert sind",,,
2024,Sachsen,DE-SN,P00-P96,"P00-P96 Bestimmte Zustände, die ihren Ursprung in der Perinatalperiode haben",41,1.0,1.3
2024,Sachsen,DE-SN,P00-P04,"P00-P04 Schädigung des Fetus und Neugeborenen durch mütterliche Faktoren und durch Komplikationen bei Schwangerschaft, Wehentätigkeit und Entbindung",5,0.1,0.2
2024,Sachsen,DE-SN,P05-P08,P05-P08 Störungen im Zusammenhang mit der Schwangerschaftsdauer und dem fetalen Wachstum,9,0.2,0.3
2024,Sachsen,DE-SN,P10-P15,P10-P15 Geburtstrauma,,,
2024,Sachsen,DE-SN,P20-P29,"P20-P29 Krankheiten des Atmungs- und Herz-Kreislaufsystems, die für die Perinatalperiode spezifisch sind",8,0.2,0.3
2024,Sachsen,DE-SN,P35-P39,"P35-P39 Infektionen, die für die Perinatalperiode spezifisch sind",,,
2024,Sachsen,DE-SN,P50-P61,P50-P61 Hämorrhagische und hämatologische Krankheiten beim Fetus und Neugeborenen,,0.0,0.0
2024,Sachsen,DE-SN,P70-P74,"P70-P74 Transitorische endokrine und Stoffwechselstörungen, die für den Fetus und das Neugeborene spezifisch sind",,,
2024,Sachsen,DE-SN,P75-P78,P75-P78 Krankheiten des Verdauungssystems beim Fetus und Neugeborenen,,0.0,0.0
2024,Sachsen,DE-SN,P80-P83,P80-P83 Krankheitszustände mit Beteiligung der Haut und der Temperaturregulation beim Fetus und Neugeborenen,,,
2024,Sachsen,DE-SN,P90-P96,"P90-P96 Sonstige Störungen, die ihren Ursprung in der Perinatalperiode haben",17,0.4,0.4
2024,Sachsen,DE-SN,Q00-Q99,"Q00-Q99 Angeborene Fehlbildungen, Deformitäten und Chromosomenanomalien",89,2.2,2.3
2024,Sachsen,DE-SN,Q00-Q07,Q00-Q07 Angeborene Fehlbildungen des Nervensystems,10,0.2,0.3
2024,Sachsen,DE-SN,Q10-Q18,"Q10-Q18 Angeborene Fehlbildungen des Auges, des Ohres, des Gesichtes und des Halses",,,
2024,Sachsen,DE-SN,Q20-Q28,Q20-Q28 Angeborene Fehlbildungen des Kreislaufsystems,31,0.8,0.8
2024,Sachsen,DE-SN,Q30-Q34,Q30-Q34 Angeborene Fehlbildungen des Atmungssystems,,,
2024,Sachsen,DE-SN,Q35-Q37,"Q35-Q37 Lippen-, Kiefer- und Gaumenspalte",,,
2024,Sachsen,DE-SN,Q38-Q45,Q38-Q45 Sonstige angeborene Fehlbildungen des Verdauungssystems,3,0.1,0.1
2024,Sachsen,DE-SN,Q50-Q56,Q50-Q56 Angeborene Fehlbildungen der Genitalorgane,,,
2024,Sachsen,DE-SN,Q60-Q64,Q60-Q64 Angeborene Fehlbildungen des Harnsystems,3,0.1,0.1
2024,Sachsen,DE-SN,Q65-Q79,Q65-Q79 Angeborene Fehlbildung und Deformitäten des Muskel-Skelett-Systems,,0.0,0.0
2024,Sachsen,DE-SN,Q80-Q89,Q80-Q89 Sonstige angeborene Fehlbildungen,12,0.3,0.3
2024,Sachsen,DE-SN,Q90-Q99,"Q90-Q99 Chromosomenanomalien, anderenorts nicht klassifiziert",29,0.7,0.8
2024,Sachsen,DE-SN,R00-R99,"R00-R99 Symptome und abnorme klinische und Laborbefunde, die andernorts nicht klassifiziert sind",995,24.6,21.8
2024,Sachsen,DE-SN,R00-R09,"R00-R09 Symptome, die das Kreislaufsystem und das Atmungssystem betreffen",5,0.1,0.1
2024,Sachsen,DE-SN,R10-R19,"R10-R19 Symptome, die das Verdauungssystem und das Abdomen betreffen",,0.0,0.0
2024,Sachsen,DE-SN,R20-R23,"R20-R23 Symptome, die die Haut und das Unterhautgewebe betreffen",,,
2024,Sachsen,DE-SN,R25-R29,"R25-R29 Symptome, die das Nervensystem und das Muskel-Skelett-System betreffen",,0.0,0.0
2024,Sachsen,DE-SN,R30-R39,"R30-R39 Symptome, die das Harnsystem betreffen",,,
2024,Sachsen,DE-SN,R40-R46,"R40-R46 Symptome, die das Erkennungs- und Wahrnehmungsvermögen, die Stimmung und das Verhalten betreffen",,0.0,0.0
2024,Sachsen,DE-SN,R47-R49,"R47-R49 Symptome, die die Sprache und die Stimme betreffen",,,
2024,Sachsen,DE-SN,R50-R69,R50-R69 Allgemeinsymptome,142,3.5,2.7
2024,Sachsen,DE-SN,R70-R79,R70-R79 Abnorme Blutuntersuchungsbefunde ohne Vorliegen einer Diagnose,,0.0,0.0
2024,Sachsen,DE-SN,R80-R82,R80-R82 Abnorme Urinuntersuchungsbefunde ohne Vorliegen einer Diagnose,,,
2024,Sachsen,DE-SN,R83-R89,"R83-R89 Abnorme Befunde ohne Vorliegen einer Diagnose bei der Untersuchung anderer Körperflüssigkeiten, Substanzen und Gewebe",,,
2024,Sachsen,DE-SN,R90-R94,R90-R94 Abnorme Befunde ohne Vorliegen einer Diagnose bei bildgebender Diagnostik und Funktionsprüfungen,,,
2024,Sachsen,DE-SN,R95-R99,R95-R99 Ungenau bezeichnete und unbekannte Todesursachen,843,20.8,18.9
2024,Sachsen,DE-SN,R96-R99,R96-R99 Unbekannte Todesursache,841,20.8,18.8
2024,Sachsen,DE-SN,S00-T98,"S00-T98 Verletzungen, Vergiftungen und bestimmte andere Folgen äußerer Ursachen",3207,79.2,67.1
2024,Sachsen,DE-SN,S00-T14,S00-T14 Verletzungen,2166,53.5,44.0
2024,Sachsen,DE-SN,S00-S09,S00-S09 Verletzungen des Kopfes,779,19.2,16.0
2024,Sachsen,DE-SN,S10-S19,S10-S19 Verletzungen des Halses,95,2.3,2.0
2024,Sachsen,DE-SN,S20-S29,S20-S29 Verletzungen des Thorax,168,4.1,3.5
2024,Sachsen,DE-SN,S30-S39,"S30-S39 Verletzungen des Abdomens, der Lumbosakralgegend, der Lendenwirbelsäule und des Beckens",126,3.1,2.5
2024,Sachsen,DE-SN,S40-S49,S40-S49 Verletzungen der Schulter und des Oberarmes,67,1.7,1.3
2024,Sachsen,DE-SN,S50-S59,S50-S59 Verletzungen des Ellenbogens und des Unterarmes,16,0.4,0.3
2024,Sachsen,DE-SN,S60-S69,S60-S69 Verletzungen des Handgelenkes und der Hand,7,0.2,0.1
2024,Sachsen,DE-SN,S70-S79,S70-S79 Verletzungen der Hüfte und des Oberschenkels,654,16.2,12.6
2024,Sachsen,DE-SN,S80-S89,S80-S89 Verletzungen des Knies und des Unterschenkels,53,1.3,1.1
2024,Sachsen,DE-SN,S90-S99,S90-S99 Verletzungen der Knöchelregion und des Fußes,12,0.3,0.3
2024,Sachsen,DE-SN,T00-T07,T00-T07 Verletzungen mit Beteiligung mehrerer Körperregionen,142,3.5,3.2
2024,Sachsen,DE-SN,T08-T14,"T08-T14 Verletzungen nicht näher bezeichneter Teile des Rumpfes, der Extremitäten oder anderer Körperregionen",47,1.2,1.0
2024,Sachsen,DE-SN,T15-T19,T15-T19 Folgen des Eindringens eines Fremdkörpers durch eine natürliche Körperöffnung,70,1.7,1.5
2024,Sachsen,DE-SN,T20-T32,T20-T32 Verbrennungen oder Verätzungen,17,0.4,0.4
2024,Sachsen,DE-SN,T20-T25,"T20-T25 Verbrennungen oder Verätzungen der äußeren Körperoberfläche, Lokalisation bezeichnet",,0.0,0.0
2024,Sachsen,DE-SN,T26-T28,"T26-T28 Verbrennungen oder Verätzungen, die auf das Auge und auf innere Organe begrenzt sind",,,
2024,Sachsen,DE-SN,T29-T32,T29-T32 Verbrennungen oder Verätzungen mehrerer und nicht näher bezeichneter Körperregionen,15,0.4,0.3
2024,Sachsen,DE-SN,T33-T35,T33-T35 Erfrierungen,,0.0,0.0
2024,Sachsen,DE-SN,T36-T50,"T36-T50 Vergiftungen durch Arzneimittel, Drogen und biologisch aktive Substanzen",177,4.4,4.0
2024,Sachsen,DE-SN,T51-T65,T51-T65 Toxische Wirkungen von vorwiegend nicht medizinisch verwendeten Substanzen,81,2.0,2.0
2024,Sachsen,DE-SN,T66-T78,T66-T78 Sonstige und nicht näher bezeichnete Schäden durch äußere Ursachen,493,12.2,11.0
2024,Sachsen,DE-SN,T79-T79,T79-T79 Bestimmte Frühkomplikationen eines Traumas,6,0.1,0.1
2024,Sachsen,DE-SN,T80-T88,"T80-T88 Komplikationen bei chirurgischen Eingriffen und medizinischer Behandlung, anderenorts nicht klassifiziert",162,4.0,3.4
2024,Sachsen,DE-SN,T90-T98,"T90-T98 Folgen von Verletzungen, Vergiftungen und sonstigen Auswirkungen äußerer Ursachen",34,0.8,0.7
2024,Sachsen,DE-SN,U00-U99,U00-U99 Schlüsselnummern für besondere Zwecke,606,15.0,11.8
2024,Sachsen,DE-SN,U00-U49,U00-U49 Vorläufige Zuordnungen für Krankheiten mit unklarer Ätiologie und nicht belegte Schlüsselnummern,606,15.0,11.8
2024,Sachsen-Anhalt,DE-ST,,Alle Krankheiten und Folgen äußerer Ursachen,34205,1598.3,1310.1
2024,Sachsen-Anhalt,DE-ST,A00-B99,A00-B99 Bestimmte infektiöse und parasitäre Krankheiten,412,19.3,15.7
2024,Sachsen-Anhalt,DE-ST,A00-A09,A00-A09 Infektiöse Darmkrankheiten,104,4.9,3.9
2024,Sachsen-Anhalt,DE-ST,A15-A19,A15-A19 Tuberkulose,8,0.4,0.3
2024,Sachsen-Anhalt,DE-ST,A20-A28,A20-A28 Bestimmte bakterielle Zoonosen,,,
2024,Sachsen-Anhalt,DE-ST,A30-A49,A30-A49 Sonstige bakterielle Krankheiten,244,11.4,9.3
2024,Sachsen-Anhalt,DE-ST,A50-A64,"A50-A64 Infektionen, vorwiegend durch Geschlechtsverkehr übertragen",,,
2024,Sachsen-Anhalt,DE-ST,A65-A69,A65-A69 Sonstige Spirochätenkrankheiten,,,
2024,Sachsen-Anhalt,DE-ST,A70-A74,A70-A74 Sonstige Krankheiten durch Chlamydien,,,
2024,Sachsen-Anhalt,DE-ST,A75-A79,A75-A79 Rickettsiosen,,,
2024,Sachsen-Anhalt,DE-ST,A80-A89,A80-A89 Virusinfektionen des Zentralnervensystems,8,0.4,0.3
2024,Sachsen-Anhalt,DE-ST,A90-A99,A90-A99 Durch Arthropoden übertragene Viruskrankheiten und virale hämorrhagische Fieber,,,
2024,Sachsen-Anhalt,DE-ST,B00-B09,"B00-B09 Virusinfektionen, durch Haut- und Schleimhautläsionen gekennzeichnet",5,0.2,0.2
2024,Sachsen-Anhalt,DE-ST,B15-B19,B15-B19 Virushepatitis,6,0.3,0.3
2024,Sachsen-Anhalt,DE-ST,B20-B24,B20-B24 HIV-Krankheit (Humane Immundefizienz-Viruskrankheit),4,0.2,0.2
2024,Sachsen-Anhalt,DE-ST,B25-B34,B25-B34 Sonstige Viruskrankheiten,3,0.1,0.1
2024,Sachsen-Anhalt,DE-ST,B35-B49,B35-B49 Mykosen,7,0.3,0.3
2024,Sachsen-Anhalt,DE-ST,B50-B64,B50-B64 Protozoenkrankheiten,,,
2024,Sachsen-Anhalt,DE-ST,B65-B83,B65-B83 Helminthosen,,,
2024,Sachsen-Anhalt,DE-ST,B85-B89,"B85-B89 Pedikulose, Akarinose und sonstiger Parasitenbefall der Haut",,0.0,0.0
2024,Sachsen-Anhalt,DE-ST,B90-B94,B90-B94 Folgezustände von infektiösen und parasitären Krankheiten,8,0.4,0.3
2024,Sachsen-Anhalt,DE-ST,B99-B99,B99-B99 Sonstige Infektionskrankheiten,14,0.7,0.5
2024,Sachsen-Anhalt,DE-ST,C00-D48,C00-D48 Neubildungen,8272,386.5,317.9
2024,Sachsen-Anhalt,DE-ST,C00-C97,C00-C97 Bösartige Neubildungen,8038,375.6,309.0
2024,Sachsen-Anhalt,DE-ST,C00-C75,"C00-C75 Bösartige Neubildungen an genau bezeichneten Lokalisationen, als primär festgestellt oder vermutet, ausgenommen lymphatisches, blutbildendes und verwandtes Gewebe",7116,332.5,274.0
2024,Sachsen-Anhalt,DE-ST,C00-C14,"C00-C14 Bösartige Neubildungen der Lippe, der Mundhöhle und des Pharynx",260,12.1,10.3
2024,Sachsen-Anhalt,DE-ST,C15-C26,C15-C26 Bösartige Neubildungen der Verdauungsorgane,2716,126.9,104.4
2024,Sachsen-Anhalt,DE-ST,C18-C21,"C18-C21 Bösartige Neubildung des Kolons, des Rektums und des Anus",927,43.3,35.5
2024,Sachsen-Anhalt,DE-ST,C19-C21,C19-C21 Bösartige Neubildung des Rektums und des Anus,367,17.1,14.1
2024,Sachsen-Anhalt,DE-ST,C30-C39,C30-C39 Bösartige Neubildungen der Atmungsorgane und sonstiger intrathorakaler Organe,1573,73.5,60.7
2024,Sachsen-Anhalt,DE-ST,C32-C34,"C32-C34 Bösartige Neubildung des Larynx, der Trachea, der Bronchien und der Lunge",1560,72.9,60.2
2024,Sachsen-Anhalt,DE-ST,C33-C34,"C33-C34 Bösartige Neubildung der Trachea, Bronchien und der Lunge",1509,70.5,58.2
2024,Sachsen-Anhalt,DE-ST,C40-C41,C40-C41 Bösartige Neubildungen des Knochens und des Gelenkknorpels,22,1.0,1.0
2024,Sachsen-Anhalt,DE-ST,C43-C44,C43-C44 Melanom und sonstige bösartige Neubildungen der Haut,141,6.6,5.4
2024,Sachsen-Anhalt,DE-ST,C45-C49,C45-C49 Bösartige Neubildungen des mesothelialen Gewebes und des Weichteilgewebes,86,4.0,3.4
2024,Sachsen-Anhalt,DE-ST,C50-C50,C50-C50 Bösartige Neubildung der Brustdrüse,544,25.4,21.2
2024,Sachsen-Anhalt,DE-ST,C51-C58,C51-C58 Bösartige Neubildungen der weiblichen Genitalorgane,,,
2024,Sachsen-Anhalt,DE-ST,C54-C55,C54-C55 Bösartige Neubildung sonstiger Teile der Gebärmutter,,,
2024,Sachsen-Anhalt,DE-ST,C60-C63,C60-C63 Bösartige Neubildungen der männlichen Genitalorgane,,,
2024,Sachsen-Anhalt,DE-ST,C64-C68,C64-C68 Bösartige Neubildungen der Harnorgane,623,29.1,23.4
2024,Sachsen-Anhalt,DE-ST,C69-C72,"C69-C72 Bösartige Neubildungen des Auges, des Gehirns und sonstiger Teile des Zentralnervensystems",210,9.8,8.3
2024,Sachsen-Anhalt,DE-ST,C73-C75,C73-C75 Bösartige Neubildungen der Schilddrüse und sonstiger endokriner Drüsen,25,1.2,1.0
2024,Sachsen-Anhalt,DE-ST,C76-C80,"C76-C80 Bösartige Neubildungen ungenau bezeichneter, sekundärer und nicht näher bezeichneter Lokalisationen",297,13.9,11.3
2024,Sachsen-Anhalt,DE-ST,C81-C96,"C81-C96 Bösartige Neubildungen des lymphatischen, blutbildenden und verwandten Gewebes, als primär festgestellt oder vermutet",625,29.2,23.8
2024,Sachsen-Anhalt,DE-ST,C91-C95,C91-C95 Leukämie,286,13.4,10.9
2024,Sachsen-Anhalt,DE-ST,C97-C97,C97-C97 Bösartige Neubildungen als Primärtumoren an mehreren Lokalisationen,,,
2024,Sachsen-Anhalt,DE-ST,D00-D09,D00-D09 In-situ-Neubildungen,,,
2024,Sachsen-Anhalt,DE-ST,D10-D36,D10-D36 Gutartige Neubildungen,46,2.1,1.8
2024,Sachsen-Anhalt,DE-ST,D37-D48,D37-D48 Neubildungen unsicheren oder unbekannten Verhaltens,188,8.8,7.1
2024,Sachsen-Anhalt,DE-ST,D50-D90,D50-D90 Krankheiten des Blutes und der blutbildenden Organe sowie bestimmte Störungen mit Beteiligung des Immunsystems,152,7.1,5.8
2024,Sachsen-Anhalt,DE-ST,D50-D53,D50-D53 Alimentäre Anämien,27,1.3,1.0
2024,Sachsen-Anhalt,DE-ST,D55-D59,D55-D59 Hämolytische Anämien,,0.1,0.1
2024,Sachsen-Anhalt,DE-ST,D60-D64,D60-D64 Aplastische und sonstige Anämien,59,2.8,2.2
2024,Sachsen-Anhalt,DE-ST,D65-D69,"D65-D69 Koagulopathien, Purpura und sonstige hämorrhagische Diathesen",40,1.9,1.6
2024,Sachsen-Anhalt,DE-ST,D70-D77,D70-D77 Sonstige Krankheiten des Blutes und der blutbildenden Organe,6,0.3,0.2
2024,Sachsen-Anhalt,DE-ST,D80-D90,D80-D90 Bestimmte Störungen mit Beteiligung des Immunsystems,18,0.8,0.7
2024,Sachsen-Anhalt,DE-ST,E00-E90,"E00-E90 Endokrine, Ernährungs- und Stoffwechselkrankheiten",1608,75.1,61.3
2024,Sachsen-Anhalt,DE-ST,E00-E07,E00-E07 Krankheiten der Schilddrüse,41,1.9,1.6
2024,Sachsen-Anhalt,DE-ST,E10-E14,E10-E14 Diabetes mellitus,1202,56.2,45.3
2024,Sachsen-Anhalt,DE-ST,E15-E16,E15-E16 Sonstige Störungen der Blutglukose-Regulation und der inneren Sekretion des Pankreas,4,0.2,0.1
2024,Sachsen-Anhalt,DE-ST,E20-E35,E20-E35 Krankheiten sonstiger endokriner Drüsen,5,0.2,0.2
2024,Sachsen-Anhalt,DE-ST,E40-E46,E40-E46 Mangelernährung,29,1.4,1.1
2024,Sachsen-Anhalt,DE-ST,E50-E64,E50-E64 Sonstige alimentäre Mangelzustände,6,0.3,0.2
2024,Sachsen-Anhalt,DE-ST,E65-E68,E65-E68 Adipositas und sonstige Überernährung,128,6.0,5.3
2024,Sachsen-Anhalt,DE-ST,E70-E90,E70-E90 Stoffwechselstörungen,193,9.0,7.3
2024,Sachsen-Anhalt,DE-ST,F00-F99,F00-F99 Psychische und Verhaltensstörungen,1648,77.0,62.8
2024,Sachsen-Anhalt,DE-ST,F00-F09,"F00-F09 Organische, einschließlich symptomatischer psychischer Störungen",1364,63.7,50.7
2024,Sachsen-Anhalt,DE-ST,F00-F03,F00-F03 Demenz,1362,63.6,50.7
2024,Sachsen-Anhalt,DE-ST,F10-F19,F10-F19 Psychische und Verhaltensstörungen durch psychotrope Substanzen,250,11.7,10.7
2024,Sachsen-Anhalt,DE-ST,F20-F29,"F20-F29 Schizophrenie, schizotype und wahnhafte Störungen",14,0.7,0.5
2024,Sachsen-Anhalt,DE-ST,F30-F39,F30-F39 Affektive Störungen,9,0.4,0.3
2024,Sachsen-Anhalt,DE-ST,F32-F34,F32-F34 Depression,6,0.3,0.2
2024,Sachsen-Anhalt,DE-ST,F40-F48,"F40-F48 Neurotische, Belastungs- und somatoforme Störungen",,0.0,0.0
2024,Sachsen-Anhalt,DE-ST,F40-F41,F40-F41 Phobische und andere Angststörungen,,,
2024,Sachsen-Anhalt,DE-ST,F50-F59,F50-F59 Verhaltensauffälligkeiten mit körperlichen Störungen und Faktoren,4,0.2,0.2
2024,Sachsen-Anhalt,DE-ST,F60-F69,F60-F69 Persönlichkeits- und Verhaltensstörungen,,,
2024,Sachsen-Anhalt,DE-ST,F70-F79,F70-F79 Intelligenzminderung,3,0.1,0.1
2024,Sachsen-Anhalt,DE-ST,F80-F89,F80-F89 Entwicklungsstörungen,,0.0,0.1
2024,Sachsen-Anhalt,DE-ST,F90-F98,F90-F98 Verhaltens- und emotionale Störungen mit Beginn in der Kindheit und Jugend,,,
2024,Sachsen-Anhalt,DE-ST,F99-F99,F99-F99 Nicht näher bezeichnete psychische Störungen,,0.1,0.1
2024,Sachsen-Anhalt,DE-ST,G00-H95,G00-H95 Krankheiten des Nervensystems und der Sinnesorgane,1331,62.2,50.6
2024,Sachsen-Anhalt,DE-ST,G00-G99,G00-G99 Krankheiten des Nervensystems,1327,62.0,50.5
2024,Sachsen-Anhalt,DE-ST,G00-G09,G00-G09 Entzündliche Krankheiten des Zentralnervensystems,16,0.7,0.6
2024,Sachsen-Anhalt,DE-ST,G00-G03,G00-G03 Meningitis,,0.1,0.1
2024,Sachsen-Anhalt,DE-ST,G10-G14,"G10-G14 Systematrophien, die vorwiegend das Zentralnervensystem betreffen",96,4.5,3.8
2024,Sachsen-Anhalt,DE-ST,G20-G26,G20-G26 Extrapyramidale Krankheiten und Bewegungsstörungen,328,15.3,12.2
2024,Sachsen-Anhalt,DE-ST,G30-G32,G30-G32 Sonstige degenerative Krankheiten des Nervensystems,592,27.7,22.1
2024,Sachsen-Anhalt,DE-ST,G35-G37,G35-G37 Demyelinisierende Krankheiten des Zentralnervensystems,43,2.0,1.8
2024,Sachsen-Anhalt,DE-ST,G40-G47,G40-G47 Episodische und paroxysmale Krankheiten des Nervensystems,121,5.7,4.7
2024,Sachsen-Anhalt,DE-ST,G40-G41,G40-G41 Epilepsie,117,5.5,4.6
2024,Sachsen-Anhalt,DE-ST,G50-G59,"G50-G59 Krankheiten von Nerven, Nervenwurzeln und Nervenplexus",,,
2024,Sachsen-Anhalt,DE-ST,G60-G64,G60-G64 Polyneuropathien und sonstige Krankheiten des peripheren Nervensystems,28,1.3,1.1
2024,Sachsen-Anhalt,DE-ST,G70-G73,G70-G73 Krankheiten im Bereich der neuromuskulären Synapse und des Muskels,27,1.3,1.0
2024,Sachsen-Anhalt,DE-ST,G80-G83,G80-G83 Zerebrale Lähmung und sonstige Lähmungssyndrome,39,1.8,1.7
2024,Sachsen-Anhalt,DE-ST,G90-G99,G90-G99 Sonstige Krankheiten des Nervensystems,37,1.7,1.5
2024,Sachsen-Anhalt,DE-ST,H00-H59,H00-H59 Krankheiten des Auges und der Augenanhangsgebilde,,0.0,0.0
2024,Sachsen-Anhalt,DE-ST,H00-H06,"H00-H06 Affektionen des Augenlides, des Tränenapparates und der Orbita",,,
2024,Sachsen-Anhalt,DE-ST,H10-H13,H10-H13 Affektionen der Konjunktiva,,,
2024,Sachsen-Anhalt,DE-ST,H15-H22,"H15-H22 Affektionen der Sklera, der Hornhaut, der Iris und des Ziliarkörpers",,,
2024,Sachsen-Anhalt,DE-ST,H25-H28,H25-H28 Affektionen der Linse,,,
2024,Sachsen-Anhalt,DE-ST,H30-H36,H30-H36 Affektionen der Aderhaut und der Netzhaut,,0.0,0.0
2024,Sachsen-Anhalt,DE-ST,H40-H42,H40-H42 Glaukom,,,
2024,Sachsen-Anhalt,DE-ST,H43-H45,H43-H45 Affektionen des Glaskörpers und des Augapfels,,,
2024,Sachsen-Anhalt,DE-ST,H46-H48,H46-H48 Affektionen des Nervus opticus und der Sehbahn,,,
2024,Sachsen-Anhalt,DE-ST,H49-H52,"H49-H52 Affektionen der Augenmuskeln, Störungen der Blickbewegungen sowie Akkommodationsstörungen und Refraktionsfehler",,,
2024,Sachsen-Anhalt,DE-ST,H53-H54,H53-H54 Sehstörungen und Blindheit,,,
2024,Sachsen-Anhalt,DE-ST,H55-H59,H55-H59 Sonstige Affektionen des Auges und der Augenanhangsgebilde,,,
2024,Sachsen-Anhalt,DE-ST,H60-H95,H60-H95 Krankheiten des Ohres und des Warzenfortsatzes,3,0.1,0.1
2024,Sachsen-Anhalt,DE-ST,H60-H62,H60-H62 Krankheiten des äußeren Ohres,,,
2024,Sachsen-Anhalt,DE-ST,H65-H75,H65-H75 Krankheiten des Mittelohres und des Warzenfortsatzes,,0.1,0.1
2024,Sachsen-Anhalt,DE-ST,H80-H83,H80-H83 Krankheiten des Innenohres,,0.0,0.0
2024,Sachsen-Anhalt,DE-ST,H90-H95,H90-H95 Sonstige Krankheiten des Ohres,,,
2024,Sachsen-Anhalt,DE-ST,H90-H91,H90-H91 Hörverlust,,,
2024,Sachsen-Anhalt,DE-ST,I00-I99,I00-I99 Krankheiten des Kreislaufsystems,13144,614.2,497.0
2024,Sachsen-Anhalt,DE-ST,I00-I02,I00-I02 Akutes rheumatisches Fieber,,0.0,0.0
2024,Sachsen-Anhalt,DE-ST,I05-I09,I05-I09 Chronische rheumatische Herzkrankheiten,160,7.5,6.0
2024,Sachsen-Anhalt,DE-ST,I10-I15,I10-I15 Hypertonie (Hochdruckkrankheit),2348,109.7,88.4
2024,Sachsen-Anhalt,DE-ST,I20-I25,I20-I25 Ischämische Herzkrankheiten,4662,217.8,177.0
2024,Sachsen-Anhalt,DE-ST,I21-I22,I21-I22 Herzinfarkt,1621,75.7,62.3
2024,Sachsen-Anhalt,DE-ST,I26-I28,I26-I28 Pulmonale Herzkrankheit und Krankheiten des Lungenkreislaufes,215,10.0,8.3
2024,Sachsen-Anhalt,DE-ST,I30-I52,I30-I52 Sonstige Formen der Herzkrankheit,3606,168.5,135.6
2024,Sachsen-Anhalt,DE-ST,I60-I69,I60-I69 Zerebrovaskuläre Krankheiten,1738,81.2,65.7
2024,Sachsen-Anhalt,DE-ST,I60-I61,I60-I61 Subarachnoidalblutung und intrazerebrale Blutung,333,15.6,12.9
2024,Sachsen-Anhalt,DE-ST,I70-I79,"I70-I79 Krankheiten der Arterien, Arteriolen und Kapillaren",344,16.1,13.1
2024,Sachsen-Anhalt,DE-ST,I80-I89,"I80-I89 Krankheiten der Venen, der Lymphgefäße und der Lymphknoten andernorts nicht klassifiziert",70,3.3,2.8
2024,Sachsen-Anhalt,DE-ST,I95-I99,I95-I99 Sonstige und nicht näher bezeichnete Krankheiten des Kreislaufsystems,,,
2024,Sachsen-Anhalt,DE-ST,J00-J99,J00-J99 Krankheiten des Atmungssystems,1998,93.4,75.7
2024,Sachsen-Anhalt,DE-ST,J00-J06,J00-J06 Akute Infektionen der oberen Atemwege,,0.1,0.1
2024,Sachsen-Anhalt,DE-ST,J09-J18,J09-J18 Grippe und Pneumonie,665,31.1,25.3
2024,Sachsen-Anhalt,DE-ST,J09-J11,J09-J11 Grippe,107,5.0,4.2
2024,Sachsen-Anhalt,DE-ST,J12-J18,J12-J18 Pneumonie,558,26.1,21.1
2024,Sachsen-Anhalt,DE-ST,J20-J22,J20-J22 Sonstige akute Infektionen der unteren Atemwege,9,0.4,0.3
2024,Sachsen-Anhalt,DE-ST,J30-J39,J30-J39 Sonstige Krankheiten der oberen Atemwege,3,0.1,0.1
2024,Sachsen-Anhalt,DE-ST,J40-J47,J40-J47 Chronische Krankheiten der unteren Atemwege,1056,49.3,39.9
2024,Sachsen-Anhalt,DE-ST,J45-J46,J45-J46 Asthma,36,1.7,1.5
2024,Sachsen-Anhalt,DE-ST,J60-J70,J60-J70 Lungenkrankheiten durch exogene Substanzen,88,4.1,3.3
2024,Sachsen-Anhalt,DE-ST,J80-J84,"J80-J84 Sonstige Krankheiten der Atmungsorgane, die hauptsächlich das Interstitium betreffen",101,4.7,3.8
2024,Sachsen-Anhalt,DE-ST,J85-J86,J85-J86 Purulente und nekrotisierende Krankheitszustände der unteren Atemwege,19,0.9,0.8
2024,Sachsen-Anhalt,DE-ST,J90-J94,J90-J94 Sonstige Krankheiten der Pleura,23,1.1,0.9
2024,Sachsen-Anhalt,DE-ST,J95-J99,J95-J99 Sonstige Krankheiten des Atmungssystems,32,1.5,1.2
2024,Sachsen-Anhalt,DE-ST,K00-K93,K00-K93 Krankheiten des Verdauungssystems,1666,77.8,65.8
2024,Sachsen-Anhalt,DE-ST,K00-K14,"K00-K14 Krankheiten der Mundhöhle, der Speicheldrüsen und der Kiefer",7,0.3,0.3
2024,Sachsen-Anhalt,DE-ST,K20-K31,"K20-K31 Krankheiten des Ösophagus, des Magens und des Duodenums",192,9.0,7.3
2024,Sachsen-Anhalt,DE-ST,K25-K28,"K25-K28 Ulcus ventriculi, Ulcus duodeni, Ulcus pepticum",132,6.2,5.0
2024,Sachsen-Anhalt,DE-ST,K35-K38,K35-K38 Krankheiten der Appendix,5,0.2,0.2
2024,Sachsen-Anhalt,DE-ST,K40-K46,K40-K46 Hernien,44,2.1,1.7
2024,Sachsen-Anhalt,DE-ST,K50-K52,K50-K52 Nichtinfektiöse Enteritis und Kolitis,22,1.0,0.8
2024,Sachsen-Anhalt,DE-ST,K55-K64,K55-K64 Sonstige Krankheiten des Darmes,348,16.3,13.2
2024,Sachsen-Anhalt,DE-ST,K65-K67,K65-K67 Krankheiten des Peritoneums,32,1.5,1.2
2024,Sachsen-Anhalt,DE-ST,K70-K77,K70-K77 Krankheiten der Leber,723,33.8,29.7
2024,Sachsen-Anhalt,DE-ST,K80-K87,"K80-K87 Krankheiten der Gallenblase, der Gallenwege und des Pankreas",205,9.6,8.0
2024,Sachsen-Anhalt,DE-ST,K90-K93,K90-K93 Sonstige Krankheiten des Verdauungssystems,88,4.1,3.4
2024,Sachsen-Anhalt,DE-ST,L00-L99,L00-L99 Krankheiten der Haut und der Unterhaut,53,2.5,2.0
2024,Sachsen-Anhalt,DE-ST,L00-L08,L00-L08 Infektionen der Haut und der Unterhaut,11,0.5,0.4
2024,Sachsen-Anhalt,DE-ST,L10-L14,L10-L14 Bullöse Dermatosen,5,0.2,0.2
2024,Sachsen-Anhalt,DE-ST,L20-L30,L20-L30 Dermatitis und Ekzem,,,
2024,Sachsen-Anhalt,DE-ST,L40-L45,L40-L45 Papulosquamöse Hautkrankheiten,,,
2024,Sachsen-Anhalt,DE-ST,L40-L42,L40-L42 Psoriasis,,,
2024,Sachsen-Anhalt,DE-ST,L50-L54,L50-L54 Urtikaria und Erythem,,0.0,0.0
2024,Sachsen-Anhalt,DE-ST,L55-L59,L55-L59 Krankheiten der Haut und der Unterhaut durch Strahleneinwirkung,,,
2024,Sachsen-Anhalt,DE-ST,L60-L75,L60-L75 Krankheiten der Hautanhangsgebilde,,,
2024,Sachsen-Anhalt,DE-ST,L80-L99,L80-L99 Sonstige Krankheiten der Haut und der Unterhaut,36,1.7,1.4
2024,Sachsen-Anhalt,DE-ST,M00-M99,M00-M99 Krankheiten des Muskel-Skelett-Systems und des Bindegewebes,227,10.6,8.6
2024,Sachsen-Anhalt,DE-ST,M00-M25,M00-M25 Arthropathien,78,3.6,3.0
2024,Sachsen-Anhalt,DE-ST,M00-M03,M00-M03 Infektiöse Arthropathien,17,0.8,0.6
2024,Sachsen-Anhalt,DE-ST,M05-M14,M05-M14 Entzündliche Polyarthropathien,43,2.0,1.6
2024,Sachsen-Anhalt,DE-ST,M15-M19,M15-M19 Arthrose,17,0.8,0.6
2024,Sachsen-Anhalt,DE-ST,M20-M25,M20-M25 Sonstige Gelenkkrankheiten,,0.0,0.0
2024,Sachsen-Anhalt,DE-ST,M30-M36,M30-M36 Systemkrankheiten des Bindegewebes,27,1.3,1.1
2024,Sachsen-Anhalt,DE-ST,M40-M54,M40-M54 Krankheiten der Wirbelsäule und des Rückens,53,2.5,2.0
2024,Sachsen-Anhalt,DE-ST,M40-M43,M40-M43 Deformitäten der Wirbelsäule und des Rückens,,0.1,0.1
2024,Sachsen-Anhalt,DE-ST,M45-M54,M45-M54 Dorsopathien,51,2.4,1.9
2024,Sachsen-Anhalt,DE-ST,M45-M49,M45-M49 Spondylopathien,48,2.2,1.8
2024,Sachsen-Anhalt,DE-ST,M50-M54,M50-M54 Sonstige Krankheiten der Wirbelsäule und des Rückens,3,0.1,0.1
2024,Sachsen-Anhalt,DE-ST,M60-M79,M60-M79 Krankheiten der Weichteilgewebe,30,1.4,1.2
2024,Sachsen-Anhalt,DE-ST,M60-M63,M60-M63 Krankheiten der Muskeln,14,0.7,0.6
2024,Sachsen-Anhalt,DE-ST,M65-M68,M65-M68 Krankheiten der Synovialis und der Sehnen,,0.0,0.0
2024,Sachsen-Anhalt,DE-ST,M70-M79,M70-M79 Sonstige Krankheiten des Weichteilgewebes,15,0.7,0.6
2024,Sachsen-Anhalt,DE-ST,M80-M94,M80-M94 Osteopathien und Chondropathien,39,1.8,1.4
2024,Sachsen-Anhalt,DE-ST,M80-M85,M80-M85 Veränderungen der Knochendichte und -struktur,30,1.4,1.1
2024,Sachsen-Anhalt,DE-ST,M80-M82,M80-M82 Osteoporose,28,1.3,1.0
2024,Sachsen-Anhalt,DE-ST,M86-M90,M86-M90 Sonstige Osteopathien,9,0.4,0.3
2024,Sachsen-Anhalt,DE-ST,M91-M94,M91-M94 Chondropathien,,,
2024,Sachsen-Anhalt,DE-ST,M95-M99,M95-M99 Sonstige Krankheiten des Muskel-Skelett-Systems und des Bindegewebes,,,
2024,Sachsen-Anhalt,DE-ST,N00-N99,N00-N99 Krankheiten des Urogenitalsystems,1059,49.5,39.7
2024,Sachsen-Anhalt,DE-ST,N00-N29,N00-N29 Krankheiten der Niere und des Ureters,784,36.6,29.4
2024,Sachsen-Anhalt,DE-ST,N00-N08,N00-N08 Glomeruläre Krankheiten,7,0.3,0.3
2024,Sachsen-Anhalt,DE-ST,N10-N16,N10-N16 Tubulointerstitielle Nierenkrankheiten,29,1.4,1.1
2024,Sachsen-Anhalt,DE-ST,N17-N19,N17-N19 Niereninsuffizienz,729,34.1,27.3
2024,Sachsen-Anhalt,DE-ST,N20-N23,N20-N23 Urolithiasis,7,0.3,0.3
2024,Sachsen-Anhalt,DE-ST,N25-N29,N25-N29 Sonstige Krankheiten der Niere und des Ureters,12,0.6,0.4
2024,Sachsen-Anhalt,DE-ST,N30-N39,N30-N39 Sonstige Krankheiten des Harnsystems,247,11.5,9.2
2024,Sachsen-Anhalt,DE-ST,N40-N51,N40-N51 Krankheiten der männlichen Genitalorgane,,,
2024,Sachsen-Anhalt,DE-ST,N60-N64,N60-N64 Krankheiten der Mamma (Brustdrüse),,0.0,0.0
2024,Sachsen-Anhalt,DE-ST,N70-N77,N70-N77 Entzündliche Krankheiten der weiblichen Beckenorgane,,,
2024,Sachsen-Anhalt,DE-ST,N80-N98,N80-N98 Nichtentzündliche Krankheiten des weiblichen Genitaltraktes,,,
2024,Sachsen-Anhalt,DE-ST,O00-O99,"O00-O99 Schwangerschaft, Geburt und Wochenbett",,,
2024,Sachsen-Anhalt,DE-ST,O00-O08,O00-O08 Schwangerschaft mit abortivem Ausgang,,,
2024,Sachsen-Anhalt,DE-ST,O10-O16,"O10-O16 Ödeme, Proteinurie und Hypertonie während der Schwangerschaft, der Geburt und des Wochenbettes",,,
2024,Sachsen-Anhalt,DE-ST,O20-O29,"O20-O29 Sonstige Krankheiten der Mutter, die vorwiegend mit der Schwangerschaft verbunden sind",,,
2024,Sachsen-Anhalt,DE-ST,O30-O48,O30-O48 Betreuung der Mutter im Hinblick auf den Fetus und die Amnionhöhle sowie mögliche Entbindungskomplikationen,,,
2024,Sachsen-Anhalt,DE-ST,O60-O75,O60-O75 Komplikationen bei Wehentätigkeit und Entbindung,,,
2024,Sachsen-Anhalt,DE-ST,O80-O84,O80-O84 Entbindung,,,
2024,Sachsen-Anhalt,DE-ST,O85-O92,"O85-O92 Komplikationen, die vorwiegend im Wochenbett auftreten",,,
2024,Sachsen-Anhalt,DE-ST,O94-O99,"O94-O99 Sonstige Krankheitszustände während der Gestationsperiode, die andernorts nicht klassifiziert sind",,,
2024,Sachsen-Anhalt,DE-ST,P00-P96,"P00-P96 Bestimmte Zustände, die ihren Ursprung in der Perinatalperiode haben",26,1.2,1.8
2024,Sachsen-Anhalt,DE-ST,P00-P04,"P00-P04 Schädigung des Fetus und Neugeborenen durch mütterliche Faktoren und durch Komplikationen bei Schwangerschaft, Wehentätigkeit und Entbindung",4,0.2,0.3
2024,Sachsen-Anhalt,DE-ST,P05-P08,P05-P08 Störungen im Zusammenhang mit der Schwangerschaftsdauer und dem fetalen Wachstum,7,0.3,0.5
2024,Sachsen-Anhalt,DE-ST,P10-P15,P10-P15 Geburtstrauma,,,
2024,Sachsen-Anhalt,DE-ST,P20-P29,"P20-P29 Krankheiten des Atmungs- und Herz-Kreislaufsystems, die für die Perinatalperiode spezifisch sind",11,0.5,0.8
2024,Sachsen-Anhalt,DE-ST,P35-P39,"P35-P39 Infektionen, die für die Perinatalperiode spezifisch sind",,,
2024,Sachsen-Anhalt,DE-ST,P50-P61,P50-P61 Hämorrhagische und hämatologische Krankheiten beim Fetus und Neugeborenen,,0.1,0.1
2024,Sachsen-Anhalt,DE-ST,P70-P74,"P70-P74 Transitorische endokrine und Stoffwechselstörungen, die für den Fetus und das Neugeborene spezifisch sind",,,
2024,Sachsen-Anhalt,DE-ST,P75-P78,P75-P78 Krankheiten des Verdauungssystems beim Fetus und Neugeborenen,,,
2024,Sachsen-Anhalt,DE-ST,P80-P83,P80-P83 Krankheitszustände mit Beteiligung der Haut und der Temperaturregulation beim Fetus und Neugeborenen,,,
2024,Sachsen-Anhalt,DE-ST,P90-P96,"P90-P96 Sonstige Störungen, die ihren Ursprung in der Perinatalperiode haben",,0.1,0.1
2024,Sachsen-Anhalt,DE-ST,Q00-Q99,"Q00-Q99 Angeborene Fehlbildungen, Deformitäten und Chromosomenanomalien",77,3.6,3.8
2024,Sachsen-Anhalt,DE-ST,Q00-Q07,Q00-Q07 Angeborene Fehlbildungen des Nervensystems,10,0.5,0.5
2024,Sachsen-Anhalt,DE-ST,Q10-Q18,"Q10-Q18 Angeborene Fehlbildungen des Auges, des Ohres, des Gesichtes und des Halses",,,
2024,Sachsen-Anhalt,DE-ST,Q20-Q28,Q20-Q28 Angeborene Fehlbildungen des Kreislaufsystems,21,1.0,1.1
2024,Sachsen-Anhalt,DE-ST,Q30-Q34,Q30-Q34 Angeborene Fehlbildungen des Atmungssystems,,0.0,0.1
2024,Sachsen-Anhalt,DE-ST,Q35-Q37,"Q35-Q37 Lippen-, Kiefer- und Gaumenspalte",,,
2024,Sachsen-Anhalt,DE-ST,Q38-Q45,Q38-Q45 Sonstige angeborene Fehlbildungen des Verdauungssystems,,0.1,0.1
2024,Sachsen-Anhalt,DE-ST,Q50-Q56,Q50-Q56 Angeborene Fehlbildungen der Genitalorgane,,,
2024,Sachsen-Anhalt,DE-ST,Q60-Q64,Q60-Q64 Angeborene Fehlbildungen des Harnsystems,8,0.4,0.3
2024,Sachsen-Anhalt,DE-ST,Q65-Q79,Q65-Q79 Angeborene Fehlbildung und Deformitäten des Muskel-Skelett-Systems,6,0.3,0.3
2024,Sachsen-Anhalt,DE-ST,Q80-Q89,Q80-Q89 Sonstige angeborene Fehlbildungen,9,0.4,0.5
2024,Sachsen-Anhalt,DE-ST,Q90-Q99,"Q90-Q99 Chromosomenanomalien, anderenorts nicht klassifiziert",20,0.9,0.9
2024,Sachsen-Anhalt,DE-ST,R00-R99,"R00-R99 Symptome und abnorme klinische und Laborbefunde, die andernorts nicht klassifiziert sind",649,30.3,27.0
2024,Sachsen-Anhalt,DE-ST,R00-R09,"R00-R09 Symptome, die das Kreislaufsystem und das Atmungssystem betreffen",9,0.4,0.4
2024,Sachsen-Anhalt,DE-ST,R10-R19,"R10-R19 Symptome, die das Verdauungssystem und das Abdomen betreffen",,,
2024,Sachsen-Anhalt,DE-ST,R20-R23,"R20-R23 Symptome, die die Haut und das Unterhautgewebe betreffen",,,
2024,Sachsen-Anhalt,DE-ST,R25-R29,"R25-R29 Symptome, die das Nervensystem und das Muskel-Skelett-System betreffen",,,
2024,Sachsen-Anhalt,DE-ST,R30-R39,"R30-R39 Symptome, die das Harnsystem betreffen",,,
2024,Sachsen-Anhalt,DE-ST,R40-R46,"R40-R46 Symptome, die das Erkennungs- und Wahrnehmungsvermögen, die Stimmung und das Verhalten betreffen",,0.0,0.0
2024,Sachsen-Anhalt,DE-ST,R47-R49,"R47-R49 Symptome, die die Sprache und die Stimme betreffen",,,
2024,Sachsen-Anhalt,DE-ST,R50-R69,R50-R69 Allgemeinsymptome,23,1.1,0.9
2024,Sachsen-Anhalt,DE-ST,R70-R79,R70-R79 Abnorme Blutuntersuchungsbefunde ohne Vorliegen einer Diagnose,,,
2024,Sachsen-Anhalt,DE-ST,R80-R82,R80-R82 Abnorme Urinuntersuchungsbefunde ohne Vorliegen einer Diagnose,,,
2024,Sachsen-Anhalt,DE-ST,R83-R89,"R83-R89 Abnorme Befunde ohne Vorliegen einer Diagnose bei der Untersuchung anderer Körperflüssigkeiten, Substanzen und Gewebe",,,
2024,Sachsen-Anhalt,DE-ST,R90-R94,R90-R94 Abnorme Befunde ohne Vorliegen einer Diagnose bei bildgebender Diagnostik und Funktionsprüfungen,,,
2024,Sachsen-Anhalt,DE-ST,R95-R99,R95-R99 Ungenau bezeichnete und unbekannte Todesursachen,616,28.8,25.7
2024,Sachsen-Anhalt,DE-ST,R96-R99,R96-R99 Unbekannte Todesursache,614,28.7,25.5
2024,Sachsen-Anhalt,DE-ST,S00-T98,"S00-T98 Verletzungen, Vergiftungen und bestimmte andere Folgen äußerer Ursachen",1503,70.2,60.3
2024,Sachsen-Anhalt,DE-ST,S00-T14,S00-T14 Verletzungen,1009,47.1,39.6
2024,Sachsen-Anhalt,DE-ST,S00-S09,S00-S09 Verletzungen des Kopfes,363,17.0,14.2
2024,Sachsen-Anhalt,DE-ST,S10-S19,S10-S19 Verletzungen des Halses,52,2.4,2.2
2024,Sachsen-Anhalt,DE-ST,S20-S29,S20-S29 Verletzungen des Thorax,102,4.8,4.2
2024,Sachsen-Anhalt,DE-ST,S30-S39,"S30-S39 Verletzungen des Abdomens, der Lumbosakralgegend, der Lendenwirbelsäule und des Beckens",61,2.9,2.3
2024,Sachsen-Anhalt,DE-ST,S40-S49,S40-S49 Verletzungen der Schulter und des Oberarmes,22,1.0,0.8
2024,Sachsen-Anhalt,DE-ST,S50-S59,S50-S59 Verletzungen des Ellenbogens und des Unterarmes,11,0.5,0.4
2024,Sachsen-Anhalt,DE-ST,S60-S69,S60-S69 Verletzungen des Handgelenkes und der Hand,5,0.2,0.2
2024,Sachsen-Anhalt,DE-ST,S70-S79,S70-S79 Verletzungen der Hüfte und des Oberschenkels,275,12.8,10.3
2024,Sachsen-Anhalt,DE-ST,S80-S89,S80-S89 Verletzungen des Knies und des Unterschenkels,19,0.9,0.8
2024,Sachsen-Anhalt,DE-ST,S90-S99,S90-S99 Verletzungen der Knöchelregion und des Fußes,,0.1,0.1
2024,Sachsen-Anhalt,DE-ST,T00-T07,T00-T07 Verletzungen mit Beteiligung mehrerer Körperregionen,65,3.0,2.8
2024,Sachsen-Anhalt,DE-ST,T08-T14,"T08-T14 Verletzungen nicht näher bezeichneter Teile des Rumpfes, der Extremitäten oder anderer Körperregionen",32,1.5,1.3
2024,Sachsen-Anhalt,DE-ST,T15-T19,T15-T19 Folgen des Eindringens eines Fremdkörpers durch eine natürliche Körperöffnung,28,1.3,1.1
2024,Sachsen-Anhalt,DE-ST,T20-T32,T20-T32 Verbrennungen oder Verätzungen,9,0.4,0.3
2024,Sachsen-Anhalt,DE-ST,T20-T25,"T20-T25 Verbrennungen oder Verätzungen der äußeren Körperoberfläche, Lokalisation bezeichnet",3,0.1,0.1
2024,Sachsen-Anhalt,DE-ST,T26-T28,"T26-T28 Verbrennungen oder Verätzungen, die auf das Auge und auf innere Organe begrenzt sind",,0.0,0.0
2024,Sachsen-Anhalt,DE-ST,T29-T32,T29-T32 Verbrennungen oder Verätzungen mehrerer und nicht näher bezeichneter Körperregionen,5,0.2,0.2
2024,Sachsen-Anhalt,DE-ST,T33-T35,T33-T35 Erfrierungen,,0.1,0.1
2024,Sachsen-Anhalt,DE-ST,T36-T50,"T36-T50 Vergiftungen durch Arzneimittel, Drogen und biologisch aktive Substanzen",80,3.7,3.6
2024,Sachsen-Anhalt,DE-ST,T51-T65,T51-T65 Toxische Wirkungen von vorwiegend nicht medizinisch verwendeten Substanzen,39,1.8,1.7
2024,Sachsen-Anhalt,DE-ST,T66-T78,T66-T78 Sonstige und nicht näher bezeichnete Schäden durch äußere Ursachen,238,11.1,10.1
2024,Sachsen-Anhalt,DE-ST,T79-T79,T79-T79 Bestimmte Frühkomplikationen eines Traumas,3,0.1,0.1
2024,Sachsen-Anhalt,DE-ST,T80-T88,"T80-T88 Komplikationen bei chirurgischen Eingriffen und medizinischer Behandlung, anderenorts nicht klassifiziert",63,2.9,2.4
2024,Sachsen-Anhalt,DE-ST,T90-T98,"T90-T98 Folgen von Verletzungen, Vergiftungen und sonstigen Auswirkungen äußerer Ursachen",32,1.5,1.2
2024,Sachsen-Anhalt,DE-ST,U00-U99,U00-U99 Schlüsselnummern für besondere Zwecke,380,17.8,14.3
2024,Sachsen-Anhalt,DE-ST,U00-U49,U00-U49 Vorläufige Zuordnungen für Krankheiten mit unklarer Ätiologie und nicht belegte Schlüsselnummern,380,17.8,14.3
2024,Schleswig-Holstein,DE-SH,,Alle Krankheiten und Folgen äußerer Ursachen,38843,1313.9,1221.5
2024,Schleswig-Holstein,DE-SH,A00-B99,A00-B99 Bestimmte infektiöse und parasitäre Krankheiten,694,23.5,21.7
2024,Schleswig-Holstein,DE-SH,A00-A09,A00-A09 Infektiöse Darmkrankheiten,190,6.4,5.9
2024,Schleswig-Holstein,DE-SH,A15-A19,A15-A19 Tuberkulose,7,0.2,0.2
2024,Schleswig-Holstein,DE-SH,A20-A28,A20-A28 Bestimmte bakterielle Zoonosen,,,
2024,Schleswig-Holstein,DE-SH,A30-A49,A30-A49 Sonstige bakterielle Krankheiten,291,9.8,9.1
2024,Schleswig-Holstein,DE-SH,A50-A64,"A50-A64 Infektionen, vorwiegend durch Geschlechtsverkehr übertragen",,,
2024,Schleswig-Holstein,DE-SH,A65-A69,A65-A69 Sonstige Spirochätenkrankheiten,,,
2024,Schleswig-Holstein,DE-SH,A70-A74,A70-A74 Sonstige Krankheiten durch Chlamydien,,,
2024,Schleswig-Holstein,DE-SH,A75-A79,A75-A79 Rickettsiosen,,,
2024,Schleswig-Holstein,DE-SH,A80-A89,A80-A89 Virusinfektionen des Zentralnervensystems,7,0.2,0.2
2024,Schleswig-Holstein,DE-SH,A90-A99,A90-A99 Durch Arthropoden übertragene Viruskrankheiten und virale hämorrhagische Fieber,,,
2024,Schleswig-Holstein,DE-SH,B00-B09,"B00-B09 Virusinfektionen, durch Haut- und Schleimhautläsionen gekennzeichnet",13,0.4,0.4
2024,Schleswig-Holstein,DE-SH,B15-B19,B15-B19 Virushepatitis,14,0.5,0.5
2024,Schleswig-Holstein,DE-SH,B20-B24,B20-B24 HIV-Krankheit (Humane Immundefizienz-Viruskrankheit),7,0.2,0.2
2024,Schleswig-Holstein,DE-SH,B25-B34,B25-B34 Sonstige Viruskrankheiten,7,0.2,0.2
2024,Schleswig-Holstein,DE-SH,B35-B49,B35-B49 Mykosen,13,0.4,0.4
2024,Schleswig-Holstein,DE-SH,B50-B64,B50-B64 Protozoenkrankheiten,,,
2024,Schleswig-Holstein,DE-SH,B65-B83,B65-B83 Helminthosen,,,
2024,Schleswig-Holstein,DE-SH,B85-B89,"B85-B89 Pedikulose, Akarinose und sonstiger Parasitenbefall der Haut",,0.1,0.1
2024,Schleswig-Holstein,DE-SH,B90-B94,B90-B94 Folgezustände von infektiösen und parasitären Krankheiten,31,1.0,1.0
2024,Schleswig-Holstein,DE-SH,B99-B99,B99-B99 Sonstige Infektionskrankheiten,112,3.8,3.5
2024,Schleswig-Holstein,DE-SH,C00-D48,C00-D48 Neubildungen,9597,324.6,302.5
2024,Schleswig-Holstein,DE-SH,C00-C97,C00-C97 Bösartige Neubildungen,9276,313.8,292.4
2024,Schleswig-Holstein,DE-SH,C00-C75,"C00-C75 Bösartige Neubildungen an genau bezeichneten Lokalisationen, als primär festgestellt oder vermutet, ausgenommen lymphatisches, blutbildendes und verwandtes Gewebe",7991,270.3,252.1
2024,Schleswig-Holstein,DE-SH,C00-C14,"C00-C14 Bösartige Neubildungen der Lippe, der Mundhöhle und des Pharynx",210,7.1,6.7
2024,Schleswig-Holstein,DE-SH,C15-C26,C15-C26 Bösartige Neubildungen der Verdauungsorgane,2626,88.8,82.8
2024,Schleswig-Holstein,DE-SH,C18-C21,"C18-C21 Bösartige Neubildung des Kolons, des Rektums und des Anus",853,28.9,26.9
2024,Schleswig-Holstein,DE-SH,C19-C21,C19-C21 Bösartige Neubildung des Rektums und des Anus,263,8.9,8.3
2024,Schleswig-Holstein,DE-SH,C30-C39,C30-C39 Bösartige Neubildungen der Atmungsorgane und sonstiger intrathorakaler Organe,2029,68.6,64.3
2024,Schleswig-Holstein,DE-SH,C32-C34,"C32-C34 Bösartige Neubildung des Larynx, der Trachea, der Bronchien und der Lunge",2010,68.0,63.7
2024,Schleswig-Holstein,DE-SH,C33-C34,"C33-C34 Bösartige Neubildung der Trachea, Bronchien und der Lunge",1963,66.4,62.2
2024,Schleswig-Holstein,DE-SH,C40-C41,C40-C41 Bösartige Neubildungen des Knochens und des Gelenkknorpels,11,0.4,0.4
2024,Schleswig-Holstein,DE-SH,C43-C44,C43-C44 Melanom und sonstige bösartige Neubildungen der Haut,179,6.1,5.6
2024,Schleswig-Holstein,DE-SH,C45-C49,C45-C49 Bösartige Neubildungen des mesothelialen Gewebes und des Weichteilgewebes,140,4.7,4.4
2024,Schleswig-Holstein,DE-SH,C50-C50,C50-C50 Bösartige Neubildung der Brustdrüse,730,24.7,23.1
2024,Schleswig-Holstein,DE-SH,C51-C58,C51-C58 Bösartige Neubildungen der weiblichen Genitalorgane,,,
2024,Schleswig-Holstein,DE-SH,C54-C55,C54-C55 Bösartige Neubildung sonstiger Teile der Gebärmutter,,,
2024,Schleswig-Holstein,DE-SH,C60-C63,C60-C63 Bösartige Neubildungen der männlichen Genitalorgane,,,
2024,Schleswig-Holstein,DE-SH,C64-C68,C64-C68 Bösartige Neubildungen der Harnorgane,663,22.4,20.8
2024,Schleswig-Holstein,DE-SH,C69-C72,"C69-C72 Bösartige Neubildungen des Auges, des Gehirns und sonstiger Teile des Zentralnervensystems",261,8.8,8.4
2024,Schleswig-Holstein,DE-SH,C73-C75,C73-C75 Bösartige Neubildungen der Schilddrüse und sonstiger endokriner Drüsen,26,0.9,0.8
2024,Schleswig-Holstein,DE-SH,C76-C80,"C76-C80 Bösartige Neubildungen ungenau bezeichneter, sekundärer und nicht näher bezeichneter Lokalisationen",511,17.3,16.1
2024,Schleswig-Holstein,DE-SH,C81-C96,"C81-C96 Bösartige Neubildungen des lymphatischen, blutbildenden und verwandten Gewebes, als primär festgestellt oder vermutet",774,26.2,24.2
2024,Schleswig-Holstein,DE-SH,C91-C95,C91-C95 Leukämie,306,10.4,9.5
2024,Schleswig-Holstein,DE-SH,C97-C97,C97-C97 Bösartige Neubildungen als Primärtumoren an mehreren Lokalisationen,,,
2024,Schleswig-Holstein,DE-SH,D00-D09,D00-D09 In-situ-Neubildungen,,0.0,0.0
2024,Schleswig-Holstein,DE-SH,D10-D36,D10-D36 Gutartige Neubildungen,39,1.3,1.2
2024,Schleswig-Holstein,DE-SH,D37-D48,D37-D48 Neubildungen unsicheren oder unbekannten Verhaltens,281,9.5,8.8
2024,Schleswig-Holstein,DE-SH,D50-D90,D50-D90 Krankheiten des Blutes und der blutbildenden Organe sowie bestimmte Störungen mit Beteiligung des Immunsystems,204,6.9,6.4
2024,Schleswig-Holstein,DE-SH,D50-D53,D50-D53 Alimentäre Anämien,19,0.6,0.6
2024,Schleswig-Holstein,DE-SH,D55-D59,D55-D59 Hämolytische Anämien,,0.0,0.0
2024,Schleswig-Holstein,DE-SH,D60-D64,D60-D64 Aplastische und sonstige Anämien,66,2.2,2.1
2024,Schleswig-Holstein,DE-SH,D65-D69,"D65-D69 Koagulopathien, Purpura und sonstige hämorrhagische Diathesen",63,2.1,2.0
2024,Schleswig-Holstein,DE-SH,D70-D77,D70-D77 Sonstige Krankheiten des Blutes und der blutbildenden Organe,10,0.3,0.3
2024,Schleswig-Holstein,DE-SH,D80-D90,D80-D90 Bestimmte Störungen mit Beteiligung des Immunsystems,45,1.5,1.4
2024,Schleswig-Holstein,DE-SH,E00-E90,"E00-E90 Endokrine, Ernährungs- und Stoffwechselkrankheiten",1334,45.1,41.8
2024,Schleswig-Holstein,DE-SH,E00-E07,E00-E07 Krankheiten der Schilddrüse,33,1.1,1.1
2024,Schleswig-Holstein,DE-SH,E10-E14,E10-E14 Diabetes mellitus,854,28.9,26.7
2024,Schleswig-Holstein,DE-SH,E15-E16,E15-E16 Sonstige Störungen der Blutglukose-Regulation und der inneren Sekretion des Pankreas,3,0.1,0.1
2024,Schleswig-Holstein,DE-SH,E20-E35,E20-E35 Krankheiten sonstiger endokriner Drüsen,9,0.3,0.3
2024,Schleswig-Holstein,DE-SH,E40-E46,E40-E46 Mangelernährung,23,0.8,0.7
2024,Schleswig-Holstein,DE-SH,E50-E64,E50-E64 Sonstige alimentäre Mangelzustände,12,0.4,0.4
2024,Schleswig-Holstein,DE-SH,E65-E68,E65-E68 Adipositas und sonstige Überernährung,95,3.2,3.0
2024,Schleswig-Holstein,DE-SH,E70-E90,E70-E90 Stoffwechselstörungen,305,10.3,9.5
2024,Schleswig-Holstein,DE-SH,F00-F99,F00-F99 Psychische und Verhaltensstörungen,3047,103.1,95.5
2024,Schleswig-Holstein,DE-SH,F00-F09,"F00-F09 Organische, einschließlich symptomatischer psychischer Störungen",2615,88.5,81.5
2024,Schleswig-Holstein,DE-SH,F00-F03,F00-F03 Demenz,2598,87.9,81.0
2024,Schleswig-Holstein,DE-SH,F10-F19,F10-F19 Psychische und Verhaltensstörungen durch psychotrope Substanzen,317,10.7,10.3
2024,Schleswig-Holstein,DE-SH,F20-F29,"F20-F29 Schizophrenie, schizotype und wahnhafte Störungen",32,1.1,1.0
2024,Schleswig-Holstein,DE-SH,F30-F39,F30-F39 Affektive Störungen,51,1.7,1.7
2024,Schleswig-Holstein,DE-SH,F32-F34,F32-F34 Depression,50,1.7,1.6
2024,Schleswig-Holstein,DE-SH,F40-F48,"F40-F48 Neurotische, Belastungs- und somatoforme Störungen",9,0.3,0.3
2024,Schleswig-Holstein,DE-SH,F40-F41,F40-F41 Phobische und andere Angststörungen,5,0.2,0.2
2024,Schleswig-Holstein,DE-SH,F50-F59,F50-F59 Verhaltensauffälligkeiten mit körperlichen Störungen und Faktoren,9,0.3,0.3
2024,Schleswig-Holstein,DE-SH,F60-F69,F60-F69 Persönlichkeits- und Verhaltensstörungen,,0.0,0.0
2024,Schleswig-Holstein,DE-SH,F70-F79,F70-F79 Intelligenzminderung,8,0.3,0.3
2024,Schleswig-Holstein,DE-SH,F80-F89,F80-F89 Entwicklungsstörungen,3,0.1,0.1
2024,Schleswig-Holstein,DE-SH,F90-F98,F90-F98 Verhaltens- und emotionale Störungen mit Beginn in der Kindheit und Jugend,,0.0,0.0
2024,Schleswig-Holstein,DE-SH,F99-F99,F99-F99 Nicht näher bezeichnete psychische Störungen,,0.0,0.0
2024,Schleswig-Holstein,DE-SH,G00-H95,G00-H95 Krankheiten des Nervensystems und der Sinnesorgane,1608,54.4,50.3
2024,Schleswig-Holstein,DE-SH,G00-G99,G00-G99 Krankheiten des Nervensystems,1605,54.3,50.2
2024,Schleswig-Holstein,DE-SH,G00-G09,G00-G09 Entzündliche Krankheiten des Zentralnervensystems,34,1.2,1.1
2024,Schleswig-Holstein,DE-SH,G00-G03,G00-G03 Meningitis,7,0.2,0.2
2024,Schleswig-Holstein,DE-SH,G10-G14,"G10-G14 Systematrophien, die vorwiegend das Zentralnervensystem betreffen",148,5.0,4.7
2024,Schleswig-Holstein,DE-SH,G20-G26,G20-G26 Extrapyramidale Krankheiten und Bewegungsstörungen,599,20.3,18.5
2024,Schleswig-Holstein,DE-SH,G30-G32,G30-G32 Sonstige degenerative Krankheiten des Nervensystems,415,14.0,12.9
2024,Schleswig-Holstein,DE-SH,G35-G37,G35-G37 Demyelinisierende Krankheiten des Zentralnervensystems,79,2.7,2.5
2024,Schleswig-Holstein,DE-SH,G40-G47,G40-G47 Episodische und paroxysmale Krankheiten des Nervensystems,132,4.5,4.2
2024,Schleswig-Holstein,DE-SH,G40-G41,G40-G41 Epilepsie,117,4.0,3.7
2024,Schleswig-Holstein,DE-SH,G50-G59,"G50-G59 Krankheiten von Nerven, Nervenwurzeln und Nervenplexus",,0.1,0.1
2024,Schleswig-Holstein,DE-SH,G60-G64,G60-G64 Polyneuropathien und sonstige Krankheiten des peripheren Nervensystems,32,1.1,1.0
2024,Schleswig-Holstein,DE-SH,G70-G73,G70-G73 Krankheiten im Bereich der neuromuskulären Synapse und des Muskels,37,1.3,1.2
2024,Schleswig-Holstein,DE-SH,G80-G83,G80-G83 Zerebrale Lähmung und sonstige Lähmungssyndrome,44,1.5,1.4
2024,Schleswig-Holstein,DE-SH,G90-G99,G90-G99 Sonstige Krankheiten des Nervensystems,83,2.8,2.7
2024,Schleswig-Holstein,DE-SH,H00-H59,H00-H59 Krankheiten des Auges und der Augenanhangsgebilde,,0.1,0.1
2024,Schleswig-Holstein,DE-SH,H00-H06,"H00-H06 Affektionen des Augenlides, des Tränenapparates und der Orbita",,,
2024,Schleswig-Holstein,DE-SH,H10-H13,H10-H13 Affektionen der Konjunktiva,,,
2024,Schleswig-Holstein,DE-SH,H15-H22,"H15-H22 Affektionen der Sklera, der Hornhaut, der Iris und des Ziliarkörpers",,,
2024,Schleswig-Holstein,DE-SH,H25-H28,H25-H28 Affektionen der Linse,,0.0,0.0
2024,Schleswig-Holstein,DE-SH,H30-H36,H30-H36 Affektionen der Aderhaut und der Netzhaut,,0.0,0.0
2024,Schleswig-Holstein,DE-SH,H40-H42,H40-H42 Glaukom,,,
2024,Schleswig-Holstein,DE-SH,H43-H45,H43-H45 Affektionen des Glaskörpers und des Augapfels,,,
2024,Schleswig-Holstein,DE-SH,H46-H48,H46-H48 Affektionen des Nervus opticus und der Sehbahn,,,
2024,Schleswig-Holstein,DE-SH,H49-H52,"H49-H52 Affektionen der Augenmuskeln, Störungen der Blickbewegungen sowie Akkommodationsstörungen und Refraktionsfehler",,,
2024,Schleswig-Holstein,DE-SH,H53-H54,H53-H54 Sehstörungen und Blindheit,,,
2024,Schleswig-Holstein,DE-SH,H55-H59,H55-H59 Sonstige Affektionen des Auges und der Augenanhangsgebilde,,,
2024,Schleswig-Holstein,DE-SH,H60-H95,H60-H95 Krankheiten des Ohres und des Warzenfortsatzes,,0.0,0.0
2024,Schleswig-Holstein,DE-SH,H60-H62,H60-H62 Krankheiten des äußeren Ohres,,,
2024,Schleswig-Holstein,DE-SH,H65-H75,H65-H75 Krankheiten des Mittelohres und des Warzenfortsatzes,,0.0,0.0
2024,Schleswig-Holstein,DE-SH,H80-H83,H80-H83 Krankheiten des Innenohres,,,
2024,Schleswig-Holstein,DE-SH,H90-H95,H90-H95 Sonstige Krankheiten des Ohres,,,
2024,Schleswig-Holstein,DE-SH,H90-H91,H90-H91 Hörverlust,,,
2024,Schleswig-Holstein,DE-SH,I00-I99,I00-I99 Krankheiten des Kreislaufsystems,13257,448.4,415.4
2024,Schleswig-Holstein,DE-SH,I00-I02,I00-I02 Akutes rheumatisches Fieber,35,1.2,1.1
2024,Schleswig-Holstein,DE-SH,I05-I09,I05-I09 Chronische rheumatische Herzkrankheiten,311,10.5,9.6
2024,Schleswig-Holstein,DE-SH,I10-I15,I10-I15 Hypertonie (Hochdruckkrankheit),1718,58.1,54.0
2024,Schleswig-Holstein,DE-SH,I20-I25,I20-I25 Ischämische Herzkrankheiten,5146,174.1,161.0
2024,Schleswig-Holstein,DE-SH,I21-I22,I21-I22 Herzinfarkt,1760,59.5,55.4
2024,Schleswig-Holstein,DE-SH,I26-I28,I26-I28 Pulmonale Herzkrankheit und Krankheiten des Lungenkreislaufes,234,7.9,7.4
2024,Schleswig-Holstein,DE-SH,I30-I52,I30-I52 Sonstige Formen der Herzkrankheit,3290,111.3,103.1
2024,Schleswig-Holstein,DE-SH,I60-I69,I60-I69 Zerebrovaskuläre Krankheiten,1964,66.4,61.5
2024,Schleswig-Holstein,DE-SH,I60-I61,I60-I61 Subarachnoidalblutung und intrazerebrale Blutung,353,11.9,11.0
2024,Schleswig-Holstein,DE-SH,I70-I79,"I70-I79 Krankheiten der Arterien, Arteriolen und Kapillaren",469,15.9,14.8
2024,Schleswig-Holstein,DE-SH,I80-I89,"I80-I89 Krankheiten der Venen, der Lymphgefäße und der Lymphknoten andernorts nicht klassifiziert",85,2.9,2.7
2024,Schleswig-Holstein,DE-SH,I95-I99,I95-I99 Sonstige und nicht näher bezeichnete Krankheiten des Kreislaufsystems,5,0.2,0.1
2024,Schleswig-Holstein,DE-SH,J00-J99,J00-J99 Krankheiten des Atmungssystems,2668,90.2,83.6
2024,Schleswig-Holstein,DE-SH,J00-J06,J00-J06 Akute Infektionen der oberen Atemwege,5,0.2,0.2
2024,Schleswig-Holstein,DE-SH,J09-J18,J09-J18 Grippe und Pneumonie,627,21.2,19.6
2024,Schleswig-Holstein,DE-SH,J09-J11,J09-J11 Grippe,87,2.9,2.7
2024,Schleswig-Holstein,DE-SH,J12-J18,J12-J18 Pneumonie,540,18.3,16.8
2024,Schleswig-Holstein,DE-SH,J20-J22,J20-J22 Sonstige akute Infektionen der unteren Atemwege,9,0.3,0.3
2024,Schleswig-Holstein,DE-SH,J30-J39,J30-J39 Sonstige Krankheiten der oberen Atemwege,6,0.2,0.2
2024,Schleswig-Holstein,DE-SH,J40-J47,J40-J47 Chronische Krankheiten der unteren Atemwege,1594,53.9,50.1
2024,Schleswig-Holstein,DE-SH,J45-J46,J45-J46 Asthma,58,2.0,1.9
2024,Schleswig-Holstein,DE-SH,J60-J70,J60-J70 Lungenkrankheiten durch exogene Substanzen,137,4.6,4.3
2024,Schleswig-Holstein,DE-SH,J80-J84,"J80-J84 Sonstige Krankheiten der Atmungsorgane, die hauptsächlich das Interstitium betreffen",175,5.9,5.4
2024,Schleswig-Holstein,DE-SH,J85-J86,J85-J86 Purulente und nekrotisierende Krankheitszustände der unteren Atemwege,33,1.1,1.0
2024,Schleswig-Holstein,DE-SH,J90-J94,J90-J94 Sonstige Krankheiten der Pleura,36,1.2,1.1
2024,Schleswig-Holstein,DE-SH,J95-J99,J95-J99 Sonstige Krankheiten des Atmungssystems,46,1.6,1.4
2024,Schleswig-Holstein,DE-SH,K00-K93,K00-K93 Krankheiten des Verdauungssystems,1732,58.6,54.9
2024,Schleswig-Holstein,DE-SH,K00-K14,"K00-K14 Krankheiten der Mundhöhle, der Speicheldrüsen und der Kiefer",14,0.5,0.4
2024,Schleswig-Holstein,DE-SH,K20-K31,"K20-K31 Krankheiten des Ösophagus, des Magens und des Duodenums",255,8.6,8.0
2024,Schleswig-Holstein,DE-SH,K25-K28,"K25-K28 Ulcus ventriculi, Ulcus duodeni, Ulcus pepticum",140,4.7,4.4
2024,Schleswig-Holstein,DE-SH,K35-K38,K35-K38 Krankheiten der Appendix,6,0.2,0.2
2024,Schleswig-Holstein,DE-SH,K40-K46,K40-K46 Hernien,71,2.4,2.2
2024,Schleswig-Holstein,DE-SH,K50-K52,K50-K52 Nichtinfektiöse Enteritis und Kolitis,43,1.5,1.4
2024,Schleswig-Holstein,DE-SH,K55-K64,K55-K64 Sonstige Krankheiten des Darmes,413,14.0,13.0
2024,Schleswig-Holstein,DE-SH,K65-K67,K65-K67 Krankheiten des Peritoneums,35,1.2,1.1
2024,Schleswig-Holstein,DE-SH,K70-K77,K70-K77 Krankheiten der Leber,523,17.7,16.9
2024,Schleswig-Holstein,DE-SH,K80-K87,"K80-K87 Krankheiten der Gallenblase, der Gallenwege und des Pankreas",185,6.3,5.8
2024,Schleswig-Holstein,DE-SH,K90-K93,K90-K93 Sonstige Krankheiten des Verdauungssystems,187,6.3,5.9
2024,Schleswig-Holstein,DE-SH,L00-L99,L00-L99 Krankheiten der Haut und der Unterhaut,82,2.8,2.6
2024,Schleswig-Holstein,DE-SH,L00-L08,L00-L08 Infektionen der Haut und der Unterhaut,28,0.9,0.9
2024,Schleswig-Holstein,DE-SH,L10-L14,L10-L14 Bullöse Dermatosen,5,0.2,0.1
2024,Schleswig-Holstein,DE-SH,L20-L30,L20-L30 Dermatitis und Ekzem,,0.0,0.0
2024,Schleswig-Holstein,DE-SH,L40-L45,L40-L45 Papulosquamöse Hautkrankheiten,,0.1,0.1
2024,Schleswig-Holstein,DE-SH,L40-L42,L40-L42 Psoriasis,,0.1,0.1
2024,Schleswig-Holstein,DE-SH,L50-L54,L50-L54 Urtikaria und Erythem,,0.0,0.0
2024,Schleswig-Holstein,DE-SH,L55-L59,L55-L59 Krankheiten der Haut und der Unterhaut durch Strahleneinwirkung,,0.0,0.0
2024,Schleswig-Holstein,DE-SH,L60-L75,L60-L75 Krankheiten der Hautanhangsgebilde,,,
2024,Schleswig-Holstein,DE-SH,L80-L99,L80-L99 Sonstige Krankheiten der Haut und der Unterhaut,44,1.5,1.4
2024,Schleswig-Holstein,DE-SH,M00-M99,M00-M99 Krankheiten des Muskel-Skelett-Systems und des Bindegewebes,344,11.6,10.8
2024,Schleswig-Holstein,DE-SH,M00-M25,M00-M25 Arthropathien,106,3.6,3.3
2024,Schleswig-Holstein,DE-SH,M00-M03,M00-M03 Infektiöse Arthropathien,10,0.3,0.3
2024,Schleswig-Holstein,DE-SH,M05-M14,M05-M14 Entzündliche Polyarthropathien,50,1.7,1.6
2024,Schleswig-Holstein,DE-SH,M15-M19,M15-M19 Arthrose,34,1.2,1.1
2024,Schleswig-Holstein,DE-SH,M20-M25,M20-M25 Sonstige Gelenkkrankheiten,12,0.4,0.4
2024,Schleswig-Holstein,DE-SH,M30-M36,M30-M36 Systemkrankheiten des Bindegewebes,34,1.2,1.0
2024,Schleswig-Holstein,DE-SH,M40-M54,M40-M54 Krankheiten der Wirbelsäule und des Rückens,47,1.6,1.5
2024,Schleswig-Holstein,DE-SH,M40-M43,M40-M43 Deformitäten der Wirbelsäule und des Rückens,,,
2024,Schleswig-Holstein,DE-SH,M45-M54,M45-M54 Dorsopathien,47,1.6,1.5
2024,Schleswig-Holstein,DE-SH,M45-M49,M45-M49 Spondylopathien,37,1.3,1.1
2024,Schleswig-Holstein,DE-SH,M50-M54,M50-M54 Sonstige Krankheiten der Wirbelsäule und des Rückens,10,0.3,0.3
2024,Schleswig-Holstein,DE-SH,M60-M79,M60-M79 Krankheiten der Weichteilgewebe,85,2.9,2.7
2024,Schleswig-Holstein,DE-SH,M60-M63,M60-M63 Krankheiten der Muskeln,67,2.3,2.1
2024,Schleswig-Holstein,DE-SH,M65-M68,M65-M68 Krankheiten der Synovialis und der Sehnen,,,
2024,Schleswig-Holstein,DE-SH,M70-M79,M70-M79 Sonstige Krankheiten des Weichteilgewebes,18,0.6,0.6
2024,Schleswig-Holstein,DE-SH,M80-M94,M80-M94 Osteopathien und Chondropathien,72,2.4,2.3
2024,Schleswig-Holstein,DE-SH,M80-M85,M80-M85 Veränderungen der Knochendichte und -struktur,62,2.1,2.0
2024,Schleswig-Holstein,DE-SH,M80-M82,M80-M82 Osteoporose,58,2.0,1.9
2024,Schleswig-Holstein,DE-SH,M86-M90,M86-M90 Sonstige Osteopathien,8,0.3,0.3
2024,Schleswig-Holstein,DE-SH,M91-M94,M91-M94 Chondropathien,,0.1,0.1
2024,Schleswig-Holstein,DE-SH,M95-M99,M95-M99 Sonstige Krankheiten des Muskel-Skelett-Systems und des Bindegewebes,,,
2024,Schleswig-Holstein,DE-SH,N00-N99,N00-N99 Krankheiten des Urogenitalsystems,860,29.1,26.8
2024,Schleswig-Holstein,DE-SH,N00-N29,N00-N29 Krankheiten der Niere und des Ureters,495,16.7,15.4
2024,Schleswig-Holstein,DE-SH,N00-N08,N00-N08 Glomeruläre Krankheiten,8,0.3,0.2
2024,Schleswig-Holstein,DE-SH,N10-N16,N10-N16 Tubulointerstitielle Nierenkrankheiten,59,2.0,1.8
2024,Schleswig-Holstein,DE-SH,N17-N19,N17-N19 Niereninsuffizienz,394,13.3,12.2
2024,Schleswig-Holstein,DE-SH,N20-N23,N20-N23 Urolithiasis,13,0.4,0.4
2024,Schleswig-Holstein,DE-SH,N25-N29,N25-N29 Sonstige Krankheiten der Niere und des Ureters,21,0.7,0.7
2024,Schleswig-Holstein,DE-SH,N30-N39,N30-N39 Sonstige Krankheiten des Harnsystems,297,10.0,9.2
2024,Schleswig-Holstein,DE-SH,N40-N51,N40-N51 Krankheiten der männlichen Genitalorgane,,,
2024,Schleswig-Holstein,DE-SH,N60-N64,N60-N64 Krankheiten der Mamma (Brustdrüse),,0.1,0.1
2024,Schleswig-Holstein,DE-SH,N70-N77,N70-N77 Entzündliche Krankheiten der weiblichen Beckenorgane,,,
2024,Schleswig-Holstein,DE-SH,N80-N98,N80-N98 Nichtentzündliche Krankheiten des weiblichen Genitaltraktes,,,
2024,Schleswig-Holstein,DE-SH,O00-O99,"O00-O99 Schwangerschaft, Geburt und Wochenbett",,,
2024,Schleswig-Holstein,DE-SH,O00-O08,O00-O08 Schwangerschaft mit abortivem Ausgang,,,
2024,Schleswig-Holstein,DE-SH,O10-O16,"O10-O16 Ödeme, Proteinurie und Hypertonie während der Schwangerschaft, der Geburt und des Wochenbettes",,,
2024,Schleswig-Holstein,DE-SH,O20-O29,"O20-O29 Sonstige Krankheiten der Mutter, die vorwiegend mit der Schwangerschaft verbunden sind",,,
2024,Schleswig-Holstein,DE-SH,O30-O48,O30-O48 Betreuung der Mutter im Hinblick auf den Fetus und die Amnionhöhle sowie mögliche Entbindungskomplikationen,,,
2024,Schleswig-Holstein,DE-SH,O60-O75,O60-O75 Komplikationen bei Wehentätigkeit und Entbindung,,,
2024,Schleswig-Holstein,DE-SH,O80-O84,O80-O84 Entbindung,,,
2024,Schleswig-Holstein,DE-SH,O85-O92,"O85-O92 Komplikationen, die vorwiegend im Wochenbett auftreten",,,
2024,Schleswig-Holstein,DE-SH,O94-O99,"O94-O99 Sonstige Krankheitszustände während der Gestationsperiode, die andernorts nicht klassifiziert sind",,,
2024,Schleswig-Holstein,DE-SH,P00-P96,"P00-P96 Bestimmte Zustände, die ihren Ursprung in der Perinatalperiode haben",46,1.6,1.9
2024,Schleswig-Holstein,DE-SH,P00-P04,"P00-P04 Schädigung des Fetus und Neugeborenen durch mütterliche Faktoren und durch Komplikationen bei Schwangerschaft, Wehentätigkeit und Entbindung",4,0.1,0.2
2024,Schleswig-Holstein,DE-SH,P05-P08,P05-P08 Störungen im Zusammenhang mit der Schwangerschaftsdauer und dem fetalen Wachstum,10,0.3,0.4
2024,Schleswig-Holstein,DE-SH,P10-P15,P10-P15 Geburtstrauma,,,
2024,Schleswig-Holstein,DE-SH,P20-P29,"P20-P29 Krankheiten des Atmungs- und Herz-Kreislaufsystems, die für die Perinatalperiode spezifisch sind",14,0.5,0.6
2024,Schleswig-Holstein,DE-SH,P35-P39,"P35-P39 Infektionen, die für die Perinatalperiode spezifisch sind",,0.1,0.1
2024,Schleswig-Holstein,DE-SH,P50-P61,P50-P61 Hämorrhagische und hämatologische Krankheiten beim Fetus und Neugeborenen,,0.0,0.0
2024,Schleswig-Holstein,DE-SH,P70-P74,"P70-P74 Transitorische endokrine und Stoffwechselstörungen, die für den Fetus und das Neugeborene spezifisch sind",,,
2024,Schleswig-Holstein,DE-SH,P75-P78,P75-P78 Krankheiten des Verdauungssystems beim Fetus und Neugeborenen,4,0.1,0.2
2024,Schleswig-Holstein,DE-SH,P80-P83,P80-P83 Krankheitszustände mit Beteiligung der Haut und der Temperaturregulation beim Fetus und Neugeborenen,,0.0,0.0
2024,Schleswig-Holstein,DE-SH,P90-P96,"P90-P96 Sonstige Störungen, die ihren Ursprung in der Perinatalperiode haben",10,0.3,0.4
2024,Schleswig-Holstein,DE-SH,Q00-Q99,"Q00-Q99 Angeborene Fehlbildungen, Deformitäten und Chromosomenanomalien",103,3.5,3.5
2024,Schleswig-Holstein,DE-SH,Q00-Q07,Q00-Q07 Angeborene Fehlbildungen des Nervensystems,12,0.4,0.4
2024,Schleswig-Holstein,DE-SH,Q10-Q18,"Q10-Q18 Angeborene Fehlbildungen des Auges, des Ohres, des Gesichtes und des Halses",,,
2024,Schleswig-Holstein,DE-SH,Q20-Q28,Q20-Q28 Angeborene Fehlbildungen des Kreislaufsystems,26,0.9,0.9
2024,Schleswig-Holstein,DE-SH,Q30-Q34,Q30-Q34 Angeborene Fehlbildungen des Atmungssystems,3,0.1,0.1
2024,Schleswig-Holstein,DE-SH,Q35-Q37,"Q35-Q37 Lippen-, Kiefer- und Gaumenspalte",,,
2024,Schleswig-Holstein,DE-SH,Q38-Q45,Q38-Q45 Sonstige angeborene Fehlbildungen des Verdauungssystems,3,0.1,0.1
2024,Schleswig-Holstein,DE-SH,Q50-Q56,Q50-Q56 Angeborene Fehlbildungen der Genitalorgane,,,
2024,Schleswig-Holstein,DE-SH,Q60-Q64,Q60-Q64 Angeborene Fehlbildungen des Harnsystems,6,0.2,0.2
2024,Schleswig-Holstein,DE-SH,Q65-Q79,Q65-Q79 Angeborene Fehlbildung und Deformitäten des Muskel-Skelett-Systems,4,0.1,0.2
2024,Schleswig-Holstein,DE-SH,Q80-Q89,Q80-Q89 Sonstige angeborene Fehlbildungen,12,0.4,0.4
2024,Schleswig-Holstein,DE-SH,Q90-Q99,"Q90-Q99 Chromosomenanomalien, anderenorts nicht klassifiziert",37,1.3,1.2
2024,Schleswig-Holstein,DE-SH,R00-R99,"R00-R99 Symptome und abnorme klinische und Laborbefunde, die andernorts nicht klassifiziert sind",510,17.3,16.5
2024,Schleswig-Holstein,DE-SH,R00-R09,"R00-R09 Symptome, die das Kreislaufsystem und das Atmungssystem betreffen",15,0.5,0.5
2024,Schleswig-Holstein,DE-SH,R10-R19,"R10-R19 Symptome, die das Verdauungssystem und das Abdomen betreffen",,0.1,0.1
2024,Schleswig-Holstein,DE-SH,R20-R23,"R20-R23 Symptome, die die Haut und das Unterhautgewebe betreffen",,,
2024,Schleswig-Holstein,DE-SH,R25-R29,"R25-R29 Symptome, die das Nervensystem und das Muskel-Skelett-System betreffen",,0.1,0.1
2024,Schleswig-Holstein,DE-SH,R30-R39,"R30-R39 Symptome, die das Harnsystem betreffen",,,
2024,Schleswig-Holstein,DE-SH,R40-R46,"R40-R46 Symptome, die das Erkennungs- und Wahrnehmungsvermögen, die Stimmung und das Verhalten betreffen",,0.0,0.0
2024,Schleswig-Holstein,DE-SH,R47-R49,"R47-R49 Symptome, die die Sprache und die Stimme betreffen",,,
2024,Schleswig-Holstein,DE-SH,R50-R69,R50-R69 Allgemeinsymptome,70,2.4,2.3
2024,Schleswig-Holstein,DE-SH,R70-R79,R70-R79 Abnorme Blutuntersuchungsbefunde ohne Vorliegen einer Diagnose,,,
2024,Schleswig-Holstein,DE-SH,R80-R82,R80-R82 Abnorme Urinuntersuchungsbefunde ohne Vorliegen einer Diagnose,,,
2024,Schleswig-Holstein,DE-SH,R83-R89,"R83-R89 Abnorme Befunde ohne Vorliegen einer Diagnose bei der Untersuchung anderer Körperflüssigkeiten, Substanzen und Gewebe",,,
2024,Schleswig-Holstein,DE-SH,R90-R94,R90-R94 Abnorme Befunde ohne Vorliegen einer Diagnose bei bildgebender Diagnostik und Funktionsprüfungen,,,
2024,Schleswig-Holstein,DE-SH,R95-R99,R95-R99 Ungenau bezeichnete und unbekannte Todesursachen,420,14.2,13.6
2024,Schleswig-Holstein,DE-SH,R96-R99,R96-R99 Unbekannte Todesursache,416,14.1,13.5
2024,Schleswig-Holstein,DE-SH,S00-T98,"S00-T98 Verletzungen, Vergiftungen und bestimmte andere Folgen äußerer Ursachen",2299,77.8,73.2
2024,Schleswig-Holstein,DE-SH,S00-T14,S00-T14 Verletzungen,1559,52.7,49.3
2024,Schleswig-Holstein,DE-SH,S00-S09,S00-S09 Verletzungen des Kopfes,523,17.7,16.5
2024,Schleswig-Holstein,DE-SH,S10-S19,S10-S19 Verletzungen des Halses,65,2.2,2.1
2024,Schleswig-Holstein,DE-SH,S20-S29,S20-S29 Verletzungen des Thorax,93,3.1,3.0
2024,Schleswig-Holstein,DE-SH,S30-S39,"S30-S39 Verletzungen des Abdomens, der Lumbosakralgegend, der Lendenwirbelsäule und des Beckens",81,2.7,2.6
2024,Schleswig-Holstein,DE-SH,S40-S49,S40-S49 Verletzungen der Schulter und des Oberarmes,40,1.4,1.3
2024,Schleswig-Holstein,DE-SH,S50-S59,S50-S59 Verletzungen des Ellenbogens und des Unterarmes,13,0.4,0.4
2024,Schleswig-Holstein,DE-SH,S60-S69,S60-S69 Verletzungen des Handgelenkes und der Hand,4,0.1,0.1
2024,Schleswig-Holstein,DE-SH,S70-S79,S70-S79 Verletzungen der Hüfte und des Oberschenkels,393,13.3,12.3
2024,Schleswig-Holstein,DE-SH,S80-S89,S80-S89 Verletzungen des Knies und des Unterschenkels,35,1.2,1.1
2024,Schleswig-Holstein,DE-SH,S90-S99,S90-S99 Verletzungen der Knöchelregion und des Fußes,,0.0,0.0
2024,Schleswig-Holstein,DE-SH,T00-T07,T00-T07 Verletzungen mit Beteiligung mehrerer Körperregionen,78,2.6,2.6
2024,Schleswig-Holstein,DE-SH,T08-T14,"T08-T14 Verletzungen nicht näher bezeichneter Teile des Rumpfes, der Extremitäten oder anderer Körperregionen",233,7.9,7.4
2024,Schleswig-Holstein,DE-SH,T15-T19,T15-T19 Folgen des Eindringens eines Fremdkörpers durch eine natürliche Körperöffnung,77,2.6,2.4
2024,Schleswig-Holstein,DE-SH,T20-T32,T20-T32 Verbrennungen oder Verätzungen,22,0.7,0.7
2024,Schleswig-Holstein,DE-SH,T20-T25,"T20-T25 Verbrennungen oder Verätzungen der äußeren Körperoberfläche, Lokalisation bezeichnet",,0.1,0.1
2024,Schleswig-Holstein,DE-SH,T26-T28,"T26-T28 Verbrennungen oder Verätzungen, die auf das Auge und auf innere Organe begrenzt sind",,0.0,0.0
2024,Schleswig-Holstein,DE-SH,T29-T32,T29-T32 Verbrennungen oder Verätzungen mehrerer und nicht näher bezeichneter Körperregionen,19,0.6,0.6
2024,Schleswig-Holstein,DE-SH,T33-T35,T33-T35 Erfrierungen,,,
2024,Schleswig-Holstein,DE-SH,T36-T50,"T36-T50 Vergiftungen durch Arzneimittel, Drogen und biologisch aktive Substanzen",154,5.2,5.0
2024,Schleswig-Holstein,DE-SH,T51-T65,T51-T65 Toxische Wirkungen von vorwiegend nicht medizinisch verwendeten Substanzen,65,2.2,2.2
2024,Schleswig-Holstein,DE-SH,T66-T78,T66-T78 Sonstige und nicht näher bezeichnete Schäden durch äußere Ursachen,258,8.7,8.4
2024,Schleswig-Holstein,DE-SH,T79-T79,T79-T79 Bestimmte Frühkomplikationen eines Traumas,22,0.7,0.7
2024,Schleswig-Holstein,DE-SH,T80-T88,"T80-T88 Komplikationen bei chirurgischen Eingriffen und medizinischer Behandlung, anderenorts nicht klassifiziert",124,4.2,3.9
2024,Schleswig-Holstein,DE-SH,T90-T98,"T90-T98 Folgen von Verletzungen, Vergiftungen und sonstigen Auswirkungen äußerer Ursachen",18,0.6,0.6
2024,Schleswig-Holstein,DE-SH,U00-U99,U00-U99 Schlüsselnummern für besondere Zwecke,458,15.5,14.3
2024,Schleswig-Holstein,DE-SH,U00-U49,U00-U49 Vorläufige Zuordnungen für Krankheiten mit unklarer Ätiologie und nicht belegte Schlüsselnummern,458,15.5,14.3
2024,Thüringen,DE-TH,,Alle Krankheiten und Folgen äußerer Ursachen,30454,1445.0,1220.2
2024,Thüringen,DE-TH,A00-B99,A00-B99 Bestimmte infektiöse und parasitäre Krankheiten,552,26.2,21.8
2024,Thüringen,DE-TH,A00-A09,A00-A09 Infektiöse Darmkrankheiten,113,5.4,4.5
2024,Thüringen,DE-TH,A15-A19,A15-A19 Tuberkulose,4,0.2,0.2
2024,Thüringen,DE-TH,A20-A28,A20-A28 Bestimmte bakterielle Zoonosen,,0.1,0.1
2024,Thüringen,DE-TH,A30-A49,A30-A49 Sonstige bakterielle Krankheiten,344,16.3,13.6
2024,Thüringen,DE-TH,A50-A64,"A50-A64 Infektionen, vorwiegend durch Geschlechtsverkehr übertragen",,,
2024,Thüringen,DE-TH,A65-A69,A65-A69 Sonstige Spirochätenkrankheiten,,0.0,0.0
2024,Thüringen,DE-TH,A70-A74,A70-A74 Sonstige Krankheiten durch Chlamydien,,,
2024,Thüringen,DE-TH,A75-A79,A75-A79 Rickettsiosen,,,
2024,Thüringen,DE-TH,A80-A89,A80-A89 Virusinfektionen des Zentralnervensystems,7,0.3,0.3
2024,Thüringen,DE-TH,A90-A99,A90-A99 Durch Arthropoden übertragene Viruskrankheiten und virale hämorrhagische Fieber,,,
2024,Thüringen,DE-TH,B00-B09,"B00-B09 Virusinfektionen, durch Haut- und Schleimhautläsionen gekennzeichnet",6,0.3,0.2
2024,Thüringen,DE-TH,B15-B19,B15-B19 Virushepatitis,10,0.5,0.4
2024,Thüringen,DE-TH,B20-B24,B20-B24 HIV-Krankheit (Humane Immundefizienz-Viruskrankheit),6,0.3,0.3
2024,Thüringen,DE-TH,B25-B34,B25-B34 Sonstige Viruskrankheiten,,0.1,0.1
2024,Thüringen,DE-TH,B35-B49,B35-B49 Mykosen,8,0.4,0.3
2024,Thüringen,DE-TH,B50-B64,B50-B64 Protozoenkrankheiten,,0.0,0.0
2024,Thüringen,DE-TH,B65-B83,B65-B83 Helminthosen,,,
2024,Thüringen,DE-TH,B85-B89,"B85-B89 Pedikulose, Akarinose und sonstiger Parasitenbefall der Haut",,,
2024,Thüringen,DE-TH,B90-B94,B90-B94 Folgezustände von infektiösen und parasitären Krankheiten,8,0.4,0.3
2024,Thüringen,DE-TH,B99-B99,B99-B99 Sonstige Infektionskrankheiten,40,1.9,1.6
2024,Thüringen,DE-TH,C00-D48,C00-D48 Neubildungen,7042,334.1,281.1
2024,Thüringen,DE-TH,C00-C97,C00-C97 Bösartige Neubildungen,6825,323.8,272.5
2024,Thüringen,DE-TH,C00-C75,"C00-C75 Bösartige Neubildungen an genau bezeichneten Lokalisationen, als primär festgestellt oder vermutet, ausgenommen lymphatisches, blutbildendes und verwandtes Gewebe",5902,280.0,236.0
2024,Thüringen,DE-TH,C00-C14,"C00-C14 Bösartige Neubildungen der Lippe, der Mundhöhle und des Pharynx",168,8.0,6.8
2024,Thüringen,DE-TH,C15-C26,C15-C26 Bösartige Neubildungen der Verdauungsorgane,2290,108.7,91.5
2024,Thüringen,DE-TH,C18-C21,"C18-C21 Bösartige Neubildung des Kolons, des Rektums und des Anus",814,38.6,32.5
2024,Thüringen,DE-TH,C19-C21,C19-C21 Bösartige Neubildung des Rektums und des Anus,372,17.7,15.0
2024,Thüringen,DE-TH,C30-C39,C30-C39 Bösartige Neubildungen der Atmungsorgane und sonstiger intrathorakaler Organe,1168,55.4,46.5
2024,Thüringen,DE-TH,C32-C34,"C32-C34 Bösartige Neubildung des Larynx, der Trachea, der Bronchien und der Lunge",1157,54.9,46.0
2024,Thüringen,DE-TH,C33-C34,"C33-C34 Bösartige Neubildung der Trachea, Bronchien und der Lunge",1125,53.4,44.8
2024,Thüringen,DE-TH,C40-C41,C40-C41 Bösartige Neubildungen des Knochens und des Gelenkknorpels,11,0.5,0.4
2024,Thüringen,DE-TH,C43-C44,C43-C44 Melanom und sonstige bösartige Neubildungen der Haut,146,6.9,5.9
2024,Thüringen,DE-TH,C45-C49,C45-C49 Bösartige Neubildungen des mesothelialen Gewebes und des Weichteilgewebes,81,3.8,3.3
2024,Thüringen,DE-TH,C50-C50,C50-C50 Bösartige Neubildung der Brustdrüse,456,21.6,18.5
2024,Thüringen,DE-TH,C51-C58,C51-C58 Bösartige Neubildungen der weiblichen Genitalorgane,,,
2024,Thüringen,DE-TH,C54-C55,C54-C55 Bösartige Neubildung sonstiger Teile der Gebärmutter,,,
2024,Thüringen,DE-TH,C60-C63,C60-C63 Bösartige Neubildungen der männlichen Genitalorgane,,,
2024,Thüringen,DE-TH,C64-C68,C64-C68 Bösartige Neubildungen der Harnorgane,551,26.1,21.6
2024,Thüringen,DE-TH,C69-C72,"C69-C72 Bösartige Neubildungen des Auges, des Gehirns und sonstiger Teile des Zentralnervensystems",172,8.2,7.1
2024,Thüringen,DE-TH,C73-C75,C73-C75 Bösartige Neubildungen der Schilddrüse und sonstiger endokriner Drüsen,25,1.2,1.0
2024,Thüringen,DE-TH,C76-C80,"C76-C80 Bösartige Neubildungen ungenau bezeichneter, sekundärer und nicht näher bezeichneter Lokalisationen",407,19.3,16.2
2024,Thüringen,DE-TH,C81-C96,"C81-C96 Bösartige Neubildungen des lymphatischen, blutbildenden und verwandten Gewebes, als primär festgestellt oder vermutet",516,24.5,20.3
2024,Thüringen,DE-TH,C91-C95,C91-C95 Leukämie,216,10.2,8.6
2024,Thüringen,DE-TH,C97-C97,C97-C97 Bösartige Neubildungen als Primärtumoren an mehreren Lokalisationen,,,
2024,Thüringen,DE-TH,D00-D09,D00-D09 In-situ-Neubildungen,,,
2024,Thüringen,DE-TH,D10-D36,D10-D36 Gutartige Neubildungen,23,1.1,0.9
2024,Thüringen,DE-TH,D37-D48,D37-D48 Neubildungen unsicheren oder unbekannten Verhaltens,194,9.2,7.7
2024,Thüringen,DE-TH,D50-D90,D50-D90 Krankheiten des Blutes und der blutbildenden Organe sowie bestimmte Störungen mit Beteiligung des Immunsystems,163,7.7,6.5
2024,Thüringen,DE-TH,D50-D53,D50-D53 Alimentäre Anämien,23,1.1,0.9
2024,Thüringen,DE-TH,D55-D59,D55-D59 Hämolytische Anämien,,0.1,0.1
2024,Thüringen,DE-TH,D60-D64,D60-D64 Aplastische und sonstige Anämien,71,3.4,2.8
2024,Thüringen,DE-TH,D65-D69,"D65-D69 Koagulopathien, Purpura und sonstige hämorrhagische Diathesen",35,1.7,1.4
2024,Thüringen,DE-TH,D70-D77,D70-D77 Sonstige Krankheiten des Blutes und der blutbildenden Organe,13,0.6,0.5
2024,Thüringen,DE-TH,D80-D90,D80-D90 Bestimmte Störungen mit Beteiligung des Immunsystems,19,0.9,0.8
2024,Thüringen,DE-TH,E00-E90,"E00-E90 Endokrine, Ernährungs- und Stoffwechselkrankheiten",1319,62.6,52.6
2024,Thüringen,DE-TH,E00-E07,E00-E07 Krankheiten der Schilddrüse,22,1.0,0.9
2024,Thüringen,DE-TH,E10-E14,E10-E14 Diabetes mellitus,968,45.9,38.4
2024,Thüringen,DE-TH,E15-E16,E15-E16 Sonstige Störungen der Blutglukose-Regulation und der inneren Sekretion des Pankreas,7,0.3,0.3
2024,Thüringen,DE-TH,E20-E35,E20-E35 Krankheiten sonstiger endokriner Drüsen,6,0.3,0.2
2024,Thüringen,DE-TH,E40-E46,E40-E46 Mangelernährung,20,0.9,0.8
2024,Thüringen,DE-TH,E50-E64,E50-E64 Sonstige alimentäre Mangelzustände,8,0.4,0.3
2024,Thüringen,DE-TH,E65-E68,E65-E68 Adipositas und sonstige Überernährung,50,2.4,2.1
2024,Thüringen,DE-TH,E70-E90,E70-E90 Stoffwechselstörungen,238,11.3,9.6
2024,Thüringen,DE-TH,F00-F99,F00-F99 Psychische und Verhaltensstörungen,1464,69.5,58.8
2024,Thüringen,DE-TH,F00-F09,"F00-F09 Organische, einschließlich symptomatischer psychischer Störungen",1246,59.1,49.5
2024,Thüringen,DE-TH,F00-F03,F00-F03 Demenz,1226,58.2,48.7
2024,Thüringen,DE-TH,F10-F19,F10-F19 Psychische und Verhaltensstörungen durch psychotrope Substanzen,161,7.6,7.0
2024,Thüringen,DE-TH,F20-F29,"F20-F29 Schizophrenie, schizotype und wahnhafte Störungen",15,0.7,0.6
2024,Thüringen,DE-TH,F30-F39,F30-F39 Affektive Störungen,26,1.2,1.1
2024,Thüringen,DE-TH,F32-F34,F32-F34 Depression,22,1.0,0.9
2024,Thüringen,DE-TH,F40-F48,"F40-F48 Neurotische, Belastungs- und somatoforme Störungen",3,0.1,0.1
2024,Thüringen,DE-TH,F40-F41,F40-F41 Phobische und andere Angststörungen,,0.0,0.0
2024,Thüringen,DE-TH,F50-F59,F50-F59 Verhaltensauffälligkeiten mit körperlichen Störungen und Faktoren,8,0.4,0.4
2024,Thüringen,DE-TH,F60-F69,F60-F69 Persönlichkeits- und Verhaltensstörungen,,,
2024,Thüringen,DE-TH,F70-F79,F70-F79 Intelligenzminderung,5,0.2,0.2
2024,Thüringen,DE-TH,F80-F89,F80-F89 Entwicklungsstörungen,,,
2024,Thüringen,DE-TH,F90-F98,F90-F98 Verhaltens- und emotionale Störungen mit Beginn in der Kindheit und Jugend,,,
2024,Thüringen,DE-TH,F99-F99,F99-F99 Nicht näher bezeichnete psychische Störungen,,,
2024,Thüringen,DE-TH,G00-H95,G00-H95 Krankheiten des Nervensystems und der Sinnesorgane,1053,50.0,42.5
2024,Thüringen,DE-TH,G00-G99,G00-G99 Krankheiten des Nervensystems,1047,49.7,42.3
2024,Thüringen,DE-TH,G00-G09,G00-G09 Entzündliche Krankheiten des Zentralnervensystems,16,0.8,0.7
2024,Thüringen,DE-TH,G00-G03,G00-G03 Meningitis,6,0.3,0.2
2024,Thüringen,DE-TH,G10-G14,"G10-G14 Systematrophien, die vorwiegend das Zentralnervensystem betreffen",81,3.8,3.3
2024,Thüringen,DE-TH,G20-G26,G20-G26 Extrapyramidale Krankheiten und Bewegungsstörungen,343,16.3,13.5
2024,Thüringen,DE-TH,G30-G32,G30-G32 Sonstige degenerative Krankheiten des Nervensystems,314,14.9,12.4
2024,Thüringen,DE-TH,G35-G37,G35-G37 Demyelinisierende Krankheiten des Zentralnervensystems,36,1.7,1.5
2024,Thüringen,DE-TH,G40-G47,G40-G47 Episodische und paroxysmale Krankheiten des Nervensystems,101,4.8,4.3
2024,Thüringen,DE-TH,G40-G41,G40-G41 Epilepsie,95,4.5,4.1
2024,Thüringen,DE-TH,G50-G59,"G50-G59 Krankheiten von Nerven, Nervenwurzeln und Nervenplexus",,,
2024,Thüringen,DE-TH,G60-G64,G60-G64 Polyneuropathien und sonstige Krankheiten des peripheren Nervensystems,15,0.7,0.6
2024,Thüringen,DE-TH,G70-G73,G70-G73 Krankheiten im Bereich der neuromuskulären Synapse und des Muskels,20,0.9,0.8
2024,Thüringen,DE-TH,G80-G83,G80-G83 Zerebrale Lähmung und sonstige Lähmungssyndrome,52,2.5,2.2
2024,Thüringen,DE-TH,G90-G99,G90-G99 Sonstige Krankheiten des Nervensystems,69,3.3,2.9
2024,Thüringen,DE-TH,H00-H59,H00-H59 Krankheiten des Auges und der Augenanhangsgebilde,,,
2024,Thüringen,DE-TH,H00-H06,"H00-H06 Affektionen des Augenlides, des Tränenapparates und der Orbita",,,
2024,Thüringen,DE-TH,H10-H13,H10-H13 Affektionen der Konjunktiva,,,
2024,Thüringen,DE-TH,H15-H22,"H15-H22 Affektionen der Sklera, der Hornhaut, der Iris und des Ziliarkörpers",,,
2024,Thüringen,DE-TH,H25-H28,H25-H28 Affektionen der Linse,,,
2024,Thüringen,DE-TH,H30-H36,H30-H36 Affektionen der Aderhaut und der Netzhaut,,,
2024,Thüringen,DE-TH,H40-H42,H40-H42 Glaukom,,,
2024,Thüringen,DE-TH,H43-H45,H43-H45 Affektionen des Glaskörpers und des Augapfels,,,
2024,Thüringen,DE-TH,H46-H48,H46-H48 Affektionen des Nervus opticus und der Sehbahn,,,
2024,Thüringen,DE-TH,H49-H52,"H49-H52 Affektionen der Augenmuskeln, Störungen der Blickbewegungen sowie Akkommodationsstörungen und Refraktionsfehler",,,
2024,Thüringen,DE-TH,H53-H54,H53-H54 Sehstörungen und Blindheit,,,
2024,Thüringen,DE-TH,H55-H59,H55-H59 Sonstige Affektionen des Auges und der Augenanhangsgebilde,,,
2024,Thüringen,DE-TH,H60-H95,H60-H95 Krankheiten des Ohres und des Warzenfortsatzes,6,0.3,0.3
2024,Thüringen,DE-TH,H60-H62,H60-H62 Krankheiten des äußeren Ohres,,,
2024,Thüringen,DE-TH,H65-H75,H65-H75 Krankheiten des Mittelohres und des Warzenfortsatzes,5,0.2,0.2
2024,Thüringen,DE-TH,H80-H83,H80-H83 Krankheiten des Innenohres,,,
2024,Thüringen,DE-TH,H90-H95,H90-H95 Sonstige Krankheiten des Ohres,,0.0,0.0
2024,Thüringen,DE-TH,H90-H91,H90-H91 Hörverlust,,0.0,0.0
2024,Thüringen,DE-TH,I00-I99,I00-I99 Krankheiten des Kreislaufsystems,11355,538.8,452.8
2024,Thüringen,DE-TH,I00-I02,I00-I02 Akutes rheumatisches Fieber,3,0.1,0.1
2024,Thüringen,DE-TH,I05-I09,I05-I09 Chronische rheumatische Herzkrankheiten,174,8.3,6.9
2024,Thüringen,DE-TH,I10-I15,I10-I15 Hypertonie (Hochdruckkrankheit),1986,94.2,79.5
2024,Thüringen,DE-TH,I20-I25,I20-I25 Ischämische Herzkrankheiten,3589,170.3,142.8
2024,Thüringen,DE-TH,I21-I22,I21-I22 Herzinfarkt,1491,70.7,59.4
2024,Thüringen,DE-TH,I26-I28,I26-I28 Pulmonale Herzkrankheit und Krankheiten des Lungenkreislaufes,275,13.0,11.0
2024,Thüringen,DE-TH,I30-I52,I30-I52 Sonstige Formen der Herzkrankheit,3296,156.4,131.5
2024,Thüringen,DE-TH,I60-I69,I60-I69 Zerebrovaskuläre Krankheiten,1628,77.2,64.7
2024,Thüringen,DE-TH,I60-I61,I60-I61 Subarachnoidalblutung und intrazerebrale Blutung,265,12.6,10.6
2024,Thüringen,DE-TH,I70-I79,"I70-I79 Krankheiten der Arterien, Arteriolen und Kapillaren",337,16.0,13.4
2024,Thüringen,DE-TH,I80-I89,"I80-I89 Krankheiten der Venen, der Lymphgefäße und der Lymphknoten andernorts nicht klassifiziert",65,3.1,2.7
2024,Thüringen,DE-TH,I95-I99,I95-I99 Sonstige und nicht näher bezeichnete Krankheiten des Kreislaufsystems,,0.1,0.1
2024,Thüringen,DE-TH,J00-J99,J00-J99 Krankheiten des Atmungssystems,2317,109.9,91.8
2024,Thüringen,DE-TH,J00-J06,J00-J06 Akute Infektionen der oberen Atemwege,4,0.2,0.1
2024,Thüringen,DE-TH,J09-J18,J09-J18 Grippe und Pneumonie,786,37.3,31.3
2024,Thüringen,DE-TH,J09-J11,J09-J11 Grippe,119,5.6,4.8
2024,Thüringen,DE-TH,J12-J18,J12-J18 Pneumonie,667,31.6,26.5
2024,Thüringen,DE-TH,J20-J22,J20-J22 Sonstige akute Infektionen der unteren Atemwege,9,0.4,0.4
2024,Thüringen,DE-TH,J30-J39,J30-J39 Sonstige Krankheiten der oberen Atemwege,6,0.3,0.2
2024,Thüringen,DE-TH,J40-J47,J40-J47 Chronische Krankheiten der unteren Atemwege,1087,51.6,42.8
2024,Thüringen,DE-TH,J45-J46,J45-J46 Asthma,26,1.2,1.1
2024,Thüringen,DE-TH,J60-J70,J60-J70 Lungenkrankheiten durch exogene Substanzen,123,5.8,4.9
2024,Thüringen,DE-TH,J80-J84,"J80-J84 Sonstige Krankheiten der Atmungsorgane, die hauptsächlich das Interstitium betreffen",144,6.8,5.7
2024,Thüringen,DE-TH,J85-J86,J85-J86 Purulente und nekrotisierende Krankheitszustände der unteren Atemwege,22,1.0,0.9
2024,Thüringen,DE-TH,J90-J94,J90-J94 Sonstige Krankheiten der Pleura,44,2.1,1.8
2024,Thüringen,DE-TH,J95-J99,J95-J99 Sonstige Krankheiten des Atmungssystems,92,4.4,3.6
2024,Thüringen,DE-TH,K00-K93,K00-K93 Krankheiten des Verdauungssystems,1465,69.5,59.8
2024,Thüringen,DE-TH,K00-K14,"K00-K14 Krankheiten der Mundhöhle, der Speicheldrüsen und der Kiefer",3,0.1,0.1
2024,Thüringen,DE-TH,K20-K31,"K20-K31 Krankheiten des Ösophagus, des Magens und des Duodenums",139,6.6,5.5
2024,Thüringen,DE-TH,K25-K28,"K25-K28 Ulcus ventriculi, Ulcus duodeni, Ulcus pepticum",77,3.7,3.1
2024,Thüringen,DE-TH,K35-K38,K35-K38 Krankheiten der Appendix,3,0.1,0.1
2024,Thüringen,DE-TH,K40-K46,K40-K46 Hernien,39,1.9,1.6
2024,Thüringen,DE-TH,K50-K52,K50-K52 Nichtinfektiöse Enteritis und Kolitis,19,0.9,0.7
2024,Thüringen,DE-TH,K55-K64,K55-K64 Sonstige Krankheiten des Darmes,324,15.4,12.9
2024,Thüringen,DE-TH,K65-K67,K65-K67 Krankheiten des Peritoneums,35,1.7,1.4
2024,Thüringen,DE-TH,K70-K77,K70-K77 Krankheiten der Leber,595,28.2,25.0
2024,Thüringen,DE-TH,K80-K87,"K80-K87 Krankheiten der Gallenblase, der Gallenwege und des Pankreas",149,7.1,6.0
2024,Thüringen,DE-TH,K90-K93,K90-K93 Sonstige Krankheiten des Verdauungssystems,159,7.5,6.4
2024,Thüringen,DE-TH,L00-L99,L00-L99 Krankheiten der Haut und der Unterhaut,66,3.1,2.6
2024,Thüringen,DE-TH,L00-L08,L00-L08 Infektionen der Haut und der Unterhaut,23,1.1,0.9
2024,Thüringen,DE-TH,L10-L14,L10-L14 Bullöse Dermatosen,,0.1,0.1
2024,Thüringen,DE-TH,L20-L30,L20-L30 Dermatitis und Ekzem,,0.0,0.1
2024,Thüringen,DE-TH,L40-L45,L40-L45 Papulosquamöse Hautkrankheiten,,,
2024,Thüringen,DE-TH,L40-L42,L40-L42 Psoriasis,,,
2024,Thüringen,DE-TH,L50-L54,L50-L54 Urtikaria und Erythem,,,
2024,Thüringen,DE-TH,L55-L59,L55-L59 Krankheiten der Haut und der Unterhaut durch Strahleneinwirkung,,0.0,0.0
2024,Thüringen,DE-TH,L60-L75,L60-L75 Krankheiten der Hautanhangsgebilde,,,
2024,Thüringen,DE-TH,L80-L99,L80-L99 Sonstige Krankheiten der Haut und der Unterhaut,39,1.9,1.5
2024,Thüringen,DE-TH,M00-M99,M00-M99 Krankheiten des Muskel-Skelett-Systems und des Bindegewebes,180,8.5,7.1
2024,Thüringen,DE-TH,M00-M25,M00-M25 Arthropathien,43,2.0,1.7
2024,Thüringen,DE-TH,M00-M03,M00-M03 Infektiöse Arthropathien,7,0.3,0.3
2024,Thüringen,DE-TH,M05-M14,M05-M14 Entzündliche Polyarthropathien,14,0.7,0.6
2024,Thüringen,DE-TH,M15-M19,M15-M19 Arthrose,15,0.7,0.6
2024,Thüringen,DE-TH,M20-M25,M20-M25 Sonstige Gelenkkrankheiten,7,0.3,0.3
2024,Thüringen,DE-TH,M30-M36,M30-M36 Systemkrankheiten des Bindegewebes,20,0.9,0.8
2024,Thüringen,DE-TH,M40-M54,M40-M54 Krankheiten der Wirbelsäule und des Rückens,37,1.8,1.4
2024,Thüringen,DE-TH,M40-M43,M40-M43 Deformitäten der Wirbelsäule und des Rückens,,,
2024,Thüringen,DE-TH,M45-M54,M45-M54 Dorsopathien,37,1.8,1.4
2024,Thüringen,DE-TH,M45-M49,M45-M49 Spondylopathien,37,1.8,1.4
2024,Thüringen,DE-TH,M50-M54,M50-M54 Sonstige Krankheiten der Wirbelsäule und des Rückens,,,
2024,Thüringen,DE-TH,M60-M79,M60-M79 Krankheiten der Weichteilgewebe,49,2.3,2.0
2024,Thüringen,DE-TH,M60-M63,M60-M63 Krankheiten der Muskeln,33,1.6,1.3
2024,Thüringen,DE-TH,M65-M68,M65-M68 Krankheiten der Synovialis und der Sehnen,,,
2024,Thüringen,DE-TH,M70-M79,M70-M79 Sonstige Krankheiten des Weichteilgewebes,16,0.8,0.6
2024,Thüringen,DE-TH,M80-M94,M80-M94 Osteopathien und Chondropathien,31,1.5,1.2
2024,Thüringen,DE-TH,M80-M85,M80-M85 Veränderungen der Knochendichte und -struktur,22,1.0,0.9
2024,Thüringen,DE-TH,M80-M82,M80-M82 Osteoporose,22,1.0,0.9
2024,Thüringen,DE-TH,M86-M90,M86-M90 Sonstige Osteopathien,9,0.4,0.4
2024,Thüringen,DE-TH,M91-M94,M91-M94 Chondropathien,,,
2024,Thüringen,DE-TH,M95-M99,M95-M99 Sonstige Krankheiten des Muskel-Skelett-Systems und des Bindegewebes,,,
2024,Thüringen,DE-TH,N00-N99,N00-N99 Krankheiten des Urogenitalsystems,1059,50.2,41.9
2024,Thüringen,DE-TH,N00-N29,N00-N29 Krankheiten der Niere und des Ureters,825,39.1,32.6
2024,Thüringen,DE-TH,N00-N08,N00-N08 Glomeruläre Krankheiten,7,0.3,0.3
2024,Thüringen,DE-TH,N10-N16,N10-N16 Tubulointerstitielle Nierenkrankheiten,25,1.2,1.0
2024,Thüringen,DE-TH,N17-N19,N17-N19 Niereninsuffizienz,783,37.2,31.0
2024,Thüringen,DE-TH,N20-N23,N20-N23 Urolithiasis,3,0.1,0.1
2024,Thüringen,DE-TH,N25-N29,N25-N29 Sonstige Krankheiten der Niere und des Ureters,7,0.3,0.3
2024,Thüringen,DE-TH,N30-N39,N30-N39 Sonstige Krankheiten des Harnsystems,218,10.3,8.6
2024,Thüringen,DE-TH,N40-N51,N40-N51 Krankheiten der männlichen Genitalorgane,,,
2024,Thüringen,DE-TH,N60-N64,N60-N64 Krankheiten der Mamma (Brustdrüse),,,
2024,Thüringen,DE-TH,N70-N77,N70-N77 Entzündliche Krankheiten der weiblichen Beckenorgane,,,
2024,Thüringen,DE-TH,N80-N98,N80-N98 Nichtentzündliche Krankheiten des weiblichen Genitaltraktes,,,
2024,Thüringen,DE-TH,O00-O99,"O00-O99 Schwangerschaft, Geburt und Wochenbett",,,
2024,Thüringen,DE-TH,O00-O08,O00-O08 Schwangerschaft mit abortivem Ausgang,,,
2024,Thüringen,DE-TH,O10-O16,"O10-O16 Ödeme, Proteinurie und Hypertonie während der Schwangerschaft, der Geburt und des Wochenbettes",,,
2024,Thüringen,DE-TH,O20-O29,"O20-O29 Sonstige Krankheiten der Mutter, die vorwiegend mit der Schwangerschaft verbunden sind",,,
2024,Thüringen,DE-TH,O30-O48,O30-O48 Betreuung der Mutter im Hinblick auf den Fetus und die Amnionhöhle sowie mögliche Entbindungskomplikationen,,,
2024,Thüringen,DE-TH,O60-O75,O60-O75 Komplikationen bei Wehentätigkeit und Entbindung,,,
2024,Thüringen,DE-TH,O80-O84,O80-O84 Entbindung,,,
2024,Thüringen,DE-TH,O85-O92,"O85-O92 Komplikationen, die vorwiegend im Wochenbett auftreten",,,
2024,Thüringen,DE-TH,O94-O99,"O94-O99 Sonstige Krankheitszustände während der Gestationsperiode, die andernorts nicht klassifiziert sind",,,
2024,Thüringen,DE-TH,P00-P96,"P00-P96 Bestimmte Zustände, die ihren Ursprung in der Perinatalperiode haben",22,1.0,1.5
2024,Thüringen,DE-TH,P00-P04,"P00-P04 Schädigung des Fetus und Neugeborenen durch mütterliche Faktoren und durch Komplikationen bei Schwangerschaft, Wehentätigkeit und Entbindung",3,0.1,0.2
2024,Thüringen,DE-TH,P05-P08,P05-P08 Störungen im Zusammenhang mit der Schwangerschaftsdauer und dem fetalen Wachstum,4,0.2,0.3
2024,Thüringen,DE-TH,P10-P15,P10-P15 Geburtstrauma,,,
2024,Thüringen,DE-TH,P20-P29,"P20-P29 Krankheiten des Atmungs- und Herz-Kreislaufsystems, die für die Perinatalperiode spezifisch sind",8,0.4,0.6
2024,Thüringen,DE-TH,P35-P39,"P35-P39 Infektionen, die für die Perinatalperiode spezifisch sind",,,
2024,Thüringen,DE-TH,P50-P61,P50-P61 Hämorrhagische und hämatologische Krankheiten beim Fetus und Neugeborenen,,,
2024,Thüringen,DE-TH,P70-P74,"P70-P74 Transitorische endokrine und Stoffwechselstörungen, die für den Fetus und das Neugeborene spezifisch sind",,,
2024,Thüringen,DE-TH,P75-P78,P75-P78 Krankheiten des Verdauungssystems beim Fetus und Neugeborenen,,,
2024,Thüringen,DE-TH,P80-P83,P80-P83 Krankheitszustände mit Beteiligung der Haut und der Temperaturregulation beim Fetus und Neugeborenen,,0.0,0.1
2024,Thüringen,DE-TH,P90-P96,"P90-P96 Sonstige Störungen, die ihren Ursprung in der Perinatalperiode haben",6,0.3,0.3
2024,Thüringen,DE-TH,Q00-Q99,"Q00-Q99 Angeborene Fehlbildungen, Deformitäten und Chromosomenanomalien",50,2.4,2.6
2024,Thüringen,DE-TH,Q00-Q07,Q00-Q07 Angeborene Fehlbildungen des Nervensystems,,0.0,0.0
2024,Thüringen,DE-TH,Q10-Q18,"Q10-Q18 Angeborene Fehlbildungen des Auges, des Ohres, des Gesichtes und des Halses",,,
2024,Thüringen,DE-TH,Q20-Q28,Q20-Q28 Angeborene Fehlbildungen des Kreislaufsystems,16,0.8,0.8
2024,Thüringen,DE-TH,Q30-Q34,Q30-Q34 Angeborene Fehlbildungen des Atmungssystems,,,
2024,Thüringen,DE-TH,Q35-Q37,"Q35-Q37 Lippen-, Kiefer- und Gaumenspalte",,,
2024,Thüringen,DE-TH,Q38-Q45,Q38-Q45 Sonstige angeborene Fehlbildungen des Verdauungssystems,3,0.1,0.2
2024,Thüringen,DE-TH,Q50-Q56,Q50-Q56 Angeborene Fehlbildungen der Genitalorgane,,,
2024,Thüringen,DE-TH,Q60-Q64,Q60-Q64 Angeborene Fehlbildungen des Harnsystems,,0.1,0.1
2024,Thüringen,DE-TH,Q65-Q79,Q65-Q79 Angeborene Fehlbildung und Deformitäten des Muskel-Skelett-Systems,4,0.2,0.3
2024,Thüringen,DE-TH,Q80-Q89,Q80-Q89 Sonstige angeborene Fehlbildungen,7,0.3,0.4
2024,Thüringen,DE-TH,Q90-Q99,"Q90-Q99 Chromosomenanomalien, anderenorts nicht klassifiziert",17,0.8,0.8
2024,Thüringen,DE-TH,R00-R99,"R00-R99 Symptome und abnorme klinische und Laborbefunde, die andernorts nicht klassifiziert sind",708,33.6,29.6
2024,Thüringen,DE-TH,R00-R09,"R00-R09 Symptome, die das Kreislaufsystem und das Atmungssystem betreffen",14,0.7,0.6
2024,Thüringen,DE-TH,R10-R19,"R10-R19 Symptome, die das Verdauungssystem und das Abdomen betreffen",3,0.1,0.1
2024,Thüringen,DE-TH,R20-R23,"R20-R23 Symptome, die die Haut und das Unterhautgewebe betreffen",,,
2024,Thüringen,DE-TH,R25-R29,"R25-R29 Symptome, die das Nervensystem und das Muskel-Skelett-System betreffen",,0.0,0.0
2024,Thüringen,DE-TH,R30-R39,"R30-R39 Symptome, die das Harnsystem betreffen",,,
2024,Thüringen,DE-TH,R40-R46,"R40-R46 Symptome, die das Erkennungs- und Wahrnehmungsvermögen, die Stimmung und das Verhalten betreffen",3,0.1,0.1
2024,Thüringen,DE-TH,R47-R49,"R47-R49 Symptome, die die Sprache und die Stimme betreffen",,,
2024,Thüringen,DE-TH,R50-R69,R50-R69 Allgemeinsymptome,141,6.7,5.8
2024,Thüringen,DE-TH,R70-R79,R70-R79 Abnorme Blutuntersuchungsbefunde ohne Vorliegen einer Diagnose,,,
2024,Thüringen,DE-TH,R80-R82,R80-R82 Abnorme Urinuntersuchungsbefunde ohne Vorliegen einer Diagnose,,,
2024,Thüringen,DE-TH,R83-R89,"R83-R89 Abnorme Befunde ohne Vorliegen einer Diagnose bei der Untersuchung anderer Körperflüssigkeiten, Substanzen und Gewebe",,,
2024,Thüringen,DE-TH,R90-R94,R90-R94 Abnorme Befunde ohne Vorliegen einer Diagnose bei bildgebender Diagnostik und Funktionsprüfungen,,,
2024,Thüringen,DE-TH,R95-R99,R95-R99 Ungenau bezeichnete und unbekannte Todesursachen,546,25.9,23.0
2024,Thüringen,DE-TH,R96-R99,R96-R99 Unbekannte Todesursache,544,25.8,22.9
2024,Thüringen,DE-TH,S00-T98,"S00-T98 Verletzungen, Vergiftungen und bestimmte andere Folgen äußerer Ursachen",1301,61.7,53.9
2024,Thüringen,DE-TH,S00-T14,S00-T14 Verletzungen,851,40.4,34.6
2024,Thüringen,DE-TH,S00-S09,S00-S09 Verletzungen des Kopfes,309,14.7,12.6
2024,Thüringen,DE-TH,S10-S19,S10-S19 Verletzungen des Halses,49,2.3,1.9
2024,Thüringen,DE-TH,S20-S29,S20-S29 Verletzungen des Thorax,69,3.3,2.8
2024,Thüringen,DE-TH,S30-S39,"S30-S39 Verletzungen des Abdomens, der Lumbosakralgegend, der Lendenwirbelsäule und des Beckens",35,1.7,1.4
2024,Thüringen,DE-TH,S40-S49,S40-S49 Verletzungen der Schulter und des Oberarmes,9,0.4,0.4
2024,Thüringen,DE-TH,S50-S59,S50-S59 Verletzungen des Ellenbogens und des Unterarmes,4,0.2,0.2
2024,Thüringen,DE-TH,S60-S69,S60-S69 Verletzungen des Handgelenkes und der Hand,8,0.4,0.3
2024,Thüringen,DE-TH,S70-S79,S70-S79 Verletzungen der Hüfte und des Oberschenkels,227,10.8,9.1
2024,Thüringen,DE-TH,S80-S89,S80-S89 Verletzungen des Knies und des Unterschenkels,10,0.5,0.5
2024,Thüringen,DE-TH,S90-S99,S90-S99 Verletzungen der Knöchelregion und des Fußes,,,
2024,Thüringen,DE-TH,T00-T07,T00-T07 Verletzungen mit Beteiligung mehrerer Körperregionen,82,3.9,3.5
2024,Thüringen,DE-TH,T08-T14,"T08-T14 Verletzungen nicht näher bezeichneter Teile des Rumpfes, der Extremitäten oder anderer Körperregionen",49,2.3,2.0
2024,Thüringen,DE-TH,T15-T19,T15-T19 Folgen des Eindringens eines Fremdkörpers durch eine natürliche Körperöffnung,54,2.6,2.2
2024,Thüringen,DE-TH,T20-T32,T20-T32 Verbrennungen oder Verätzungen,10,0.5,0.5
2024,Thüringen,DE-TH,T20-T25,"T20-T25 Verbrennungen oder Verätzungen der äußeren Körperoberfläche, Lokalisation bezeichnet",,,
2024,Thüringen,DE-TH,T26-T28,"T26-T28 Verbrennungen oder Verätzungen, die auf das Auge und auf innere Organe begrenzt sind",,,
2024,Thüringen,DE-TH,T29-T32,T29-T32 Verbrennungen oder Verätzungen mehrerer und nicht näher bezeichneter Körperregionen,10,0.5,0.5
2024,Thüringen,DE-TH,T33-T35,T33-T35 Erfrierungen,,,
2024,Thüringen,DE-TH,T36-T50,"T36-T50 Vergiftungen durch Arzneimittel, Drogen und biologisch aktive Substanzen",40,1.9,1.8
2024,Thüringen,DE-TH,T51-T65,T51-T65 Toxische Wirkungen von vorwiegend nicht medizinisch verwendeten Substanzen,54,2.6,2.5
2024,Thüringen,DE-TH,T66-T78,T66-T78 Sonstige und nicht näher bezeichnete Schäden durch äußere Ursachen,232,11.0,9.9
2024,Thüringen,DE-TH,T79-T79,T79-T79 Bestimmte Frühkomplikationen eines Traumas,17,0.8,0.7
2024,Thüringen,DE-TH,T80-T88,"T80-T88 Komplikationen bei chirurgischen Eingriffen und medizinischer Behandlung, anderenorts nicht klassifiziert",36,1.7,1.4
2024,Thüringen,DE-TH,T90-T98,"T90-T98 Folgen von Verletzungen, Vergiftungen und sonstigen Auswirkungen äußerer Ursachen",7,0.3,0.3
2024,Thüringen,DE-TH,U00-U99,U00-U99 Schlüsselnummern für besondere Zwecke,338,16.0,13.3
2024,Thüringen,DE-TH,U00-U49,U00-U49 Vorläufige Zuordnungen für Krankheiten mit unklarer Ätiologie und nicht belegte Schlüsselnummern,338,16.0,13.3
2024,Früheres Bundesgebiet und Berlin-Ost,DE-WEST,,Alle Krankheiten und Folgen äußerer Ursachen,826950,1163.3,1185.5
2024,Früheres Bundesgebiet und Berlin-Ost,DE-WEST,A00-B99,A00-B99 Bestimmte infektiöse und parasitäre Krankheiten,16250,22.9,23.3
2024,Früheres Bundesgebiet und Berlin-Ost,DE-WEST,A00-A09,A00-A09 Infektiöse Darmkrankheiten,3182,4.5,4.6
2024,Früheres Bundesgebiet und Berlin-Ost,DE-WEST,A15-A19,A15-A19 Tuberkulose,166,0.2,0.2
2024,Früheres Bundesgebiet und Berlin-Ost,DE-WEST,A20-A28,A20-A28 Bestimmte bakterielle Zoonosen,,0.0,0.0
2024,Früheres Bundesgebiet und Berlin-Ost,DE-WEST,A30-A49,A30-A49 Sonstige bakterielle Krankheiten,8255,11.6,11.9
2024,Früheres Bundesgebiet und Berlin-Ost,DE-WEST,A50-A64,"A50-A64 Infektionen, vorwiegend durch Geschlechtsverkehr übertragen",8,0.0,0.0
2024,Früheres Bundesgebiet und Berlin-Ost,DE-WEST,A65-A69,A65-A69 Sonstige Spirochätenkrankheiten,13,0.0,0.0
2024,Früheres Bundesgebiet und Berlin-Ost,DE-WEST,A70-A74,A70-A74 Sonstige Krankheiten durch Chlamydien,,,
2024,Früheres Bundesgebiet und Berlin-Ost,DE-WEST,A75-A79,A75-A79 Rickettsiosen,,,
2024,Früheres Bundesgebiet und Berlin-Ost,DE-WEST,A80-A89,A80-A89 Virusinfektionen des Zentralnervensystems,233,0.3,0.3
2024,Früheres Bundesgebiet und Berlin-Ost,DE-WEST,A90-A99,A90-A99 Durch Arthropoden übertragene Viruskrankheiten und virale hämorrhagische Fieber,3,0.0,0.0
2024,Früheres Bundesgebiet und Berlin-Ost,DE-WEST,B00-B09,"B00-B09 Virusinfektionen, durch Haut- und Schleimhautläsionen gekennzeichnet",229,0.3,0.3
2024,Früheres Bundesgebiet und Berlin-Ost,DE-WEST,B15-B19,B15-B19 Virushepatitis,396,0.6,0.6
2024,Früheres Bundesgebiet und Berlin-Ost,DE-WEST,B20-B24,B20-B24 HIV-Krankheit (Humane Immundefizienz-Viruskrankheit),243,0.3,0.3
2024,Früheres Bundesgebiet und Berlin-Ost,DE-WEST,B25-B34,B25-B34 Sonstige Viruskrankheiten,153,0.2,0.2
2024,Früheres Bundesgebiet und Berlin-Ost,DE-WEST,B35-B49,B35-B49 Mykosen,278,0.4,0.4
2024,Früheres Bundesgebiet und Berlin-Ost,DE-WEST,B50-B64,B50-B64 Protozoenkrankheiten,10,0.0,0.0
2024,Früheres Bundesgebiet und Berlin-Ost,DE-WEST,B65-B83,B65-B83 Helminthosen,3,0.0,0.0
2024,Früheres Bundesgebiet und Berlin-Ost,DE-WEST,B85-B89,"B85-B89 Pedikulose, Akarinose und sonstiger Parasitenbefall der Haut",11,0.0,0.0
2024,Früheres Bundesgebiet und Berlin-Ost,DE-WEST,B90-B94,B90-B94 Folgezustände von infektiösen und parasitären Krankheiten,510,0.7,0.7
2024,Früheres Bundesgebiet und Berlin-Ost,DE-WEST,B99-B99,B99-B99 Sonstige Infektionskrankheiten,2556,3.6,3.7
2024,Früheres Bundesgebiet und Berlin-Ost,DE-WEST,C00-D48,C00-D48 Neubildungen,194718,273.9,280.3
2024,Früheres Bundesgebiet und Berlin-Ost,DE-WEST,C00-C97,C00-C97 Bösartige Neubildungen,187932,264.4,270.5
2024,Früheres Bundesgebiet und Berlin-Ost,DE-WEST,C00-C75,"C00-C75 Bösartige Neubildungen an genau bezeichneten Lokalisationen, als primär festgestellt oder vermutet, ausgenommen lymphatisches, blutbildendes und verwandtes Gewebe",162368,228.4,233.7
2024,Früheres Bundesgebiet und Berlin-Ost,DE-WEST,C00-C14,"C00-C14 Bösartige Neubildungen der Lippe, der Mundhöhle und des Pharynx",4136,5.8,5.9
2024,Früheres Bundesgebiet und Berlin-Ost,DE-WEST,C15-C26,C15-C26 Bösartige Neubildungen der Verdauungsorgane,55719,78.4,80.2
2024,Früheres Bundesgebiet und Berlin-Ost,DE-WEST,C18-C21,"C18-C21 Bösartige Neubildung des Kolons, des Rektums und des Anus",18153,25.5,26.1
2024,Früheres Bundesgebiet und Berlin-Ost,DE-WEST,C19-C21,C19-C21 Bösartige Neubildung des Rektums und des Anus,6629,9.3,9.5
2024,Früheres Bundesgebiet und Berlin-Ost,DE-WEST,C30-C39,C30-C39 Bösartige Neubildungen der Atmungsorgane und sonstiger intrathorakaler Organe,39136,55.1,56.3
2024,Früheres Bundesgebiet und Berlin-Ost,DE-WEST,C32-C34,"C32-C34 Bösartige Neubildung des Larynx, der Trachea, der Bronchien und der Lunge",38744,54.5,55.8
2024,Früheres Bundesgebiet und Berlin-Ost,DE-WEST,C33-C34,"C33-C34 Bösartige Neubildung der Trachea, Bronchien und der Lunge",37694,53.0,54.3
2024,Früheres Bundesgebiet und Berlin-Ost,DE-WEST,C40-C41,C40-C41 Bösartige Neubildungen des Knochens und des Gelenkknorpels,349,0.5,0.5
2024,Früheres Bundesgebiet und Berlin-Ost,DE-WEST,C43-C44,C43-C44 Melanom und sonstige bösartige Neubildungen der Haut,3811,5.4,5.5
2024,Früheres Bundesgebiet und Berlin-Ost,DE-WEST,C45-C49,C45-C49 Bösartige Neubildungen des mesothelialen Gewebes und des Weichteilgewebes,2803,3.9,4.0
2024,Früheres Bundesgebiet und Berlin-Ost,DE-WEST,C50-C50,C50-C50 Bösartige Neubildung der Brustdrüse,15802,22.2,22.7
2024,Früheres Bundesgebiet und Berlin-Ost,DE-WEST,C51-C58,C51-C58 Bösartige Neubildungen der weiblichen Genitalorgane,,,
2024,Früheres Bundesgebiet und Berlin-Ost,DE-WEST,C54-C55,C54-C55 Bösartige Neubildung sonstiger Teile der Gebärmutter,,,
2024,Früheres Bundesgebiet und Berlin-Ost,DE-WEST,C60-C63,C60-C63 Bösartige Neubildungen der männlichen Genitalorgane,,,
2024,Früheres Bundesgebiet und Berlin-Ost,DE-WEST,C64-C68,C64-C68 Bösartige Neubildungen der Harnorgane,13061,18.4,18.8
2024,Früheres Bundesgebiet und Berlin-Ost,DE-WEST,C69-C72,"C69-C72 Bösartige Neubildungen des Auges, des Gehirns und sonstiger Teile des Zentralnervensystems",5177,7.3,7.4
2024,Früheres Bundesgebiet und Berlin-Ost,DE-WEST,C73-C75,C73-C75 Bösartige Neubildungen der Schilddrüse und sonstiger endokriner Drüsen,712,1.0,1.0
2024,Früheres Bundesgebiet und Berlin-Ost,DE-WEST,C76-C80,"C76-C80 Bösartige Neubildungen ungenau bezeichneter, sekundärer und nicht näher bezeichneter Lokalisationen",9692,13.6,13.9
2024,Früheres Bundesgebiet und Berlin-Ost,DE-WEST,C81-C96,"C81-C96 Bösartige Neubildungen des lymphatischen, blutbildenden und verwandten Gewebes, als primär festgestellt oder vermutet",15872,22.3,22.9
2024,Früheres Bundesgebiet und Berlin-Ost,DE-WEST,C91-C95,C91-C95 Leukämie,6706,9.4,9.7
2024,Früheres Bundesgebiet und Berlin-Ost,DE-WEST,C97-C97,C97-C97 Bösartige Neubildungen als Primärtumoren an mehreren Lokalisationen,,,
2024,Früheres Bundesgebiet und Berlin-Ost,DE-WEST,D00-D09,D00-D09 In-situ-Neubildungen,13,0.0,0.0
2024,Früheres Bundesgebiet und Berlin-Ost,DE-WEST,D10-D36,D10-D36 Gutartige Neubildungen,707,1.0,1.0
2024,Früheres Bundesgebiet und Berlin-Ost,DE-WEST,D37-D48,D37-D48 Neubildungen unsicheren oder unbekannten Verhaltens,6066,8.5,8.7
2024,Früheres Bundesgebiet und Berlin-Ost,DE-WEST,D50-D90,D50-D90 Krankheiten des Blutes und der blutbildenden Organe sowie bestimmte Störungen mit Beteiligung des Immunsystems,4364,6.1,6.2
2024,Früheres Bundesgebiet und Berlin-Ost,DE-WEST,D50-D53,D50-D53 Alimentäre Anämien,342,0.5,0.5
2024,Früheres Bundesgebiet und Berlin-Ost,DE-WEST,D55-D59,D55-D59 Hämolytische Anämien,89,0.1,0.1
2024,Früheres Bundesgebiet und Berlin-Ost,DE-WEST,D60-D64,D60-D64 Aplastische und sonstige Anämien,1754,2.5,2.5
2024,Früheres Bundesgebiet und Berlin-Ost,DE-WEST,D65-D69,"D65-D69 Koagulopathien, Purpura und sonstige hämorrhagische Diathesen",1313,1.8,1.9
2024,Früheres Bundesgebiet und Berlin-Ost,DE-WEST,D70-D77,D70-D77 Sonstige Krankheiten des Blutes und der blutbildenden Organe,275,0.4,0.4
2024,Früheres Bundesgebiet und Berlin-Ost,DE-WEST,D80-D90,D80-D90 Bestimmte Störungen mit Beteiligung des Immunsystems,591,0.8,0.9
2024,Früheres Bundesgebiet und Berlin-Ost,DE-WEST,E00-E90,"E00-E90 Endokrine, Ernährungs- und Stoffwechselkrankheiten",32271,45.4,46.2
2024,Früheres Bundesgebiet und Berlin-Ost,DE-WEST,E00-E07,E00-E07 Krankheiten der Schilddrüse,616,0.9,0.9
2024,Früheres Bundesgebiet und Berlin-Ost,DE-WEST,E10-E14,E10-E14 Diabetes mellitus,20001,28.1,28.6
2024,Früheres Bundesgebiet und Berlin-Ost,DE-WEST,E15-E16,E15-E16 Sonstige Störungen der Blutglukose-Regulation und der inneren Sekretion des Pankreas,135,0.2,0.2
2024,Früheres Bundesgebiet und Berlin-Ost,DE-WEST,E20-E35,E20-E35 Krankheiten sonstiger endokriner Drüsen,183,0.3,0.3
2024,Früheres Bundesgebiet und Berlin-Ost,DE-WEST,E40-E46,E40-E46 Mangelernährung,800,1.1,1.1
2024,Früheres Bundesgebiet und Berlin-Ost,DE-WEST,E50-E64,E50-E64 Sonstige alimentäre Mangelzustände,177,0.2,0.3
2024,Früheres Bundesgebiet und Berlin-Ost,DE-WEST,E65-E68,E65-E68 Adipositas und sonstige Überernährung,1975,2.8,2.8
2024,Früheres Bundesgebiet und Berlin-Ost,DE-WEST,E70-E90,E70-E90 Stoffwechselstörungen,8384,11.8,12.0
2024,Früheres Bundesgebiet und Berlin-Ost,DE-WEST,F00-F99,F00-F99 Psychische und Verhaltensstörungen,61175,86.1,87.4
2024,Früheres Bundesgebiet und Berlin-Ost,DE-WEST,F00-F09,"F00-F09 Organische, einschließlich symptomatischer psychischer Störungen",52872,74.4,75.5
2024,Früheres Bundesgebiet und Berlin-Ost,DE-WEST,F00-F03,F00-F03 Demenz,52393,73.7,74.9
2024,Früheres Bundesgebiet und Berlin-Ost,DE-WEST,F10-F19,F10-F19 Psychische und Verhaltensstörungen durch psychotrope Substanzen,6179,8.7,8.8
2024,Früheres Bundesgebiet und Berlin-Ost,DE-WEST,F20-F29,"F20-F29 Schizophrenie, schizotype und wahnhafte Störungen",586,0.8,0.8
2024,Früheres Bundesgebiet und Berlin-Ost,DE-WEST,F30-F39,F30-F39 Affektive Störungen,1088,1.5,1.6
2024,Früheres Bundesgebiet und Berlin-Ost,DE-WEST,F32-F34,F32-F34 Depression,1025,1.4,1.5
2024,Früheres Bundesgebiet und Berlin-Ost,DE-WEST,F40-F48,"F40-F48 Neurotische, Belastungs- und somatoforme Störungen",120,0.2,0.2
2024,Früheres Bundesgebiet und Berlin-Ost,DE-WEST,F40-F41,F40-F41 Phobische und andere Angststörungen,47,0.1,0.1
2024,Früheres Bundesgebiet und Berlin-Ost,DE-WEST,F50-F59,F50-F59 Verhaltensauffälligkeiten mit körperlichen Störungen und Faktoren,103,0.1,0.1
2024,Früheres Bundesgebiet und Berlin-Ost,DE-WEST,F60-F69,F60-F69 Persönlichkeits- und Verhaltensstörungen,28,0.0,0.0
2024,Früheres Bundesgebiet und Berlin-Ost,DE-WEST,F70-F79,F70-F79 Intelligenzminderung,115,0.2,0.2
2024,Früheres Bundesgebiet und Berlin-Ost,DE-WEST,F80-F89,F80-F89 Entwicklungsstörungen,23,0.0,0.0
2024,Früheres Bundesgebiet und Berlin-Ost,DE-WEST,F90-F98,F90-F98 Verhaltens- und emotionale Störungen mit Beginn in der Kindheit und Jugend,8,0.0,0.0
2024,Früheres Bundesgebiet und Berlin-Ost,DE-WEST,F99-F99,F99-F99 Nicht näher bezeichnete psychische Störungen,53,0.1,0.1
2024,Früheres Bundesgebiet und Berlin-Ost,DE-WEST,G00-H95,G00-H95 Krankheiten des Nervensystems und der Sinnesorgane,32905,46.3,47.4
2024,Früheres Bundesgebiet und Berlin-Ost,DE-WEST,G00-G99,G00-G99 Krankheiten des Nervensystems,32800,46.1,47.2
2024,Früheres Bundesgebiet und Berlin-Ost,DE-WEST,G00-G09,G00-G09 Entzündliche Krankheiten des Zentralnervensystems,673,0.9,1.0
2024,Früheres Bundesgebiet und Berlin-Ost,DE-WEST,G00-G03,G00-G03 Meningitis,134,0.2,0.2
2024,Früheres Bundesgebiet und Berlin-Ost,DE-WEST,G10-G14,"G10-G14 Systematrophien, die vorwiegend das Zentralnervensystem betreffen",2356,3.3,3.4
2024,Früheres Bundesgebiet und Berlin-Ost,DE-WEST,G20-G26,G20-G26 Extrapyramidale Krankheiten und Bewegungsstörungen,11778,16.6,17.0
2024,Früheres Bundesgebiet und Berlin-Ost,DE-WEST,G30-G32,G30-G32 Sonstige degenerative Krankheiten des Nervensystems,9357,13.2,13.5
2024,Früheres Bundesgebiet und Berlin-Ost,DE-WEST,G35-G37,G35-G37 Demyelinisierende Krankheiten des Zentralnervensystems,1433,2.0,2.1
2024,Früheres Bundesgebiet und Berlin-Ost,DE-WEST,G40-G47,G40-G47 Episodische und paroxysmale Krankheiten des Nervensystems,3204,4.5,4.6
2024,Früheres Bundesgebiet und Berlin-Ost,DE-WEST,G40-G41,G40-G41 Epilepsie,2931,4.1,4.2
2024,Früheres Bundesgebiet und Berlin-Ost,DE-WEST,G50-G59,"G50-G59 Krankheiten von Nerven, Nervenwurzeln und Nervenplexus",26,0.0,0.0
2024,Früheres Bundesgebiet und Berlin-Ost,DE-WEST,G60-G64,G60-G64 Polyneuropathien und sonstige Krankheiten des peripheren Nervensystems,552,0.8,0.8
2024,Früheres Bundesgebiet und Berlin-Ost,DE-WEST,G70-G73,G70-G73 Krankheiten im Bereich der neuromuskulären Synapse und des Muskels,682,1.0,1.0
2024,Früheres Bundesgebiet und Berlin-Ost,DE-WEST,G80-G83,G80-G83 Zerebrale Lähmung und sonstige Lähmungssyndrome,1035,1.5,1.5
2024,Früheres Bundesgebiet und Berlin-Ost,DE-WEST,G90-G99,G90-G99 Sonstige Krankheiten des Nervensystems,1704,2.4,2.4
2024,Früheres Bundesgebiet und Berlin-Ost,DE-WEST,H00-H59,H00-H59 Krankheiten des Auges und der Augenanhangsgebilde,46,0.1,0.1
2024,Früheres Bundesgebiet und Berlin-Ost,DE-WEST,H00-H06,"H00-H06 Affektionen des Augenlides, des Tränenapparates und der Orbita",9,0.0,0.0
2024,Früheres Bundesgebiet und Berlin-Ost,DE-WEST,H10-H13,H10-H13 Affektionen der Konjunktiva,4,0.0,0.0
2024,Früheres Bundesgebiet und Berlin-Ost,DE-WEST,H15-H22,"H15-H22 Affektionen der Sklera, der Hornhaut, der Iris und des Ziliarkörpers",,,
2024,Früheres Bundesgebiet und Berlin-Ost,DE-WEST,H25-H28,H25-H28 Affektionen der Linse,,0.0,0.0
2024,Früheres Bundesgebiet und Berlin-Ost,DE-WEST,H30-H36,H30-H36 Affektionen der Aderhaut und der Netzhaut,5,0.0,0.0
2024,Früheres Bundesgebiet und Berlin-Ost,DE-WEST,H40-H42,H40-H42 Glaukom,,,
2024,Früheres Bundesgebiet und Berlin-Ost,DE-WEST,H43-H45,H43-H45 Affektionen des Glaskörpers und des Augapfels,,0.0,0.0
2024,Früheres Bundesgebiet und Berlin-Ost,DE-WEST,H46-H48,H46-H48 Affektionen des Nervus opticus und der Sehbahn,,0.0,0.0
2024,Früheres Bundesgebiet und Berlin-Ost,DE-WEST,H49-H52,"H49-H52 Affektionen der Augenmuskeln, Störungen der Blickbewegungen sowie Akkommodationsstörungen und Refraktionsfehler",,0.0,0.0
2024,Früheres Bundesgebiet und Berlin-Ost,DE-WEST,H53-H54,H53-H54 Sehstörungen und Blindheit,14,0.0,0.0
2024,Früheres Bundesgebiet und Berlin-Ost,DE-WEST,H55-H59,H55-H59 Sonstige Affektionen des Auges und der Augenanhangsgebilde,7,0.0,0.0
2024,Früheres Bundesgebiet und Berlin-Ost,DE-WEST,H60-H95,H60-H95 Krankheiten des Ohres und des Warzenfortsatzes,59,0.1,0.1
2024,Früheres Bundesgebiet und Berlin-Ost,DE-WEST,H60-H62,H60-H62 Krankheiten des äußeren Ohres,4,0.0,0.0
2024,Früheres Bundesgebiet und Berlin-Ost,DE-WEST,H65-H75,H65-H75 Krankheiten des Mittelohres und des Warzenfortsatzes,44,0.1,0.1
2024,Früheres Bundesgebiet und Berlin-Ost,DE-WEST,H80-H83,H80-H83 Krankheiten des Innenohres,3,0.0,0.0
2024,Früheres Bundesgebiet und Berlin-Ost,DE-WEST,H90-H95,H90-H95 Sonstige Krankheiten des Ohres,8,0.0,0.0
2024,Früheres Bundesgebiet und Berlin-Ost,DE-WEST,H90-H91,H90-H91 Hörverlust,4,0.0,0.0
2024,Früheres Bundesgebiet und Berlin-Ost,DE-WEST,I00-I99,I00-I99 Krankheiten des Kreislaufsystems,271975,382.6,389.0
2024,Früheres Bundesgebiet und Berlin-Ost,DE-WEST,I00-I02,I00-I02 Akutes rheumatisches Fieber,151,0.2,0.2
2024,Früheres Bundesgebiet und Berlin-Ost,DE-WEST,I05-I09,I05-I09 Chronische rheumatische Herzkrankheiten,5996,8.4,8.6
2024,Früheres Bundesgebiet und Berlin-Ost,DE-WEST,I10-I15,I10-I15 Hypertonie (Hochdruckkrankheit),37626,52.9,53.7
2024,Früheres Bundesgebiet und Berlin-Ost,DE-WEST,I20-I25,I20-I25 Ischämische Herzkrankheiten,90080,126.7,129.0
2024,Früheres Bundesgebiet und Berlin-Ost,DE-WEST,I21-I22,I21-I22 Herzinfarkt,32512,45.7,46.6
2024,Früheres Bundesgebiet und Berlin-Ost,DE-WEST,I26-I28,I26-I28 Pulmonale Herzkrankheit und Krankheiten des Lungenkreislaufes,5768,8.1,8.3
2024,Früheres Bundesgebiet und Berlin-Ost,DE-WEST,I30-I52,I30-I52 Sonstige Formen der Herzkrankheit,78582,110.5,112.2
2024,Früheres Bundesgebiet und Berlin-Ost,DE-WEST,I60-I69,I60-I69 Zerebrovaskuläre Krankheiten,42561,59.9,61.0
2024,Früheres Bundesgebiet und Berlin-Ost,DE-WEST,I60-I61,I60-I61 Subarachnoidalblutung und intrazerebrale Blutung,7874,11.1,11.3
2024,Früheres Bundesgebiet und Berlin-Ost,DE-WEST,I70-I79,"I70-I79 Krankheiten der Arterien, Arteriolen und Kapillaren",9355,13.2,13.4
2024,Früheres Bundesgebiet und Berlin-Ost,DE-WEST,I80-I89,"I80-I89 Krankheiten der Venen, der Lymphgefäße und der Lymphknoten andernorts nicht klassifiziert",1708,2.4,2.5
2024,Früheres Bundesgebiet und Berlin-Ost,DE-WEST,I95-I99,I95-I99 Sonstige und nicht näher bezeichnete Krankheiten des Kreislaufsystems,148,0.2,0.2
2024,Früheres Bundesgebiet und Berlin-Ost,DE-WEST,J00-J99,J00-J99 Krankheiten des Atmungssystems,63879,89.9,91.8
2024,Früheres Bundesgebiet und Berlin-Ost,DE-WEST,J00-J06,J00-J06 Akute Infektionen der oberen Atemwege,166,0.2,0.2
2024,Früheres Bundesgebiet und Berlin-Ost,DE-WEST,J09-J18,J09-J18 Grippe und Pneumonie,20099,28.3,28.8
2024,Früheres Bundesgebiet und Berlin-Ost,DE-WEST,J09-J11,J09-J11 Grippe,2579,3.6,3.7
2024,Früheres Bundesgebiet und Berlin-Ost,DE-WEST,J12-J18,J12-J18 Pneumonie,17520,24.6,25.1
2024,Früheres Bundesgebiet und Berlin-Ost,DE-WEST,J20-J22,J20-J22 Sonstige akute Infektionen der unteren Atemwege,278,0.4,0.4
2024,Früheres Bundesgebiet und Berlin-Ost,DE-WEST,J30-J39,J30-J39 Sonstige Krankheiten der oberen Atemwege,131,0.2,0.2
2024,Früheres Bundesgebiet und Berlin-Ost,DE-WEST,J40-J47,J40-J47 Chronische Krankheiten der unteren Atemwege,32537,45.8,46.9
2024,Früheres Bundesgebiet und Berlin-Ost,DE-WEST,J45-J46,J45-J46 Asthma,1068,1.5,1.5
2024,Früheres Bundesgebiet und Berlin-Ost,DE-WEST,J60-J70,J60-J70 Lungenkrankheiten durch exogene Substanzen,4229,5.9,6.1
2024,Früheres Bundesgebiet und Berlin-Ost,DE-WEST,J80-J84,"J80-J84 Sonstige Krankheiten der Atmungsorgane, die hauptsächlich das Interstitium betreffen",3740,5.3,5.4
2024,Früheres Bundesgebiet und Berlin-Ost,DE-WEST,J85-J86,J85-J86 Purulente und nekrotisierende Krankheitszustände der unteren Atemwege,639,0.9,0.9
2024,Früheres Bundesgebiet und Berlin-Ost,DE-WEST,J90-J94,J90-J94 Sonstige Krankheiten der Pleura,748,1.1,1.1
2024,Früheres Bundesgebiet und Berlin-Ost,DE-WEST,J95-J99,J95-J99 Sonstige Krankheiten des Atmungssystems,1312,1.8,1.9
2024,Früheres Bundesgebiet und Berlin-Ost,DE-WEST,K00-K93,K00-K93 Krankheiten des Verdauungssystems,36492,51.3,52.3
2024,Früheres Bundesgebiet und Berlin-Ost,DE-WEST,K00-K14,"K00-K14 Krankheiten der Mundhöhle, der Speicheldrüsen und der Kiefer",111,0.2,0.2
2024,Früheres Bundesgebiet und Berlin-Ost,DE-WEST,K20-K31,"K20-K31 Krankheiten des Ösophagus, des Magens und des Duodenums",3945,5.5,5.7
2024,Früheres Bundesgebiet und Berlin-Ost,DE-WEST,K25-K28,"K25-K28 Ulcus ventriculi, Ulcus duodeni, Ulcus pepticum",2230,3.1,3.2
2024,Früheres Bundesgebiet und Berlin-Ost,DE-WEST,K35-K38,K35-K38 Krankheiten der Appendix,120,0.2,0.2
2024,Früheres Bundesgebiet und Berlin-Ost,DE-WEST,K40-K46,K40-K46 Hernien,1056,1.5,1.5
2024,Früheres Bundesgebiet und Berlin-Ost,DE-WEST,K50-K52,K50-K52 Nichtinfektiöse Enteritis und Kolitis,690,1.0,1.0
2024,Früheres Bundesgebiet und Berlin-Ost,DE-WEST,K55-K64,K55-K64 Sonstige Krankheiten des Darmes,8835,12.4,12.7
2024,Früheres Bundesgebiet und Berlin-Ost,DE-WEST,K65-K67,K65-K67 Krankheiten des Peritoneums,536,0.8,0.8
2024,Früheres Bundesgebiet und Berlin-Ost,DE-WEST,K70-K77,K70-K77 Krankheiten der Leber,12551,17.7,18.0
2024,Früheres Bundesgebiet und Berlin-Ost,DE-WEST,K80-K87,"K80-K87 Krankheiten der Gallenblase, der Gallenwege und des Pankreas",4286,6.0,6.1
2024,Früheres Bundesgebiet und Berlin-Ost,DE-WEST,K90-K93,K90-K93 Sonstige Krankheiten des Verdauungssystems,4362,6.1,6.2
2024,Früheres Bundesgebiet und Berlin-Ost,DE-WEST,L00-L99,L00-L99 Krankheiten der Haut und der Unterhaut,1912,2.7,2.7
2024,Früheres Bundesgebiet und Berlin-Ost,DE-WEST,L00-L08,L00-L08 Infektionen der Haut und der Unterhaut,475,0.7,0.7
2024,Früheres Bundesgebiet und Berlin-Ost,DE-WEST,L10-L14,L10-L14 Bullöse Dermatosen,98,0.1,0.1
2024,Früheres Bundesgebiet und Berlin-Ost,DE-WEST,L20-L30,L20-L30 Dermatitis und Ekzem,27,0.0,0.0
2024,Früheres Bundesgebiet und Berlin-Ost,DE-WEST,L40-L45,L40-L45 Papulosquamöse Hautkrankheiten,41,0.1,0.1
2024,Früheres Bundesgebiet und Berlin-Ost,DE-WEST,L40-L42,L40-L42 Psoriasis,41,0.1,0.1
2024,Früheres Bundesgebiet und Berlin-Ost,DE-WEST,L50-L54,L50-L54 Urtikaria und Erythem,23,0.0,0.0
2024,Früheres Bundesgebiet und Berlin-Ost,DE-WEST,L55-L59,L55-L59 Krankheiten der Haut und der Unterhaut durch Strahleneinwirkung,,0.0,0.0
2024,Früheres Bundesgebiet und Berlin-Ost,DE-WEST,L60-L75,L60-L75 Krankheiten der Hautanhangsgebilde,5,0.0,0.0
2024,Früheres Bundesgebiet und Berlin-Ost,DE-WEST,L80-L99,L80-L99 Sonstige Krankheiten der Haut und der Unterhaut,1242,1.7,1.8
2024,Früheres Bundesgebiet und Berlin-Ost,DE-WEST,M00-M99,M00-M99 Krankheiten des Muskel-Skelett-Systems und des Bindegewebes,6204,8.7,8.9
2024,Früheres Bundesgebiet und Berlin-Ost,DE-WEST,M00-M25,M00-M25 Arthropathien,1781,2.5,2.6
2024,Früheres Bundesgebiet und Berlin-Ost,DE-WEST,M00-M03,M00-M03 Infektiöse Arthropathien,271,0.4,0.4
2024,Früheres Bundesgebiet und Berlin-Ost,DE-WEST,M05-M14,M05-M14 Entzündliche Polyarthropathien,724,1.0,1.0
2024,Früheres Bundesgebiet und Berlin-Ost,DE-WEST,M15-M19,M15-M19 Arthrose,537,0.8,0.8
2024,Früheres Bundesgebiet und Berlin-Ost,DE-WEST,M20-M25,M20-M25 Sonstige Gelenkkrankheiten,249,0.4,0.4
2024,Früheres Bundesgebiet und Berlin-Ost,DE-WEST,M30-M36,M30-M36 Systemkrankheiten des Bindegewebes,673,0.9,1.0
2024,Früheres Bundesgebiet und Berlin-Ost,DE-WEST,M40-M54,M40-M54 Krankheiten der Wirbelsäule und des Rückens,1140,1.6,1.6
2024,Früheres Bundesgebiet und Berlin-Ost,DE-WEST,M40-M43,M40-M43 Deformitäten der Wirbelsäule und des Rückens,45,0.1,0.1
2024,Früheres Bundesgebiet und Berlin-Ost,DE-WEST,M45-M54,M45-M54 Dorsopathien,1095,1.5,1.6
2024,Früheres Bundesgebiet und Berlin-Ost,DE-WEST,M45-M49,M45-M49 Spondylopathien,938,1.3,1.3
2024,Früheres Bundesgebiet und Berlin-Ost,DE-WEST,M50-M54,M50-M54 Sonstige Krankheiten der Wirbelsäule und des Rückens,157,0.2,0.2
2024,Früheres Bundesgebiet und Berlin-Ost,DE-WEST,M60-M79,M60-M79 Krankheiten der Weichteilgewebe,1456,2.0,2.1
2024,Früheres Bundesgebiet und Berlin-Ost,DE-WEST,M60-M63,M60-M63 Krankheiten der Muskeln,934,1.3,1.3
2024,Früheres Bundesgebiet und Berlin-Ost,DE-WEST,M65-M68,M65-M68 Krankheiten der Synovialis und der Sehnen,3,0.0,0.0
2024,Früheres Bundesgebiet und Berlin-Ost,DE-WEST,M70-M79,M70-M79 Sonstige Krankheiten des Weichteilgewebes,519,0.7,0.7
2024,Früheres Bundesgebiet und Berlin-Ost,DE-WEST,M80-M94,M80-M94 Osteopathien und Chondropathien,1150,1.6,1.6
2024,Früheres Bundesgebiet und Berlin-Ost,DE-WEST,M80-M85,M80-M85 Veränderungen der Knochendichte und -struktur,913,1.3,1.3
2024,Früheres Bundesgebiet und Berlin-Ost,DE-WEST,M80-M82,M80-M82 Osteoporose,864,1.2,1.2
2024,Früheres Bundesgebiet und Berlin-Ost,DE-WEST,M86-M90,M86-M90 Sonstige Osteopathien,225,0.3,0.3
2024,Früheres Bundesgebiet und Berlin-Ost,DE-WEST,M91-M94,M91-M94 Chondropathien,12,0.0,0.0
2024,Früheres Bundesgebiet und Berlin-Ost,DE-WEST,M95-M99,M95-M99 Sonstige Krankheiten des Muskel-Skelett-Systems und des Bindegewebes,4,0.0,0.0
2024,Früheres Bundesgebiet und Berlin-Ost,DE-WEST,N00-N99,N00-N99 Krankheiten des Urogenitalsystems,24129,33.9,34.5
2024,Früheres Bundesgebiet und Berlin-Ost,DE-WEST,N00-N29,N00-N29 Krankheiten der Niere und des Ureters,16359,23.0,23.4
2024,Früheres Bundesgebiet und Berlin-Ost,DE-WEST,N00-N08,N00-N08 Glomeruläre Krankheiten,192,0.3,0.3
2024,Früheres Bundesgebiet und Berlin-Ost,DE-WEST,N10-N16,N10-N16 Tubulointerstitielle Nierenkrankheiten,799,1.1,1.2
2024,Früheres Bundesgebiet und Berlin-Ost,DE-WEST,N17-N19,N17-N19 Niereninsuffizienz,14798,20.8,21.2
2024,Früheres Bundesgebiet und Berlin-Ost,DE-WEST,N20-N23,N20-N23 Urolithiasis,244,0.3,0.3
2024,Früheres Bundesgebiet und Berlin-Ost,DE-WEST,N25-N29,N25-N29 Sonstige Krankheiten der Niere und des Ureters,326,0.5,0.5
2024,Früheres Bundesgebiet und Berlin-Ost,DE-WEST,N30-N39,N30-N39 Sonstige Krankheiten des Harnsystems,6910,9.7,9.9
2024,Früheres Bundesgebiet und Berlin-Ost,DE-WEST,N40-N51,N40-N51 Krankheiten der männlichen Genitalorgane,,,
2024,Früheres Bundesgebiet und Berlin-Ost,DE-WEST,N60-N64,N60-N64 Krankheiten der Mamma (Brustdrüse),4,0.0,0.0
2024,Früheres Bundesgebiet und Berlin-Ost,DE-WEST,N70-N77,N70-N77 Entzündliche Krankheiten der weiblichen Beckenorgane,,,
2024,Früheres Bundesgebiet und Berlin-Ost,DE-WEST,N80-N98,N80-N98 Nichtentzündliche Krankheiten des weiblichen Genitaltraktes,,,
2024,Früheres Bundesgebiet und Berlin-Ost,DE-WEST,O00-O99,"O00-O99 Schwangerschaft, Geburt und Wochenbett",,,
2024,Früheres Bundesgebiet und Berlin-Ost,DE-WEST,O00-O08,O00-O08 Schwangerschaft mit abortivem Ausgang,,,
2024,Früheres Bundesgebiet und Berlin-Ost,DE-WEST,O10-O16,"O10-O16 Ödeme, Proteinurie und Hypertonie während der Schwangerschaft, der Geburt und des Wochenbettes",,,
2024,Früheres Bundesgebiet und Berlin-Ost,DE-WEST,O20-O29,"O20-O29 Sonstige Krankheiten der Mutter, die vorwiegend mit der Schwangerschaft verbunden sind",,,
2024,Früheres Bundesgebiet und Berlin-Ost,DE-WEST,O30-O48,O30-O48 Betreuung der Mutter im Hinblick auf den Fetus und die Amnionhöhle sowie mögliche Entbindungskomplikationen,,,
2024,Früheres Bundesgebiet und Berlin-Ost,DE-WEST,O60-O75,O60-O75 Komplikationen bei Wehentätigkeit und Entbindung,,,
2024,Früheres Bundesgebiet und Berlin-Ost,DE-WEST,O80-O84,O80-O84 Entbindung,,,
2024,Früheres Bundesgebiet und Berlin-Ost,DE-WEST,O85-O92,"O85-O92 Komplikationen, die vorwiegend im Wochenbett auftreten",,,
2024,Früheres Bundesgebiet und Berlin-Ost,DE-WEST,O94-O99,"O94-O99 Sonstige Krankheitszustände während der Gestationsperiode, die andernorts nicht klassifiziert sind",,,
2024,Früheres Bundesgebiet und Berlin-Ost,DE-WEST,P00-P96,"P00-P96 Bestimmte Zustände, die ihren Ursprung in der Perinatalperiode haben",1286,1.8,1.9
2024,Früheres Bundesgebiet und Berlin-Ost,DE-WEST,P00-P04,"P00-P04 Schädigung des Fetus und Neugeborenen durch mütterliche Faktoren und durch Komplikationen bei Schwangerschaft, Wehentätigkeit und Entbindung",356,0.5,0.5
2024,Früheres Bundesgebiet und Berlin-Ost,DE-WEST,P05-P08,P05-P08 Störungen im Zusammenhang mit der Schwangerschaftsdauer und dem fetalen Wachstum,233,0.3,0.3
2024,Früheres Bundesgebiet und Berlin-Ost,DE-WEST,P10-P15,P10-P15 Geburtstrauma,,0.0,0.0
2024,Früheres Bundesgebiet und Berlin-Ost,DE-WEST,P20-P29,"P20-P29 Krankheiten des Atmungs- und Herz-Kreislaufsystems, die für die Perinatalperiode spezifisch sind",300,0.4,0.4
2024,Früheres Bundesgebiet und Berlin-Ost,DE-WEST,P35-P39,"P35-P39 Infektionen, die für die Perinatalperiode spezifisch sind",75,0.1,0.1
2024,Früheres Bundesgebiet und Berlin-Ost,DE-WEST,P50-P61,P50-P61 Hämorrhagische und hämatologische Krankheiten beim Fetus und Neugeborenen,41,0.1,0.1
2024,Früheres Bundesgebiet und Berlin-Ost,DE-WEST,P70-P74,"P70-P74 Transitorische endokrine und Stoffwechselstörungen, die für den Fetus und das Neugeborene spezifisch sind",,,
2024,Früheres Bundesgebiet und Berlin-Ost,DE-WEST,P75-P78,P75-P78 Krankheiten des Verdauungssystems beim Fetus und Neugeborenen,59,0.1,0.1
2024,Früheres Bundesgebiet und Berlin-Ost,DE-WEST,P80-P83,P80-P83 Krankheitszustände mit Beteiligung der Haut und der Temperaturregulation beim Fetus und Neugeborenen,17,0.0,0.0
2024,Früheres Bundesgebiet und Berlin-Ost,DE-WEST,P90-P96,"P90-P96 Sonstige Störungen, die ihren Ursprung in der Perinatalperiode haben",204,0.3,0.3
2024,Früheres Bundesgebiet und Berlin-Ost,DE-WEST,Q00-Q99,"Q00-Q99 Angeborene Fehlbildungen, Deformitäten und Chromosomenanomalien",2080,2.9,3.0
2024,Früheres Bundesgebiet und Berlin-Ost,DE-WEST,Q00-Q07,Q00-Q07 Angeborene Fehlbildungen des Nervensystems,178,0.3,0.3
2024,Früheres Bundesgebiet und Berlin-Ost,DE-WEST,Q10-Q18,"Q10-Q18 Angeborene Fehlbildungen des Auges, des Ohres, des Gesichtes und des Halses",,,
2024,Früheres Bundesgebiet und Berlin-Ost,DE-WEST,Q20-Q28,Q20-Q28 Angeborene Fehlbildungen des Kreislaufsystems,593,0.8,0.9
2024,Früheres Bundesgebiet und Berlin-Ost,DE-WEST,Q30-Q34,Q30-Q34 Angeborene Fehlbildungen des Atmungssystems,49,0.1,0.1
2024,Früheres Bundesgebiet und Berlin-Ost,DE-WEST,Q35-Q37,"Q35-Q37 Lippen-, Kiefer- und Gaumenspalte",,0.0,0.0
2024,Früheres Bundesgebiet und Berlin-Ost,DE-WEST,Q38-Q45,Q38-Q45 Sonstige angeborene Fehlbildungen des Verdauungssystems,66,0.1,0.1
2024,Früheres Bundesgebiet und Berlin-Ost,DE-WEST,Q50-Q56,Q50-Q56 Angeborene Fehlbildungen der Genitalorgane,,0.0,0.0
2024,Früheres Bundesgebiet und Berlin-Ost,DE-WEST,Q60-Q64,Q60-Q64 Angeborene Fehlbildungen des Harnsystems,163,0.2,0.2
2024,Früheres Bundesgebiet und Berlin-Ost,DE-WEST,Q65-Q79,Q65-Q79 Angeborene Fehlbildung und Deformitäten des Muskel-Skelett-Systems,79,0.1,0.1
2024,Früheres Bundesgebiet und Berlin-Ost,DE-WEST,Q80-Q89,Q80-Q89 Sonstige angeborene Fehlbildungen,216,0.3,0.3
2024,Früheres Bundesgebiet und Berlin-Ost,DE-WEST,Q90-Q99,"Q90-Q99 Chromosomenanomalien, anderenorts nicht klassifiziert",733,1.0,1.1
2024,Früheres Bundesgebiet und Berlin-Ost,DE-WEST,R00-R99,"R00-R99 Symptome und abnorme klinische und Laborbefunde, die andernorts nicht klassifiziert sind",27143,38.2,38.9
2024,Früheres Bundesgebiet und Berlin-Ost,DE-WEST,R00-R09,"R00-R09 Symptome, die das Kreislaufsystem und das Atmungssystem betreffen",531,0.7,0.8
2024,Früheres Bundesgebiet und Berlin-Ost,DE-WEST,R10-R19,"R10-R19 Symptome, die das Verdauungssystem und das Abdomen betreffen",94,0.1,0.1
2024,Früheres Bundesgebiet und Berlin-Ost,DE-WEST,R20-R23,"R20-R23 Symptome, die die Haut und das Unterhautgewebe betreffen",5,0.0,0.0
2024,Früheres Bundesgebiet und Berlin-Ost,DE-WEST,R25-R29,"R25-R29 Symptome, die das Nervensystem und das Muskel-Skelett-System betreffen",39,0.1,0.1
2024,Früheres Bundesgebiet und Berlin-Ost,DE-WEST,R30-R39,"R30-R39 Symptome, die das Harnsystem betreffen",10,0.0,0.0
2024,Früheres Bundesgebiet und Berlin-Ost,DE-WEST,R40-R46,"R40-R46 Symptome, die das Erkennungs- und Wahrnehmungsvermögen, die Stimmung und das Verhalten betreffen",64,0.1,0.1
2024,Früheres Bundesgebiet und Berlin-Ost,DE-WEST,R47-R49,"R47-R49 Symptome, die die Sprache und die Stimme betreffen",,0.0,0.0
2024,Früheres Bundesgebiet und Berlin-Ost,DE-WEST,R50-R69,R50-R69 Allgemeinsymptome,3508,4.9,5.0
2024,Früheres Bundesgebiet und Berlin-Ost,DE-WEST,R70-R79,R70-R79 Abnorme Blutuntersuchungsbefunde ohne Vorliegen einer Diagnose,7,0.0,0.0
2024,Früheres Bundesgebiet und Berlin-Ost,DE-WEST,R80-R82,R80-R82 Abnorme Urinuntersuchungsbefunde ohne Vorliegen einer Diagnose,,,
2024,Früheres Bundesgebiet und Berlin-Ost,DE-WEST,R83-R89,"R83-R89 Abnorme Befunde ohne Vorliegen einer Diagnose bei der Untersuchung anderer Körperflüssigkeiten, Substanzen und Gewebe",,,
2024,Früheres Bundesgebiet und Berlin-Ost,DE-WEST,R90-R94,R90-R94 Abnorme Befunde ohne Vorliegen einer Diagnose bei bildgebender Diagnostik und Funktionsprüfungen,16,0.0,0.0
2024,Früheres Bundesgebiet und Berlin-Ost,DE-WEST,R95-R99,R95-R99 Ungenau bezeichnete und unbekannte Todesursachen,22868,32.2,32.8
2024,Früheres Bundesgebiet und Berlin-Ost,DE-WEST,R96-R99,R96-R99 Unbekannte Todesursache,22803,32.1,32.7
2024,Früheres Bundesgebiet und Berlin-Ost,DE-WEST,S00-T98,"S00-T98 Verletzungen, Vergiftungen und bestimmte andere Folgen äußerer Ursachen",40067,56.4,57.2
2024,Früheres Bundesgebiet und Berlin-Ost,DE-WEST,S00-T14,S00-T14 Verletzungen,27233,38.3,38.9
2024,Früheres Bundesgebiet und Berlin-Ost,DE-WEST,S00-S09,S00-S09 Verletzungen des Kopfes,10283,14.5,14.7
2024,Früheres Bundesgebiet und Berlin-Ost,DE-WEST,S10-S19,S10-S19 Verletzungen des Halses,1225,1.7,1.8
2024,Früheres Bundesgebiet und Berlin-Ost,DE-WEST,S20-S29,S20-S29 Verletzungen des Thorax,1835,2.6,2.6
2024,Früheres Bundesgebiet und Berlin-Ost,DE-WEST,S30-S39,"S30-S39 Verletzungen des Abdomens, der Lumbosakralgegend, der Lendenwirbelsäule und des Beckens",1339,1.9,1.9
2024,Früheres Bundesgebiet und Berlin-Ost,DE-WEST,S40-S49,S40-S49 Verletzungen der Schulter und des Oberarmes,572,0.8,0.8
2024,Früheres Bundesgebiet und Berlin-Ost,DE-WEST,S50-S59,S50-S59 Verletzungen des Ellenbogens und des Unterarmes,197,0.3,0.3
2024,Früheres Bundesgebiet und Berlin-Ost,DE-WEST,S60-S69,S60-S69 Verletzungen des Handgelenkes und der Hand,113,0.2,0.2
2024,Früheres Bundesgebiet und Berlin-Ost,DE-WEST,S70-S79,S70-S79 Verletzungen der Hüfte und des Oberschenkels,6747,9.5,9.6
2024,Früheres Bundesgebiet und Berlin-Ost,DE-WEST,S80-S89,S80-S89 Verletzungen des Knies und des Unterschenkels,385,0.5,0.5
2024,Früheres Bundesgebiet und Berlin-Ost,DE-WEST,S90-S99,S90-S99 Verletzungen der Knöchelregion und des Fußes,24,0.0,0.0
2024,Früheres Bundesgebiet und Berlin-Ost,DE-WEST,T00-T07,T00-T07 Verletzungen mit Beteiligung mehrerer Körperregionen,1544,2.2,2.2
2024,Früheres Bundesgebiet und Berlin-Ost,DE-WEST,T08-T14,"T08-T14 Verletzungen nicht näher bezeichneter Teile des Rumpfes, der Extremitäten oder anderer Körperregionen",2969,4.2,4.3
2024,Früheres Bundesgebiet und Berlin-Ost,DE-WEST,T15-T19,T15-T19 Folgen des Eindringens eines Fremdkörpers durch eine natürliche Körperöffnung,1387,2.0,2.0
2024,Früheres Bundesgebiet und Berlin-Ost,DE-WEST,T20-T32,T20-T32 Verbrennungen oder Verätzungen,342,0.5,0.5
2024,Früheres Bundesgebiet und Berlin-Ost,DE-WEST,T20-T25,"T20-T25 Verbrennungen oder Verätzungen der äußeren Körperoberfläche, Lokalisation bezeichnet",25,0.0,0.0
2024,Früheres Bundesgebiet und Berlin-Ost,DE-WEST,T26-T28,"T26-T28 Verbrennungen oder Verätzungen, die auf das Auge und auf innere Organe begrenzt sind",9,0.0,0.0
2024,Früheres Bundesgebiet und Berlin-Ost,DE-WEST,T29-T32,T29-T32 Verbrennungen oder Verätzungen mehrerer und nicht näher bezeichneter Körperregionen,308,0.4,0.4
2024,Früheres Bundesgebiet und Berlin-Ost,DE-WEST,T33-T35,T33-T35 Erfrierungen,21,0.0,0.0
2024,Früheres Bundesgebiet und Berlin-Ost,DE-WEST,T36-T50,"T36-T50 Vergiftungen durch Arzneimittel, Drogen und biologisch aktive Substanzen",2617,3.7,3.7
2024,Früheres Bundesgebiet und Berlin-Ost,DE-WEST,T51-T65,T51-T65 Toxische Wirkungen von vorwiegend nicht medizinisch verwendeten Substanzen,1259,1.8,1.8
2024,Früheres Bundesgebiet und Berlin-Ost,DE-WEST,T66-T78,T66-T78 Sonstige und nicht näher bezeichnete Schäden durch äußere Ursachen,4678,6.6,6.7
2024,Früheres Bundesgebiet und Berlin-Ost,DE-WEST,T79-T79,T79-T79 Bestimmte Frühkomplikationen eines Traumas,212,0.3,0.3
2024,Früheres Bundesgebiet und Berlin-Ost,DE-WEST,T80-T88,"T80-T88 Komplikationen bei chirurgischen Eingriffen und medizinischer Behandlung, anderenorts nicht klassifiziert",698,1.0,1.0
2024,Früheres Bundesgebiet und Berlin-Ost,DE-WEST,T90-T98,"T90-T98 Folgen von Verletzungen, Vergiftungen und sonstigen Auswirkungen äußerer Ursachen",1620,2.3,2.3
2024,Früheres Bundesgebiet und Berlin-Ost,DE-WEST,U00-U99,U00-U99 Schlüsselnummern für besondere Zwecke,10071,14.2,14.5
2024,Früheres Bundesgebiet und Berlin-Ost,DE-WEST,U00-U49,U00-U49 Vorläufige Zuordnungen für Krankheiten mit unklarer Ätiologie und nicht belegte Schlüsselnummern,10071,14.2,14.5
2024,Neue Länder ohne Berlin-Ost,DE-EAST,,Alle Krankheiten und Folgen äußerer Ursachen,180808,1454.9,1214.7
2024,Neue Länder ohne Berlin-Ost,DE-EAST,A00-B99,A00-B99 Bestimmte infektiöse und parasitäre Krankheiten,2701,21.7,18.0
2024,Neue Länder ohne Berlin-Ost,DE-EAST,A00-A09,A00-A09 Infektiöse Darmkrankheiten,692,5.6,4.6
2024,Neue Länder ohne Berlin-Ost,DE-EAST,A15-A19,A15-A19 Tuberkulose,25,0.2,0.2
2024,Neue Länder ohne Berlin-Ost,DE-EAST,A20-A28,A20-A28 Bestimmte bakterielle Zoonosen,3,0.0,0.0
2024,Neue Länder ohne Berlin-Ost,DE-EAST,A30-A49,A30-A49 Sonstige bakterielle Krankheiten,1524,12.3,10.2
2024,Neue Länder ohne Berlin-Ost,DE-EAST,A50-A64,"A50-A64 Infektionen, vorwiegend durch Geschlechtsverkehr übertragen",,,
2024,Neue Länder ohne Berlin-Ost,DE-EAST,A65-A69,A65-A69 Sonstige Spirochätenkrankheiten,,0.0,0.0
2024,Neue Länder ohne Berlin-Ost,DE-EAST,A70-A74,A70-A74 Sonstige Krankheiten durch Chlamydien,,,
2024,Neue Länder ohne Berlin-Ost,DE-EAST,A75-A79,A75-A79 Rickettsiosen,,,
2024,Neue Länder ohne Berlin-Ost,DE-EAST,A80-A89,A80-A89 Virusinfektionen des Zentralnervensystems,49,0.4,0.3
2024,Neue Länder ohne Berlin-Ost,DE-EAST,A90-A99,A90-A99 Durch Arthropoden übertragene Viruskrankheiten und virale hämorrhagische Fieber,,,
2024,Neue Länder ohne Berlin-Ost,DE-EAST,B00-B09,"B00-B09 Virusinfektionen, durch Haut- und Schleimhautläsionen gekennzeichnet",38,0.3,0.2
2024,Neue Länder ohne Berlin-Ost,DE-EAST,B15-B19,B15-B19 Virushepatitis,42,0.3,0.3
2024,Neue Länder ohne Berlin-Ost,DE-EAST,B20-B24,B20-B24 HIV-Krankheit (Humane Immundefizienz-Viruskrankheit),32,0.3,0.2
2024,Neue Länder ohne Berlin-Ost,DE-EAST,B25-B34,B25-B34 Sonstige Viruskrankheiten,23,0.2,0.2
2024,Neue Länder ohne Berlin-Ost,DE-EAST,B35-B49,B35-B49 Mykosen,51,0.4,0.4
2024,Neue Länder ohne Berlin-Ost,DE-EAST,B50-B64,B50-B64 Protozoenkrankheiten,,0.0,0.0
2024,Neue Länder ohne Berlin-Ost,DE-EAST,B65-B83,B65-B83 Helminthosen,,,
2024,Neue Länder ohne Berlin-Ost,DE-EAST,B85-B89,"B85-B89 Pedikulose, Akarinose und sonstiger Parasitenbefall der Haut",,0.0,0.0
2024,Neue Länder ohne Berlin-Ost,DE-EAST,B90-B94,B90-B94 Folgezustände von infektiösen und parasitären Krankheiten,39,0.3,0.3
2024,Neue Länder ohne Berlin-Ost,DE-EAST,B99-B99,B99-B99 Sonstige Infektionskrankheiten,178,1.4,1.2
2024,Neue Länder ohne Berlin-Ost,DE-EAST,C00-D48,C00-D48 Neubildungen,43670,351.4,297.1
2024,Neue Länder ohne Berlin-Ost,DE-EAST,C00-C97,C00-C97 Bösartige Neubildungen,42460,341.7,289.1
2024,Neue Länder ohne Berlin-Ost,DE-EAST,C00-C75,"C00-C75 Bösartige Neubildungen an genau bezeichneten Lokalisationen, als primär festgestellt oder vermutet, ausgenommen lymphatisches, blutbildendes und verwandtes Gewebe",37090,298.4,252.9
2024,Neue Länder ohne Berlin-Ost,DE-EAST,C00-C14,"C00-C14 Bösartige Neubildungen der Lippe, der Mundhöhle und des Pharynx",1278,10.3,9.0
2024,Neue Länder ohne Berlin-Ost,DE-EAST,C15-C26,C15-C26 Bösartige Neubildungen der Verdauungsorgane,14165,114.0,96.5
2024,Neue Länder ohne Berlin-Ost,DE-EAST,C18-C21,"C18-C21 Bösartige Neubildung des Kolons, des Rektums und des Anus",4570,36.8,31.1
2024,Neue Länder ohne Berlin-Ost,DE-EAST,C19-C21,C19-C21 Bösartige Neubildung des Rektums und des Anus,1843,14.8,12.6
2024,Neue Länder ohne Berlin-Ost,DE-EAST,C30-C39,C30-C39 Bösartige Neubildungen der Atmungsorgane und sonstiger intrathorakaler Organe,7820,62.9,53.6
2024,Neue Länder ohne Berlin-Ost,DE-EAST,C32-C34,"C32-C34 Bösartige Neubildung des Larynx, der Trachea, der Bronchien und der Lunge",7723,62.1,52.9
2024,Neue Länder ohne Berlin-Ost,DE-EAST,C33-C34,"C33-C34 Bösartige Neubildung der Trachea, Bronchien und der Lunge",7487,60.2,51.3
2024,Neue Länder ohne Berlin-Ost,DE-EAST,C40-C41,C40-C41 Bösartige Neubildungen des Knochens und des Gelenkknorpels,80,0.6,0.6
2024,Neue Länder ohne Berlin-Ost,DE-EAST,C43-C44,C43-C44 Melanom und sonstige bösartige Neubildungen der Haut,806,6.5,5.5
2024,Neue Länder ohne Berlin-Ost,DE-EAST,C45-C49,C45-C49 Bösartige Neubildungen des mesothelialen Gewebes und des Weichteilgewebes,464,3.7,3.2
2024,Neue Länder ohne Berlin-Ost,DE-EAST,C50-C50,C50-C50 Bösartige Neubildung der Brustdrüse,2918,23.5,20.1
2024,Neue Länder ohne Berlin-Ost,DE-EAST,C51-C58,C51-C58 Bösartige Neubildungen der weiblichen Genitalorgane,,,
2024,Neue Länder ohne Berlin-Ost,DE-EAST,C54-C55,C54-C55 Bösartige Neubildung sonstiger Teile der Gebärmutter,,,
2024,Neue Länder ohne Berlin-Ost,DE-EAST,C60-C63,C60-C63 Bösartige Neubildungen der männlichen Genitalorgane,,,
2024,Neue Länder ohne Berlin-Ost,DE-EAST,C64-C68,C64-C68 Bösartige Neubildungen der Harnorgane,3312,26.7,22.0
2024,Neue Länder ohne Berlin-Ost,DE-EAST,C69-C72,"C69-C72 Bösartige Neubildungen des Auges, des Gehirns und sonstiger Teile des Zentralnervensystems",1154,9.3,8.2
2024,Neue Länder ohne Berlin-Ost,DE-EAST,C73-C75,C73-C75 Bösartige Neubildungen der Schilddrüse und sonstiger endokriner Drüsen,153,1.2,1.0
2024,Neue Länder ohne Berlin-Ost,DE-EAST,C76-C80,"C76-C80 Bösartige Neubildungen ungenau bezeichneter, sekundärer und nicht näher bezeichneter Lokalisationen",1944,15.6,13.1
2024,Neue Länder ohne Berlin-Ost,DE-EAST,C81-C96,"C81-C96 Bösartige Neubildungen des lymphatischen, blutbildenden und verwandten Gewebes, als primär festgestellt oder vermutet",3426,27.6,23.0
2024,Neue Länder ohne Berlin-Ost,DE-EAST,C91-C95,C91-C95 Leukämie,1461,11.8,9.8
2024,Neue Länder ohne Berlin-Ost,DE-EAST,C97-C97,C97-C97 Bösartige Neubildungen als Primärtumoren an mehreren Lokalisationen,,,
2024,Neue Länder ohne Berlin-Ost,DE-EAST,D00-D09,D00-D09 In-situ-Neubildungen,3,0.0,0.0
2024,Neue Länder ohne Berlin-Ost,DE-EAST,D10-D36,D10-D36 Gutartige Neubildungen,167,1.3,1.2
2024,Neue Länder ohne Berlin-Ost,DE-EAST,D37-D48,D37-D48 Neubildungen unsicheren oder unbekannten Verhaltens,1040,8.4,6.9
2024,Neue Länder ohne Berlin-Ost,DE-EAST,D50-D90,D50-D90 Krankheiten des Blutes und der blutbildenden Organe sowie bestimmte Störungen mit Beteiligung des Immunsystems,765,6.2,5.1
2024,Neue Länder ohne Berlin-Ost,DE-EAST,D50-D53,D50-D53 Alimentäre Anämien,106,0.9,0.7
2024,Neue Länder ohne Berlin-Ost,DE-EAST,D55-D59,D55-D59 Hämolytische Anämien,17,0.1,0.1
2024,Neue Länder ohne Berlin-Ost,DE-EAST,D60-D64,D60-D64 Aplastische und sonstige Anämien,301,2.4,2.0
2024,Neue Länder ohne Berlin-Ost,DE-EAST,D65-D69,"D65-D69 Koagulopathien, Purpura und sonstige hämorrhagische Diathesen",210,1.7,1.4
2024,Neue Länder ohne Berlin-Ost,DE-EAST,D70-D77,D70-D77 Sonstige Krankheiten des Blutes und der blutbildenden Organe,46,0.4,0.3
2024,Neue Länder ohne Berlin-Ost,DE-EAST,D80-D90,D80-D90 Bestimmte Störungen mit Beteiligung des Immunsystems,85,0.7,0.6
2024,Neue Länder ohne Berlin-Ost,DE-EAST,E00-E90,"E00-E90 Endokrine, Ernährungs- und Stoffwechselkrankheiten",7029,56.6,46.9
2024,Neue Länder ohne Berlin-Ost,DE-EAST,E00-E07,E00-E07 Krankheiten der Schilddrüse,125,1.0,0.8
2024,Neue Länder ohne Berlin-Ost,DE-EAST,E10-E14,E10-E14 Diabetes mellitus,5066,40.8,33.6
2024,Neue Länder ohne Berlin-Ost,DE-EAST,E15-E16,E15-E16 Sonstige Störungen der Blutglukose-Regulation und der inneren Sekretion des Pankreas,19,0.2,0.1
2024,Neue Länder ohne Berlin-Ost,DE-EAST,E20-E35,E20-E35 Krankheiten sonstiger endokriner Drüsen,32,0.3,0.2
2024,Neue Länder ohne Berlin-Ost,DE-EAST,E40-E46,E40-E46 Mangelernährung,120,1.0,0.8
2024,Neue Länder ohne Berlin-Ost,DE-EAST,E50-E64,E50-E64 Sonstige alimentäre Mangelzustände,40,0.3,0.3
2024,Neue Länder ohne Berlin-Ost,DE-EAST,E65-E68,E65-E68 Adipositas und sonstige Überernährung,374,3.0,2.7
2024,Neue Länder ohne Berlin-Ost,DE-EAST,E70-E90,E70-E90 Stoffwechselstörungen,1253,10.1,8.3
2024,Neue Länder ohne Berlin-Ost,DE-EAST,F00-F99,F00-F99 Psychische und Verhaltensstörungen,11006,88.6,72.8
2024,Neue Länder ohne Berlin-Ost,DE-EAST,F00-F09,"F00-F09 Organische, einschließlich symptomatischer psychischer Störungen",9586,77.1,62.4
2024,Neue Länder ohne Berlin-Ost,DE-EAST,F00-F03,F00-F03 Demenz,9534,76.7,62.0
2024,Neue Länder ohne Berlin-Ost,DE-EAST,F10-F19,F10-F19 Psychische und Verhaltensstörungen durch psychotrope Substanzen,1127,9.1,8.4
2024,Neue Länder ohne Berlin-Ost,DE-EAST,F20-F29,"F20-F29 Schizophrenie, schizotype und wahnhafte Störungen",79,0.6,0.6
2024,Neue Länder ohne Berlin-Ost,DE-EAST,F30-F39,F30-F39 Affektive Störungen,149,1.2,1.0
2024,Neue Länder ohne Berlin-Ost,DE-EAST,F32-F34,F32-F34 Depression,135,1.1,0.9
2024,Neue Länder ohne Berlin-Ost,DE-EAST,F40-F48,"F40-F48 Neurotische, Belastungs- und somatoforme Störungen",12,0.1,0.1
2024,Neue Länder ohne Berlin-Ost,DE-EAST,F40-F41,F40-F41 Phobische und andere Angststörungen,4,0.0,0.0
2024,Neue Länder ohne Berlin-Ost,DE-EAST,F50-F59,F50-F59 Verhaltensauffälligkeiten mit körperlichen Störungen und Faktoren,27,0.2,0.2
2024,Neue Länder ohne Berlin-Ost,DE-EAST,F60-F69,F60-F69 Persönlichkeits- und Verhaltensstörungen,,0.0,0.0
2024,Neue Länder ohne Berlin-Ost,DE-EAST,F70-F79,F70-F79 Intelligenzminderung,19,0.2,0.1
2024,Neue Länder ohne Berlin-Ost,DE-EAST,F80-F89,F80-F89 Entwicklungsstörungen,3,0.0,0.0
2024,Neue Länder ohne Berlin-Ost,DE-EAST,F90-F98,F90-F98 Verhaltens- und emotionale Störungen mit Beginn in der Kindheit und Jugend,,0.0,0.0
2024,Neue Länder ohne Berlin-Ost,DE-EAST,F99-F99,F99-F99 Nicht näher bezeichnete psychische Störungen,,0.0,0.0
2024,Neue Länder ohne Berlin-Ost,DE-EAST,G00-H95,G00-H95 Krankheiten des Nervensystems und der Sinnesorgane,6623,53.3,44.5
2024,Neue Länder ohne Berlin-Ost,DE-EAST,G00-G99,G00-G99 Krankheiten des Nervensystems,6605,53.1,44.3
2024,Neue Länder ohne Berlin-Ost,DE-EAST,G00-G09,G00-G09 Entzündliche Krankheiten des Zentralnervensystems,125,1.0,0.9
2024,Neue Länder ohne Berlin-Ost,DE-EAST,G00-G03,G00-G03 Meningitis,23,0.2,0.2
2024,Neue Länder ohne Berlin-Ost,DE-EAST,G10-G14,"G10-G14 Systematrophien, die vorwiegend das Zentralnervensystem betreffen",482,3.9,3.3
2024,Neue Länder ohne Berlin-Ost,DE-EAST,G20-G26,G20-G26 Extrapyramidale Krankheiten und Bewegungsstörungen,2047,16.5,13.5
2024,Neue Länder ohne Berlin-Ost,DE-EAST,G30-G32,G30-G32 Sonstige degenerative Krankheiten des Nervensystems,2420,19.5,15.9
2024,Neue Länder ohne Berlin-Ost,DE-EAST,G35-G37,G35-G37 Demyelinisierende Krankheiten des Zentralnervensystems,194,1.6,1.4
2024,Neue Länder ohne Berlin-Ost,DE-EAST,G40-G47,G40-G47 Episodische und paroxysmale Krankheiten des Nervensystems,624,5.0,4.4
2024,Neue Länder ohne Berlin-Ost,DE-EAST,G40-G41,G40-G41 Epilepsie,593,4.8,4.2
2024,Neue Länder ohne Berlin-Ost,DE-EAST,G50-G59,"G50-G59 Krankheiten von Nerven, Nervenwurzeln und Nervenplexus",,0.0,0.0
2024,Neue Länder ohne Berlin-Ost,DE-EAST,G60-G64,G60-G64 Polyneuropathien und sonstige Krankheiten des peripheren Nervensystems,106,0.9,0.7
2024,Neue Länder ohne Berlin-Ost,DE-EAST,G70-G73,G70-G73 Krankheiten im Bereich der neuromuskulären Synapse und des Muskels,114,0.9,0.8
2024,Neue Länder ohne Berlin-Ost,DE-EAST,G80-G83,G80-G83 Zerebrale Lähmung und sonstige Lähmungssyndrome,221,1.8,1.6
2024,Neue Länder ohne Berlin-Ost,DE-EAST,G90-G99,G90-G99 Sonstige Krankheiten des Nervensystems,270,2.2,1.9
2024,Neue Länder ohne Berlin-Ost,DE-EAST,H00-H59,H00-H59 Krankheiten des Auges und der Augenanhangsgebilde,3,0.0,0.0
2024,Neue Länder ohne Berlin-Ost,DE-EAST,H00-H06,"H00-H06 Affektionen des Augenlides, des Tränenapparates und der Orbita",,0.0,0.0
2024,Neue Länder ohne Berlin-Ost,DE-EAST,H10-H13,H10-H13 Affektionen der Konjunktiva,,,
2024,Neue Länder ohne Berlin-Ost,DE-EAST,H15-H22,"H15-H22 Affektionen der Sklera, der Hornhaut, der Iris und des Ziliarkörpers",,,
2024,Neue Länder ohne Berlin-Ost,DE-EAST,H25-H28,H25-H28 Affektionen der Linse,,,
2024,Neue Länder ohne Berlin-Ost,DE-EAST,H30-H36,H30-H36 Affektionen der Aderhaut und der Netzhaut,,0.0,0.0
2024,Neue Länder ohne Berlin-Ost,DE-EAST,H40-H42,H40-H42 Glaukom,,,
2024,Neue Länder ohne Berlin-Ost,DE-EAST,H43-H45,H43-H45 Affektionen des Glaskörpers und des Augapfels,,,
2024,Neue Länder ohne Berlin-Ost,DE-EAST,H46-H48,H46-H48 Affektionen des Nervus opticus und der Sehbahn,,,
2024,Neue Länder ohne Berlin-Ost,DE-EAST,H49-H52,"H49-H52 Affektionen der Augenmuskeln, Störungen der Blickbewegungen sowie Akkommodationsstörungen und Refraktionsfehler",,0.0,0.0
2024,Neue Länder ohne Berlin-Ost,DE-EAST,H53-H54,H53-H54 Sehstörungen und Blindheit,,,
2024,Neue Länder ohne Berlin-Ost,DE-EAST,H55-H59,H55-H59 Sonstige Affektionen des Auges und der Augenanhangsgebilde,,,
2024,Neue Länder ohne Berlin-Ost,DE-EAST,H60-H95,H60-H95 Krankheiten des Ohres und des Warzenfortsatzes,15,0.1,0.1
2024,Neue Länder ohne Berlin-Ost,DE-EAST,H60-H62,H60-H62 Krankheiten des äußeren Ohres,,,
2024,Neue Länder ohne Berlin-Ost,DE-EAST,H65-H75,H65-H75 Krankheiten des Mittelohres und des Warzenfortsatzes,11,0.1,0.1
2024,Neue Länder ohne Berlin-Ost,DE-EAST,H80-H83,H80-H83 Krankheiten des Innenohres,,0.0,0.0
2024,Neue Länder ohne Berlin-Ost,DE-EAST,H90-H95,H90-H95 Sonstige Krankheiten des Ohres,,0.0,0.0
2024,Neue Länder ohne Berlin-Ost,DE-EAST,H90-H91,H90-H91 Hörverlust,,0.0,0.0
2024,Neue Länder ohne Berlin-Ost,DE-EAST,I00-I99,I00-I99 Krankheiten des Kreislaufsystems,67237,541.0,444.5
2024,Neue Länder ohne Berlin-Ost,DE-EAST,I00-I02,I00-I02 Akutes rheumatisches Fieber,37,0.3,0.2
2024,Neue Länder ohne Berlin-Ost,DE-EAST,I05-I09,I05-I09 Chronische rheumatische Herzkrankheiten,900,7.2,5.9
2024,Neue Länder ohne Berlin-Ost,DE-EAST,I10-I15,I10-I15 Hypertonie (Hochdruckkrankheit),12283,98.8,80.5
2024,Neue Länder ohne Berlin-Ost,DE-EAST,I20-I25,I20-I25 Ischämische Herzkrankheiten,23393,188.2,155.3
2024,Neue Länder ohne Berlin-Ost,DE-EAST,I21-I22,I21-I22 Herzinfarkt,8746,70.4,58.9
2024,Neue Länder ohne Berlin-Ost,DE-EAST,I26-I28,I26-I28 Pulmonale Herzkrankheit und Krankheiten des Lungenkreislaufes,1309,10.5,8.9
2024,Neue Länder ohne Berlin-Ost,DE-EAST,I30-I52,I30-I52 Sonstige Formen der Herzkrankheit,17581,141.5,115.5
2024,Neue Länder ohne Berlin-Ost,DE-EAST,I60-I69,I60-I69 Zerebrovaskuläre Krankheiten,9624,77.4,63.7
2024,Neue Länder ohne Berlin-Ost,DE-EAST,I60-I61,I60-I61 Subarachnoidalblutung und intrazerebrale Blutung,1655,13.3,11.2
2024,Neue Länder ohne Berlin-Ost,DE-EAST,I70-I79,"I70-I79 Krankheiten der Arterien, Arteriolen und Kapillaren",1756,14.1,11.8
2024,Neue Länder ohne Berlin-Ost,DE-EAST,I80-I89,"I80-I89 Krankheiten der Venen, der Lymphgefäße und der Lymphknoten andernorts nicht klassifiziert",348,2.8,2.4
2024,Neue Länder ohne Berlin-Ost,DE-EAST,I95-I99,I95-I99 Sonstige und nicht näher bezeichnete Krankheiten des Kreislaufsystems,6,0.0,0.0
2024,Neue Länder ohne Berlin-Ost,DE-EAST,J00-J99,J00-J99 Krankheiten des Atmungssystems,11238,90.4,75.1
2024,Neue Länder ohne Berlin-Ost,DE-EAST,J00-J06,J00-J06 Akute Infektionen der oberen Atemwege,22,0.2,0.2
2024,Neue Länder ohne Berlin-Ost,DE-EAST,J09-J18,J09-J18 Grippe und Pneumonie,3745,30.1,24.9
2024,Neue Länder ohne Berlin-Ost,DE-EAST,J09-J11,J09-J11 Grippe,587,4.7,4.0
2024,Neue Länder ohne Berlin-Ost,DE-EAST,J12-J18,J12-J18 Pneumonie,3158,25.4,20.9
2024,Neue Länder ohne Berlin-Ost,DE-EAST,J20-J22,J20-J22 Sonstige akute Infektionen der unteren Atemwege,55,0.4,0.4
2024,Neue Länder ohne Berlin-Ost,DE-EAST,J30-J39,J30-J39 Sonstige Krankheiten der oberen Atemwege,25,0.2,0.2
2024,Neue Länder ohne Berlin-Ost,DE-EAST,J40-J47,J40-J47 Chronische Krankheiten der unteren Atemwege,5790,46.6,38.8
2024,Neue Länder ohne Berlin-Ost,DE-EAST,J45-J46,J45-J46 Asthma,192,1.5,1.3
2024,Neue Länder ohne Berlin-Ost,DE-EAST,J60-J70,J60-J70 Lungenkrankheiten durch exogene Substanzen,482,3.9,3.2
2024,Neue Länder ohne Berlin-Ost,DE-EAST,J80-J84,"J80-J84 Sonstige Krankheiten der Atmungsorgane, die hauptsächlich das Interstitium betreffen",657,5.3,4.4
2024,Neue Länder ohne Berlin-Ost,DE-EAST,J85-J86,J85-J86 Purulente und nekrotisierende Krankheitszustände der unteren Atemwege,98,0.8,0.7
2024,Neue Länder ohne Berlin-Ost,DE-EAST,J90-J94,J90-J94 Sonstige Krankheiten der Pleura,101,0.8,0.7
2024,Neue Länder ohne Berlin-Ost,DE-EAST,J95-J99,J95-J99 Sonstige Krankheiten des Atmungssystems,263,2.1,1.8
2024,Neue Länder ohne Berlin-Ost,DE-EAST,K00-K93,K00-K93 Krankheiten des Verdauungssystems,8870,71.4,61.3
2024,Neue Länder ohne Berlin-Ost,DE-EAST,K00-K14,"K00-K14 Krankheiten der Mundhöhle, der Speicheldrüsen und der Kiefer",33,0.3,0.2
2024,Neue Länder ohne Berlin-Ost,DE-EAST,K20-K31,"K20-K31 Krankheiten des Ösophagus, des Magens und des Duodenums",919,7.4,6.1
2024,Neue Länder ohne Berlin-Ost,DE-EAST,K25-K28,"K25-K28 Ulcus ventriculi, Ulcus duodeni, Ulcus pepticum",561,4.5,3.8
2024,Neue Länder ohne Berlin-Ost,DE-EAST,K35-K38,K35-K38 Krankheiten der Appendix,32,0.3,0.2
2024,Neue Länder ohne Berlin-Ost,DE-EAST,K40-K46,K40-K46 Hernien,235,1.9,1.6
2024,Neue Länder ohne Berlin-Ost,DE-EAST,K50-K52,K50-K52 Nichtinfektiöse Enteritis und Kolitis,121,1.0,0.8
2024,Neue Länder ohne Berlin-Ost,DE-EAST,K55-K64,K55-K64 Sonstige Krankheiten des Darmes,1903,15.3,12.7
2024,Neue Länder ohne Berlin-Ost,DE-EAST,K65-K67,K65-K67 Krankheiten des Peritoneums,124,1.0,0.8
2024,Neue Länder ohne Berlin-Ost,DE-EAST,K70-K77,K70-K77 Krankheiten der Leber,3744,30.1,26.9
2024,Neue Länder ohne Berlin-Ost,DE-EAST,K80-K87,"K80-K87 Krankheiten der Gallenblase, der Gallenwege und des Pankreas",980,7.9,6.7
2024,Neue Länder ohne Berlin-Ost,DE-EAST,K90-K93,K90-K93 Sonstige Krankheiten des Verdauungssystems,779,6.3,5.2
2024,Neue Länder ohne Berlin-Ost,DE-EAST,L00-L99,L00-L99 Krankheiten der Haut und der Unterhaut,330,2.7,2.2
2024,Neue Länder ohne Berlin-Ost,DE-EAST,L00-L08,L00-L08 Infektionen der Haut und der Unterhaut,105,0.8,0.7
2024,Neue Länder ohne Berlin-Ost,DE-EAST,L10-L14,L10-L14 Bullöse Dermatosen,21,0.2,0.1
2024,Neue Länder ohne Berlin-Ost,DE-EAST,L20-L30,L20-L30 Dermatitis und Ekzem,5,0.0,0.0
2024,Neue Länder ohne Berlin-Ost,DE-EAST,L40-L45,L40-L45 Papulosquamöse Hautkrankheiten,5,0.0,0.0
2024,Neue Länder ohne Berlin-Ost,DE-EAST,L40-L42,L40-L42 Psoriasis,5,0.0,0.0
2024,Neue Länder ohne Berlin-Ost,DE-EAST,L50-L54,L50-L54 Urtikaria und Erythem,5,0.0,0.0
2024,Neue Länder ohne Berlin-Ost,DE-EAST,L55-L59,L55-L59 Krankheiten der Haut und der Unterhaut durch Strahleneinwirkung,,0.0,0.0
2024,Neue Länder ohne Berlin-Ost,DE-EAST,L60-L75,L60-L75 Krankheiten der Hautanhangsgebilde,,0.0,0.0
2024,Neue Länder ohne Berlin-Ost,DE-EAST,L80-L99,L80-L99 Sonstige Krankheiten der Haut und der Unterhaut,187,1.5,1.2
2024,Neue Länder ohne Berlin-Ost,DE-EAST,M00-M99,M00-M99 Krankheiten des Muskel-Skelett-Systems und des Bindegewebes,1127,9.1,7.5
2024,Neue Länder ohne Berlin-Ost,DE-EAST,M00-M25,M00-M25 Arthropathien,309,2.5,2.1
2024,Neue Länder ohne Berlin-Ost,DE-EAST,M00-M03,M00-M03 Infektiöse Arthropathien,61,0.5,0.4
2024,Neue Länder ohne Berlin-Ost,DE-EAST,M05-M14,M05-M14 Entzündliche Polyarthropathien,143,1.2,1.0
2024,Neue Länder ohne Berlin-Ost,DE-EAST,M15-M19,M15-M19 Arthrose,86,0.7,0.6
2024,Neue Länder ohne Berlin-Ost,DE-EAST,M20-M25,M20-M25 Sonstige Gelenkkrankheiten,19,0.2,0.1
2024,Neue Länder ohne Berlin-Ost,DE-EAST,M30-M36,M30-M36 Systemkrankheiten des Bindegewebes,130,1.0,0.9
2024,Neue Länder ohne Berlin-Ost,DE-EAST,M40-M54,M40-M54 Krankheiten der Wirbelsäule und des Rückens,247,2.0,1.6
2024,Neue Länder ohne Berlin-Ost,DE-EAST,M40-M43,M40-M43 Deformitäten der Wirbelsäule und des Rückens,13,0.1,0.1
2024,Neue Länder ohne Berlin-Ost,DE-EAST,M45-M54,M45-M54 Dorsopathien,234,1.9,1.6
2024,Neue Länder ohne Berlin-Ost,DE-EAST,M45-M49,M45-M49 Spondylopathien,221,1.8,1.5
2024,Neue Länder ohne Berlin-Ost,DE-EAST,M50-M54,M50-M54 Sonstige Krankheiten der Wirbelsäule und des Rückens,13,0.1,0.1
2024,Neue Länder ohne Berlin-Ost,DE-EAST,M60-M79,M60-M79 Krankheiten der Weichteilgewebe,220,1.8,1.5
2024,Neue Länder ohne Berlin-Ost,DE-EAST,M60-M63,M60-M63 Krankheiten der Muskeln,147,1.2,1.0
2024,Neue Länder ohne Berlin-Ost,DE-EAST,M65-M68,M65-M68 Krankheiten der Synovialis und der Sehnen,,0.0,0.0
2024,Neue Länder ohne Berlin-Ost,DE-EAST,M70-M79,M70-M79 Sonstige Krankheiten des Weichteilgewebes,71,0.6,0.5
2024,Neue Länder ohne Berlin-Ost,DE-EAST,M80-M94,M80-M94 Osteopathien und Chondropathien,221,1.8,1.5
2024,Neue Länder ohne Berlin-Ost,DE-EAST,M80-M85,M80-M85 Veränderungen der Knochendichte und -struktur,156,1.3,1.0
2024,Neue Länder ohne Berlin-Ost,DE-EAST,M80-M82,M80-M82 Osteoporose,144,1.2,0.9
2024,Neue Länder ohne Berlin-Ost,DE-EAST,M86-M90,M86-M90 Sonstige Osteopathien,63,0.5,0.4
2024,Neue Länder ohne Berlin-Ost,DE-EAST,M91-M94,M91-M94 Chondropathien,,0.0,0.0
2024,Neue Länder ohne Berlin-Ost,DE-EAST,M95-M99,M95-M99 Sonstige Krankheiten des Muskel-Skelett-Systems und des Bindegewebes,,,
2024,Neue Länder ohne Berlin-Ost,DE-EAST,N00-N99,N00-N99 Krankheiten des Urogenitalsystems,4740,38.1,31.1
2024,Neue Länder ohne Berlin-Ost,DE-EAST,N00-N29,N00-N29 Krankheiten der Niere und des Ureters,3255,26.2,21.4
2024,Neue Länder ohne Berlin-Ost,DE-EAST,N00-N08,N00-N08 Glomeruläre Krankheiten,31,0.2,0.2
2024,Neue Länder ohne Berlin-Ost,DE-EAST,N10-N16,N10-N16 Tubulointerstitielle Nierenkrankheiten,158,1.3,1.0
2024,Neue Länder ohne Berlin-Ost,DE-EAST,N17-N19,N17-N19 Niereninsuffizienz,2956,23.8,19.4
2024,Neue Länder ohne Berlin-Ost,DE-EAST,N20-N23,N20-N23 Urolithiasis,53,0.4,0.4
2024,Neue Länder ohne Berlin-Ost,DE-EAST,N25-N29,N25-N29 Sonstige Krankheiten der Niere und des Ureters,57,0.5,0.4
2024,Neue Länder ohne Berlin-Ost,DE-EAST,N30-N39,N30-N39 Sonstige Krankheiten des Harnsystems,1321,10.6,8.7
2024,Neue Länder ohne Berlin-Ost,DE-EAST,N40-N51,N40-N51 Krankheiten der männlichen Genitalorgane,,,
2024,Neue Länder ohne Berlin-Ost,DE-EAST,N60-N64,N60-N64 Krankheiten der Mamma (Brustdrüse),,0.0,0.0
2024,Neue Länder ohne Berlin-Ost,DE-EAST,N70-N77,N70-N77 Entzündliche Krankheiten der weiblichen Beckenorgane,,,
2024,Neue Länder ohne Berlin-Ost,DE-EAST,N80-N98,N80-N98 Nichtentzündliche Krankheiten des weiblichen Genitaltraktes,,,
2024,Neue Länder ohne Berlin-Ost,DE-EAST,O00-O99,"O00-O99 Schwangerschaft, Geburt und Wochenbett",,,
2024,Neue Länder ohne Berlin-Ost,DE-EAST,O00-O08,O00-O08 Schwangerschaft mit abortivem Ausgang,,,
2024,Neue Länder ohne Berlin-Ost,DE-EAST,O10-O16,"O10-O16 Ödeme, Proteinurie und Hypertonie während der Schwangerschaft, der Geburt und des Wochenbettes",,,
2024,Neue Länder ohne Berlin-Ost,DE-EAST,O20-O29,"O20-O29 Sonstige Krankheiten der Mutter, die vorwiegend mit der Schwangerschaft verbunden sind",,,
2024,Neue Länder ohne Berlin-Ost,DE-EAST,O30-O48,O30-O48 Betreuung der Mutter im Hinblick auf den Fetus und die Amnionhöhle sowie mögliche Entbindungskomplikationen,,,
2024,Neue Länder ohne Berlin-Ost,DE-EAST,O60-O75,O60-O75 Komplikationen bei Wehentätigkeit und Entbindung,,,
2024,Neue Länder ohne Berlin-Ost,DE-EAST,O80-O84,O80-O84 Entbindung,,,
2024,Neue Länder ohne Berlin-Ost,DE-EAST,O85-O92,"O85-O92 Komplikationen, die vorwiegend im Wochenbett auftreten",,,
2024,Neue Länder ohne Berlin-Ost,DE-EAST,O94-O99,"O94-O99 Sonstige Krankheitszustände während der Gestationsperiode, die andernorts nicht klassifiziert sind",,,
2024,Neue Länder ohne Berlin-Ost,DE-EAST,P00-P96,"P00-P96 Bestimmte Zustände, die ihren Ursprung in der Perinatalperiode haben",135,1.1,1.5
2024,Neue Länder ohne Berlin-Ost,DE-EAST,P00-P04,"P00-P04 Schädigung des Fetus und Neugeborenen durch mütterliche Faktoren und durch Komplikationen bei Schwangerschaft, Wehentätigkeit und Entbindung",15,0.1,0.2
2024,Neue Länder ohne Berlin-Ost,DE-EAST,P05-P08,P05-P08 Störungen im Zusammenhang mit der Schwangerschaftsdauer und dem fetalen Wachstum,38,0.3,0.5
2024,Neue Länder ohne Berlin-Ost,DE-EAST,P10-P15,P10-P15 Geburtstrauma,,,
2024,Neue Länder ohne Berlin-Ost,DE-EAST,P20-P29,"P20-P29 Krankheiten des Atmungs- und Herz-Kreislaufsystems, die für die Perinatalperiode spezifisch sind",39,0.3,0.5
2024,Neue Länder ohne Berlin-Ost,DE-EAST,P35-P39,"P35-P39 Infektionen, die für die Perinatalperiode spezifisch sind",,0.0,0.0
2024,Neue Länder ohne Berlin-Ost,DE-EAST,P50-P61,P50-P61 Hämorrhagische und hämatologische Krankheiten beim Fetus und Neugeborenen,6,0.0,0.1
2024,Neue Länder ohne Berlin-Ost,DE-EAST,P70-P74,"P70-P74 Transitorische endokrine und Stoffwechselstörungen, die für den Fetus und das Neugeborene spezifisch sind",,,
2024,Neue Länder ohne Berlin-Ost,DE-EAST,P75-P78,P75-P78 Krankheiten des Verdauungssystems beim Fetus und Neugeborenen,,0.0,0.0
2024,Neue Länder ohne Berlin-Ost,DE-EAST,P80-P83,P80-P83 Krankheitszustände mit Beteiligung der Haut und der Temperaturregulation beim Fetus und Neugeborenen,,0.0,0.0
2024,Neue Länder ohne Berlin-Ost,DE-EAST,P90-P96,"P90-P96 Sonstige Störungen, die ihren Ursprung in der Perinatalperiode haben",32,0.3,0.3
2024,Neue Länder ohne Berlin-Ost,DE-EAST,Q00-Q99,"Q00-Q99 Angeborene Fehlbildungen, Deformitäten und Chromosomenanomalien",311,2.5,2.6
2024,Neue Länder ohne Berlin-Ost,DE-EAST,Q00-Q07,Q00-Q07 Angeborene Fehlbildungen des Nervensystems,26,0.2,0.2
2024,Neue Länder ohne Berlin-Ost,DE-EAST,Q10-Q18,"Q10-Q18 Angeborene Fehlbildungen des Auges, des Ohres, des Gesichtes und des Halses",,,
2024,Neue Länder ohne Berlin-Ost,DE-EAST,Q20-Q28,Q20-Q28 Angeborene Fehlbildungen des Kreislaufsystems,97,0.8,0.8
2024,Neue Länder ohne Berlin-Ost,DE-EAST,Q30-Q34,Q30-Q34 Angeborene Fehlbildungen des Atmungssystems,,0.0,0.0
2024,Neue Länder ohne Berlin-Ost,DE-EAST,Q35-Q37,"Q35-Q37 Lippen-, Kiefer- und Gaumenspalte",,,
2024,Neue Länder ohne Berlin-Ost,DE-EAST,Q38-Q45,Q38-Q45 Sonstige angeborene Fehlbildungen des Verdauungssystems,14,0.1,0.1
2024,Neue Länder ohne Berlin-Ost,DE-EAST,Q50-Q56,Q50-Q56 Angeborene Fehlbildungen der Genitalorgane,,,
2024,Neue Länder ohne Berlin-Ost,DE-EAST,Q60-Q64,Q60-Q64 Angeborene Fehlbildungen des Harnsystems,24,0.2,0.2
2024,Neue Länder ohne Berlin-Ost,DE-EAST,Q65-Q79,Q65-Q79 Angeborene Fehlbildung und Deformitäten des Muskel-Skelett-Systems,16,0.1,0.2
2024,Neue Länder ohne Berlin-Ost,DE-EAST,Q80-Q89,Q80-Q89 Sonstige angeborene Fehlbildungen,36,0.3,0.3
2024,Neue Länder ohne Berlin-Ost,DE-EAST,Q90-Q99,"Q90-Q99 Chromosomenanomalien, anderenorts nicht klassifiziert",96,0.8,0.8
2024,Neue Länder ohne Berlin-Ost,DE-EAST,R00-R99,"R00-R99 Symptome und abnorme klinische und Laborbefunde, die andernorts nicht klassifiziert sind",4202,33.8,30.0
2024,Neue Länder ohne Berlin-Ost,DE-EAST,R00-R09,"R00-R09 Symptome, die das Kreislaufsystem und das Atmungssystem betreffen",39,0.3,0.3
2024,Neue Länder ohne Berlin-Ost,DE-EAST,R10-R19,"R10-R19 Symptome, die das Verdauungssystem und das Abdomen betreffen",7,0.1,0.0
2024,Neue Länder ohne Berlin-Ost,DE-EAST,R20-R23,"R20-R23 Symptome, die die Haut und das Unterhautgewebe betreffen",,0.0,0.0
2024,Neue Länder ohne Berlin-Ost,DE-EAST,R25-R29,"R25-R29 Symptome, die das Nervensystem und das Muskel-Skelett-System betreffen",3,0.0,0.0
2024,Neue Länder ohne Berlin-Ost,DE-EAST,R30-R39,"R30-R39 Symptome, die das Harnsystem betreffen",,,
2024,Neue Länder ohne Berlin-Ost,DE-EAST,R40-R46,"R40-R46 Symptome, die das Erkennungs- und Wahrnehmungsvermögen, die Stimmung und das Verhalten betreffen",5,0.0,0.0
2024,Neue Länder ohne Berlin-Ost,DE-EAST,R47-R49,"R47-R49 Symptome, die die Sprache und die Stimme betreffen",,,
2024,Neue Länder ohne Berlin-Ost,DE-EAST,R50-R69,R50-R69 Allgemeinsymptome,442,3.6,2.9
2024,Neue Länder ohne Berlin-Ost,DE-EAST,R70-R79,R70-R79 Abnorme Blutuntersuchungsbefunde ohne Vorliegen einer Diagnose,,0.0,0.0
2024,Neue Länder ohne Berlin-Ost,DE-EAST,R80-R82,R80-R82 Abnorme Urinuntersuchungsbefunde ohne Vorliegen einer Diagnose,,,
2024,Neue Länder ohne Berlin-Ost,DE-EAST,R83-R89,"R83-R89 Abnorme Befunde ohne Vorliegen einer Diagnose bei der Untersuchung anderer Körperflüssigkeiten, Substanzen und Gewebe",,,
2024,Neue Länder ohne Berlin-Ost,DE-EAST,R90-R94,R90-R94 Abnorme Befunde ohne Vorliegen einer Diagnose bei bildgebender Diagnostik und Funktionsprüfungen,,0.0,0.0
2024,Neue Länder ohne Berlin-Ost,DE-EAST,R95-R99,R95-R99 Ungenau bezeichnete und unbekannte Todesursachen,3703,29.8,26.7
2024,Neue Länder ohne Berlin-Ost,DE-EAST,R96-R99,R96-R99 Unbekannte Todesursache,3693,29.7,26.6
2024,Neue Länder ohne Berlin-Ost,DE-EAST,S00-T98,"S00-T98 Verletzungen, Vergiftungen und bestimmte andere Folgen äußerer Ursachen",8841,71.1,61.4
2024,Neue Länder ohne Berlin-Ost,DE-EAST,S00-T14,S00-T14 Verletzungen,5964,48.0,40.5
2024,Neue Länder ohne Berlin-Ost,DE-EAST,S00-S09,S00-S09 Verletzungen des Kopfes,2117,17.0,14.5
2024,Neue Länder ohne Berlin-Ost,DE-EAST,S10-S19,S10-S19 Verletzungen des Halses,279,2.2,2.0
2024,Neue Länder ohne Berlin-Ost,DE-EAST,S20-S29,S20-S29 Verletzungen des Thorax,448,3.6,3.1
2024,Neue Länder ohne Berlin-Ost,DE-EAST,S30-S39,"S30-S39 Verletzungen des Abdomens, der Lumbosakralgegend, der Lendenwirbelsäule und des Beckens",323,2.6,2.1
2024,Neue Länder ohne Berlin-Ost,DE-EAST,S40-S49,S40-S49 Verletzungen der Schulter und des Oberarmes,144,1.2,0.9
2024,Neue Länder ohne Berlin-Ost,DE-EAST,S50-S59,S50-S59 Verletzungen des Ellenbogens und des Unterarmes,51,0.4,0.3
2024,Neue Länder ohne Berlin-Ost,DE-EAST,S60-S69,S60-S69 Verletzungen des Handgelenkes und der Hand,26,0.2,0.2
2024,Neue Länder ohne Berlin-Ost,DE-EAST,S70-S79,S70-S79 Verletzungen der Hüfte und des Oberschenkels,1707,13.7,11.2
2024,Neue Länder ohne Berlin-Ost,DE-EAST,S80-S89,S80-S89 Verletzungen des Knies und des Unterschenkels,105,0.8,0.7
2024,Neue Länder ohne Berlin-Ost,DE-EAST,S90-S99,S90-S99 Verletzungen der Knöchelregion und des Fußes,18,0.1,0.1
2024,Neue Länder ohne Berlin-Ost,DE-EAST,T00-T07,T00-T07 Verletzungen mit Beteiligung mehrerer Körperregionen,424,3.4,3.2
2024,Neue Länder ohne Berlin-Ost,DE-EAST,T08-T14,"T08-T14 Verletzungen nicht näher bezeichneter Teile des Rumpfes, der Extremitäten oder anderer Körperregionen",322,2.6,2.2
2024,Neue Länder ohne Berlin-Ost,DE-EAST,T15-T19,T15-T19 Folgen des Eindringens eines Fremdkörpers durch eine natürliche Körperöffnung,230,1.9,1.6
2024,Neue Länder ohne Berlin-Ost,DE-EAST,T20-T32,T20-T32 Verbrennungen oder Verätzungen,70,0.6,0.5
2024,Neue Länder ohne Berlin-Ost,DE-EAST,T20-T25,"T20-T25 Verbrennungen oder Verätzungen der äußeren Körperoberfläche, Lokalisation bezeichnet",9,0.1,0.1
2024,Neue Länder ohne Berlin-Ost,DE-EAST,T26-T28,"T26-T28 Verbrennungen oder Verätzungen, die auf das Auge und auf innere Organe begrenzt sind",6,0.0,0.0
2024,Neue Länder ohne Berlin-Ost,DE-EAST,T29-T32,T29-T32 Verbrennungen oder Verätzungen mehrerer und nicht näher bezeichneter Körperregionen,55,0.4,0.4
2024,Neue Länder ohne Berlin-Ost,DE-EAST,T33-T35,T33-T35 Erfrierungen,3,0.0,0.0
2024,Neue Länder ohne Berlin-Ost,DE-EAST,T36-T50,"T36-T50 Vergiftungen durch Arzneimittel, Drogen und biologisch aktive Substanzen",425,3.4,3.2
2024,Neue Länder ohne Berlin-Ost,DE-EAST,T51-T65,T51-T65 Toxische Wirkungen von vorwiegend nicht medizinisch verwendeten Substanzen,245,2.0,1.9
2024,Neue Länder ohne Berlin-Ost,DE-EAST,T66-T78,T66-T78 Sonstige und nicht näher bezeichnete Schäden durch äußere Ursachen,1398,11.2,10.2
2024,Neue Länder ohne Berlin-Ost,DE-EAST,T79-T79,T79-T79 Bestimmte Frühkomplikationen eines Traumas,50,0.4,0.3
2024,Neue Länder ohne Berlin-Ost,DE-EAST,T80-T88,"T80-T88 Komplikationen bei chirurgischen Eingriffen und medizinischer Behandlung, anderenorts nicht klassifiziert",376,3.0,2.6
2024,Neue Länder ohne Berlin-Ost,DE-EAST,T90-T98,"T90-T98 Folgen von Verletzungen, Vergiftungen und sonstigen Auswirkungen äußerer Ursachen",80,0.6,0.5
2024,Neue Länder ohne Berlin-Ost,DE-EAST,U00-U99,U00-U99 Schlüsselnummern für besondere Zwecke,1982,15.9,13.0
2024,Neue Länder ohne Berlin-Ost,DE-EAST,U00-U49,U00-U49 Vorläufige Zuordnungen für Krankheiten mit unklarer Ätiologie und nicht belegte Schlüsselnummern,1982,15.9,13.0
